编号,用户名,密码,姓名,性别,出生日期,身份证号,手机号码
k0keoyoDm,79822997549,874370198808094781,19880809,宿淼淼,1,女,411ee9c97bb209ae6e24ae25fdf8e1db
熊宏大,239965199908155176,男,75269849712,19990815,lixiuzhen,2,51852d5a21bd3b1e44060138601030ec
沈修雅,19810628,75330507768,NuuuNyakim,19506219810628935X,男,3,1fbce025e59caaccb4778675cf83cc15
yangxiulan,4,81a9427fc159bf84678029a31af4c59a,75244508302,男,305833198308011471,19830801,费伟
苗博雅,463645199705255834,5,51a34524fc836081bf4df99630159736,73987728298,男,wangguifangHexman,19970525
19960131,924155199601314315,连颁,zhangwen0day,77888164510,0b6d99434289e880da09aed87a97b227,男,6
20181018,7,79030114068,BendawangOrleven,空相康时,b08eedcb6028bdc3595069452c718135,女,390648201810185346
19830713,古琩,8,75204571439,女,leanoteFirmy,16894eff04a3d8ec54438828d31499d7,800619198307131784
77704520090616433X,男,公双玉,20090616,backcover7,79516871949,9,55797147610c705c2dd131701489cf27
wangling,19830628,080708198306287615,10,78499271029,15262d0d4a9dd33ffe89b043d2ccbdab,男,俞雅阳
9b095ba490f291b015d48ec1a768fcd4,044065201506116765,女,阙沅,chenjinghexlt,78586414238,20150611,11
12,20141018,75829931310,74bf09137822f1d0214b5d18c7aa367a,401805201410189857,后彦露,男,PolarisLab
男,13,79322921192,05638920180403761X,20180403,LittenFisheraustfishsouthseast,5ca60531e5c14bc8c4dc52a24a60f796,钭野云
茹志业,女,yanglinWfzsec,246486198404113625,8d21eab0a76c87009a52b22e4c7453e2,19840411,14,73933102725
米澜,男,ch1ng,15,657702201702224877,78723971697,20170222,12521b0a3e84933fa17b8359f0faf2c7
bertramc0aKarmA,16,484920197807276948,景幻珊,79537713706,女,19780727,08d56aad4908a92c16cf526f00e6f9f3
男,888e0d8c0f771cb73c759b9e9019f022,111798199001126715,J0k3rChu,19900112,77324703300,17,师哲茂
柏清妍,77878225958,18,fccde7439b03dd1b0cfe062feee3763b,20130608,456518201306082450,cal1zeroyu,男
19,a1ca5a3142f13400f33ea833e284429f,20020327,戌贞,lucifaer,女,77538760946,470043200203270865
20,女,5af20be03532297bd226f07f1e10a93b,331753198001200421,lc4tVirtua1,74030554029,19800120,明岚
男,21,57337020180903875X,1297c39b83ce19d39c4a8f6ca8abd96b,叔促秀英,liuhong,73920317234,20180903
22,415374197102215736,19710221,男,75594348864,4dd1b09e2ef67aea6e91651939f1a83a,吕永嘉,r1dd1er
19840407,男,付里俊人,23,05547419840407701X,misiteanquantuandui,142c12ac1f8732078f3cad5c5e40af45,78213744653
贡淑惠,172122199602078175,78773058379,24,男,771d49b85ba7c9959d1bdb64c907d4d9,19960207,machao5alt
20181016,男,禄寒珊,033814201810164236,25,wangjunYunen,79b9a6883decc06c949f637dc6cbce54,79668594338
PolarisLablixia,26,011563199209099651,黄竹悦,73887346180,26f36306b562a0fb7a204959fc865bc0,19920909,男
161618198403274670,f41803ce49cfe93858d9280fb7295fa6,19840327,男,史康时,77506758460,27,K0shl
女,liukai,20150615,28,252808201506153981,74915496527,31fb74a88c2e7e91fefb6a0fab59451e,鱼阳云
29,77234229808,慕可儿,20200621,Balis0ngleixiao,女,454160202006210864,ac016bb8182d4ebb3495286a22023692
庞旁,19881022,fuhei,男,cf9c852b69a0228d3567781de7a59cb9,73164153864,49034319881022705X,30
966741201102041221,女,31,92e062217f148e968dd4557d1065d088,湛秦澈,zhaoxiuying,79501811369,20110204
61ab3a60b12a050b451213c215fce489,20100725,男,左师虚,78871463290,32,blogs,118629201007254177
章仇代云,e4943fcdb7cb90d2d69d8aa3c31cbc27,bywalks,20060408,85953220060408303X,男,33,77836559510
64606419820414822X,女,77723169655,19820414,34,retme7DiShen,姚才哲,bd5c2bb49a457e21079e1e97ada6e740
20060121,75696687564,居宾实,d0cd2693b3506677e4c55e91d6365bff,adm1nzhangshuai,男,35,375075200601218853
73703940581,贾俊才,312165201807060872,20180706,ManassehZhou,男,36,453e41d218e071ccfb2d1c99ce23906a
男,75016789101,莘良翰,a8a832f240be0e97093f7309440b45db,37,453733197703143539,19770314,JoyChou
xiaocaowobokeExOrigin,男,146834200812125512,38,73381203235,钱梓露,20081212,38d3d2ec34719b27dce82d50cb72148a
0a10e3430fa11e67c2b7f076f22688e2,19870215,40667219870215193X,39,inforetme7DiShen,74788587159,蔚暖梦,男
女,78030234341,c0ny1,蓟慧美,19920507,229688199205079169,348e0e5484185c121c24b3334dc6a134,40
41,19930617,Dik1s,男,甘先兰梦,374f6e8bd9b1dbd85c33b7554b3c6f02,74537232322,627191199306178055
peterpan,885269202011093061,78790793103,2bdd19fa639b2500b61671e7952d2d8e,女,逢如馨,42,20201109
95fb95ce968e2f90e8083a7b211ba3c1,蓟馗,20201009,718320202010098817,43,wangdandaybr4ak,男,77321665585
19750619,529483197506193933,男,77387124055,44,71c89d06d3d614258c6ff6260f4ac05b,吉胡瓶,seaiiblog
PoacherXishir,19780216,781430197802160421,74570542083,45,屠岸慧语,940e739d1c6cec6686414d363e3d2dc9,女
f7a95cb16423f6dcbc50849ce07fd98e,女,73797436654,20020219,丘陵暖怡,46,831383200202193664,MediciYan
79975875407,303929199702137375,19970213,bd6a5dc2c125d2ec2e76ae5a9dfbaea6,47,男,MrRdarkeyer,古冶彦珺
19860209,48,女,59e635559dd90802cf28a20eb5b86d36,79952528650,钱三诗,lixiurong,977356198602097783
49,77383860581,20171118,女,mang0,45bb5afeb98bcb1da935c8f0a502b8ee,525370201711180240,叶立轩
尹星,男,xuwei,19860625,4cffd5bb6676378f6ed25f7a203889fc,872364198606253159,50,77802502213
520159198505044979,97db1846570837fce6ff62a408f1c26a,74630140299,男,郏臻晰,51,lishuyingliyun,19850504
6ed61d4b80bb0f81937b32418e98adca,lifengioin,20110920,74009997211,女,930935201109208242,52,信平云
53,663159198304279337,男,91fef459051a8f5f1ed294729f4a7558,MrRdarkeyerliuqiang,78384687691,19830427,顾德佑
公阅乐逸,20040208,54,27c98c32b6acd261fd78c67dd1b8d7c6,75309215845,241702200402085266,女,liuqiang
女,19721012,75138605754,c4481c2122009f8c6687af63ba5136a2,281310197210122123,55,zhaoxiuyingdevelopment,相安和
19840228,07943919840228905X,男,78841747986,8d96f10d2ee28abfeaa2a3a9239dab2b,56,Jarvis,公伯惜
667495201709052229,游翠柔,73096922780,Sheldoncodemonster,5e14492a5a11ee060cdd10f855543de3,20170905,女,57
19820220,公成弘壮,81f2e5d4f9d2b39cd9f77b4dba94228e,58,75053261121,Snowming04,女,715310198202206160
gouchenanquanshiyanshiImagemlt,男,175693201410056938,9d62ba09864f5fa59d6a94ce3a0c0856,77499233331,公施文斌,20141005,59
lc4t,75776525269,614ac7c72e24ff3f38f9f3fc7bdb85ad,60,女,袁自明,10262320150503354X,20150503
2eba75f406851b08bc6f3107a6076c5a,61,733961198007287211,19800728,南郭霆,男,79875306307,vancirvirtua1
northityEvi1cg,216282201202093825,20120209,39b5177e82858ecc5661a2077b58edc3,62,女,邰飞柏,78532117935
男,87542020170825807X,anyuzer0i3,20170825,3f88ab90f5a1ef9bee8eb68a9e8a0da0,63,78850258771,萧俊民
叔促苏微,4f81a88c0c53555e23f7c06f9dab372a,64,72100819990305212X,女,wanglijuan,75540029512,19990305
20200717,1a7b10fbf932dd4cf2f9fc29161ff788,男,WisdomTreewangjianping,刘芬,418752202007175334,65,78816132475
66,男,lichaojgeek,20070612,77119944628,831c9356ab652f35688f0448accabf93,562747200706126117,桂瑞
19950729,73961786080,8ae17e8babaf46f56b8177718d20895b,67,550285199507297070,男,东闾文霞,lichunmei
751984200706020088,女,20070602,Micro8,周铿,74087876708,68,f1bec0c309b22c71f2899ef0dfdfb346
78195550649,e0dd9ec30ca0e07b397f24f4ee06bc45,卢秀珊,女,69,19960924,MuuuNya,954519199609240121
20110111,90fc376b3bd859802e624cb0a01f3e3b,761596201101111278,扶蕊,73243319661,男,70,Decadecom
女,ef09d73fca10398e193c89315fcdf71f,居彭薄,77553831333,797124202005282968,20200528,itxumin,71
e45ff362b4785b9f143e498be6cf4d3c,zhoujingdarkwing,20030606,74518576217,男,72,056657200306060156,尹含文
302084198502143367,73,女,zhouminDecade,73984138643,23555df34f72d48e167ac99e10076a06,19850214,聂高洁
金魁,715310199905262446,女,74,19990526,75986232822,zhangxiulan,9a734edddfc376e9b0fc2516a8547b6e
19731125,290269197311252986,9461f26a1c73e79ef5827634203956c4,冀奇玮,yangjuan,78630504057,75,女
418591199604106619,76,男,2207f8e03c8c639abfede5ae33bf8701,19960410,LANVNAL,75921704020,后沙雨
78318737697,19740721,c8837b23ff8aaa8a2dde915473ce0991,295017197407216485,女,戴语燕,sh1yan,77
144944197911244455,78440320884,c44a471bd78cc6c2fea32b9fe028d30a,乘马缜,19791124,男,78,zhouyong
664262200012229631,男,古里伟毅,dde80c4c3c227ca0411ade3dfe13c4be,20001222,Singll,73108523322,79
cws6,19960908,祖宏逸,75321570527,女,80,0467bde2f3c90a947963fd97e05b9e91,706094199609081261
blog,女,ea231b135bb07cef6d53d3169999329f,汲雅昶,79609575538,81,439371201407080761,20140708
1dcd3c1ad23a29302e4346ade2b1da75,82,XiaoTouMingyo,76621197724,405238199102162036,19910216,禹博厚,男
646907198202022377,c03ced224cca89d49c9a90c3d8e790f4,男,19820202,文呤,Seebug,79972976618,83
675749201505042422,6581918bb2bce427f28ff970ad1ca801,84,贺凌蝶,zhangyun,女,78358367302,20150504
8dc816ceb5ad7417d10b425561115b51,融元明,DarkRayRvn0xsy,20041003,942880200410030063,78047800109,女,85
86,545590200003221166,zeddyu,78694411435,女,ab7d11ba0679b4cdc27962866824ed57,20000322,国康安
79333019693,女,fa61f827f0f5373133b11cc20d835a79,宫成弘,Orlevenpostgresql,87,763225197710246523,19771024
verazuohuawei,88,20021211,75055479554,女,40486320021211686X,8de0645d42cad6e70d7224be98f8c058,步嘉平
苏阿柒,女,19940422,537140199404227744,533752c20a1fb32142349e092d7c0b24,89,hiourlifeevi1cg,75715143000
20070518,db08c48eb34435428cc21a8c5310a89c,女,79027057883,90,949760200705188429,Feei,松蕾
男,79827853512,91,20061118,42eed56d5b7d23bd21f075a36a3d8248,暴大梅,897209200611184870,lixiuying
Orange,女,77591505488,7173e268f6809f243511edf090f6a636,19870520,时兴昌,92,218356198705200522
chenyingpub,女,20050528,71fd3b37beccc04991dee095e14d8fa7,仰雪松,75208555226,672198200505289780,93
ChaMd5yangling,19730228,怀访卉,963318197302284765,女,78799773655,94,b9c93fbdfd2a30504e05d3b0b32307da
女,76728965163,甘芳洲,343340199904015360,Sakuraa7um,95,19990401,510b7d6a542dc0c68449f03ef5540251
528162200404209389,女,96,73988044124,MITREATTCKzhongwenzhanzhangzhiqiang,辛俊风,20040420,28e7c4b92ebfc7b46348dca97c0bc367
权梓云,c3a1f142f5483b870d6b01545898f4a5,19981225,73652002182,blogsjianshu,170804199812254775,97,男
Vicen,c7b764a7acb958c4ccf79bdd828cbd15,19941129,77222514497,099837199411298940,尚智勇,98,女
何成弘,女,jianshu,99,00f94397e3ba9aa6764e7e8c13b97d1e,20100523,74061693135,426754201005234220
pav1zhouli,409425200802101670,公山新语,a3c3fbbb64181ef50fd85a5728deaf33,男,20080210,75748542658,100
136104199702148349,公仲含桃,chenfangiami,女,f13cd049fcf2cf9c7d8e8c3409255732,101,77700443286,19970214
331196200901186482,女,20090118,102,成荇怡,l3m0nXi4or0uji,18a54f3928d5e071c832a7b4d61d64e8,73004930951
103,19930617,qiyuehuo,76714747568,伏冰夏,be322c30770e478ce4a1a409ba255fd4,女,824943199306176321
963845199507236682,104,蒯奇伟,73112488510,19950723,3056395a1c61af58bdf43bf886da3fef,winli4n0,女
女,374262197601301861,105,公伯兴言,developyangjuan,a84616cf37840e7ecf35c6372a983944,19760130,73824651686
364839199202278429,77130892280,女,wangshuying,d7217a5903b7880d168e1c445cd7ae84,19920227,106,黄成天
女,Wy,79692860368,20110614,183605201106149169,107,农子菡,a1e03501b8e8b6a68a7be74e95ceb161
女,108,8593cfd7c53fd511f145425159a3417f,78280692819,万宾鸿,Xi4or0ujiMengChen,20160923,322371201609236048
31c71822eeefa2bfb5482301ba16be18,maxiuying,053634202008195679,20200819,蒯高昂,男,73735942136,109
20060920,男,110,1507c3310fe0eaf6d9a41de95ca31f79,78837301899,netliguiying,曹嘉茂,885753200609201378
mlcL0und,22e895fa1329120c2746c2c2ad99a536,20140726,74887320308,暨芮悦,214665201407263019,男,111
Tr3jerCongRong,112,咸雅霜,77635824244,403020197410285059,c60b369d7da2b526c7a5d0e8133f3793,19741028,男
zhanghongmeiyangbin,113,信都欣颖,19771106,410096197711060116,caa4637db79c67b781b93130e956b804,男,77889314657
816ad65e5fa9512df01ef449c2abf7e6,ibey0ndexiahan,768467198912141889,114,女,77551840761,19891214,堵彩
78178825079,男,8e893ae4883b374cd64926c43d44c6d3,巢沛凝,20150622,115,sunxiuyingnotwo1f,954614201506224835
男,081737201104105235,73678233493,9a7dd9d160fc96a07ee57025537cb90a,20110410,zuozuoweilaone,116,周玉珂
男,WinterSunHu3sky,廖方方,79585905677,393906197911193931,117,19791119,1a632b1c62a63a96634c94aa2412b975
chabugwzsite,dcddb75469b4b4875094e14561e573d8,20080618,721534200806182753,118,79868620184,男,郜子蕙
79143346853,19821225,5f52dafad7bad356bdf81465e43e8020,BerTrAMXyntax,边白亦,807038198212251524,女,119
游赐,922731199906040220,19990604,73761562972,女,0adcf6001b2e916f2bf55223bf29f369,120,wangshuzhenEkkkkkkko
男,121,73787093286,467773198905315950,liwen,19890531,7946af5821ac8419bd27f3a7cc674764,越沁媛
74084530905,公冶冰烟,20150529,700facd3cffa325054c9e3ba9b24779e,Misty,122,854553201505291425,女
eafc53718a5b3cc6da0ce9509fd093bf,zhangli,尚飞燕,123,19931006,77533575920,男,705711199310068616
592b60678db4507bbbd80f4bcc9e8c9e,234949201302161817,申盼山,hexincaijijiprojectmoon,124,男,78913976335,20130216
tiantangkongqi4ch12dy,3065a8204a476aa3d41b81d098d332a5,73167182821,366691197405309042,何丘菲,女,125,19740530
19750508,eonew,男,75265416902,126,0f3286b20bb5450f60c5a5635f5bfc88,689471197505086959,柳古香
19760823,男,127,358669197608233730,75051091632,AdogMarblue,cc363900facd76f13d3d5a79104936b7,穿封清奇
959149198908176955,咸雅阳,79665677744,b515a8fdbf2cecc2c08aa46d20ed99e4,128,男,zerokeeperliyuzhen,19890817
苍环,79936255884,129,19860925,754997198609252578,男,mistyfuzzer,74762dc3908609f1a840fc4443459995
130,Jirairya,男,19900711,窦伟才,75568879229,804439199007117158,def0bebbef2cc5de58d5549c2ab7a97c
027391201604223183,2fed75ab369076d6eb6bb41fcda6d61d,20160422,74838050191,女,公罔子实,adm1n,131
78761896270,liumeiwonderkun,750529200510187380,女,132,1bafb3648ef2419be3f5f8880b905c83,20051018,王温茂
133,76669836768,319011197303283055,黎星宇,19730328,sari3l,男,8e19a46025de9ecae4642abb12c16102
19990104,78135823153,134,dr0opDaybr4akring3,盖书蕾,db69490512932838a52f531fccd2b867,988374199901040277,男
135,75650881002,女,200820e3227815ed1756a6b531e7e0d2,683429200705155126,钟坚壁,20070515,chenhui
136,女,阴映萱,79562393960,20010403,752684200104037549,e6e43cea96c9ca1ec213ac62eabbfb57,1aqlostwolf
女,熊英卓,137,20060422,030708200604221041,73194414320,Wins0nmylamour,59b6bc2d43c5445f73de5822e748e917
弘岚翠,88b097271dc6c9c09a7cc2a1f73bdf86,138,女,73151063571,19800111,liyangSeaii,168564198001119028
华崇,73981314707,女,f0030bb11abb6bf213ed53456b3f8a6a,19950821,550860199508217648,stypr,139
020565201801143950,dogNeargle,赖乐荷,75026298895,20180114,男,140,c9ed9a569b337cd8d6aee136cc0f92bd
141,罗鹏鲸,74633619685,tanjiti,女,7705bc8f3cdc9ef1c44a8e8b0addbf13,272372199605315226,19960531
142,上官珍,06453119940629764X,78651472700,女,19940629,177b7e8981775b840e5e289ecb520f09,jiangshuiwangchao
chenmingliuguilan,女,77375305548,386319199310029780,143,19931002,项琼怡,22a44e5b362ffe39ae55f5d954abf895
76696735364,男,84e8fa8e3e36d0572692fc70bfb7d2e6,ZO1RO,144,公之胜花,086302198812148859,19881214
73074753349,男,郝昱瑛,285192198812255910,145,wangjianpingRicky,8d13b9ec03f20ef7ccc798111e6dc10e,19881225
屠琲瓃,liuyumei,6a5e61b5e97c696a8ed7aea6aa418260,77627143632,146,19760707,917537197607071132,男
男,wangpeng,汤浩大,73987774756,19750531,505129197505312417,df0bd74e1c19adb2675f73bae7fd3bc7,147
19710404,fc85462da552b2a57976b11c26079a61,男,75778917264,ProjectMoonXDSEC,扶嫣,92455119710404063X,148
男,liuyunlixiuzhen,19760713,石桂华,3410da9f12d6deb9c0bb5319ec452b90,149,75371441032,912224197607133417
5edfdfbbd201a595979915b60fba9025,付里谷蕊,150,yangling,19930204,558445199302042522,女,77536575602
d4af9e69d6700d1c664846ea651024b6,yangziwenbit4,319058201809022762,151,20180902,束丹丹,73064699661,女
152,女,牧浩思,20180324,79359916278,391869eed033b960af372a5769dcafe7,725381201803242521,Greenmzhangmei
chenjianhua,男,153,19940825,5dc16acbafcdc19d86f110f3a2ccf4ae,靳英锐,79122842998,387018199408255311
154,75077424135,superusern0b0dyCN,cae07c73154535265e7fd6b15e990836,濮静涵,20150106,466544201501066741,女
weilavera,女,厉甫文,155,20050630,e2a6a1ace352668000aed191a817d143,899049200506301248,79581533457
男,292892198912235754,156,堵葛菲,309cf4eafe69a166964059cd36eaba7a,19891223,p0secTuuuNya,78900302486
7e8839755973be7f2095da75c2331b2b,157,phithonChangochen,73161776676,女,丘丽妍婷,000910199206270624,19920627
宁方方,158,75809099193,19931111,034821199311111943,aryb1nzhangyuhua,女,ad1061845944bee79aca587af6514e29
159,74863400822,男,20030314,zhangguizhen,899890200303147930,公齐孟阳,2d3521dcafda2e1fd74cf3011c5db6cb
net9199771p2j,dd494ad0e89f70fef0b2e8bba2079ef9,女,160,035943198204306841,19820430,胥弥德明,79802231536
女,d923b61fa0e096878400f20e31c05741,20071114,78736546771,zhangyuying,和温书,929550200711149349,161
男,Ch1ng,e5fad0b3c02afd58b2537b6704746c3c,79089236192,190449201111231612,20111123,吉胡庆霞,162
74969970053,e4cb73e4584c4a91349e5b132945d9b3,163,893852197610065259,男,19761006,欧兴业,symbo1k0keoyo
女,20141101,74804306741,260644201411011088,164,dd749019cc4405721888892c6d8b6ab1,隗辰,Seebugzhangyuzhen
20100701,165,79072966893,c8e0d57f0792709ca61f9bf0c3a5048a,liuleizhouyong,599134201007016471,男,池同甫
男,760622198803033855,75161571311,libodiaosiguidangbiji,166,柏明德,2bb229fd1719076d7b2d8f615e12593d,19880303
20180305,男,937253201803057211,e1aac72eda7a2dc82c4bb0f7fef4a151,167,peterpan0927,75265020027,慕文柏
1d50bbe2c717cc8ba17b40a65acdedef,168,onlyfree,20030825,女,75316987084,和元思,29547320030825538X
男,b2617e94cd4bd3058883f0bd98fe4a17,XiaoTouMingyozhangtao,77835702897,169,11431919761123113X,元亓绿柏,19761123
170,MrRdarkeyersilver,69938119870531274X,公行莹,501ff9b4baffd6efe79d5bc76e43555f,19870531,女,77683491546
Bendawang,e2ce186a43993b2543a9519d2bd70a9b,171,男,87615320090312543X,73163082601,公荆环,20090312
0b5de470bdace90bd6cfb2541eb79f99,78259119284,sunxiuying,濮艳玲,217155200509176352,男,172,20050917
宿晟,d1efedac98967c05a1d67cb7a75ceb5e,173,20190322,390807201903222445,symbo1Rj45,女,75749971905
78038828036,174,女,28f70deac17ca5dd8c2597187c5fc92c,庄逸馨,19960525,cal1zhengbao,956343199605254383
78848198273,832032198503154540,女,19850315,10f7df2451ae3f3c02d31cbd1ee825f8,莘孺,waitalone,175
77363619729,comuc531954533ea,499865201112295520,20111229,共叔依然,176,9389099ae7b3d644e18db2a8f4176011,女
男,177,Xman,16e89b5686adf67339bec5f71636a007,20131112,同蹄玚,98033120131112633X,78824562003
权越,429635201507259848,mianhuage,20150725,78645484571,60185f5a8a42812189345a88a8439063,女,178
79665149529,403792197305108667,chenpengbalis0ng,储海露,女,19730510,179,cbb13caedc94fb2d9369e556dc5bbb97
accountcn,180,08aa57c284976f98380328ef6adf8c8c,73648206543,19921204,男,183955199212043771,田冕
19820917,181,76669604312,XMUTSECgorgiaxx,贾成周,男,a0381713336d1ea45da51672728b33a2,869002198209170930
182,054039201711083930,wangning,男,郗芳苓,20171108,74644139767,0c5bceb1975cbc2043b630db3440c0e8
677483201712256448,女,濮巍昂,78127299611,Wupcosecwiki,183,20171225,9ea0ac35bd24597c8a1b2b6129e5c0c0
184895199012276147,19901227,公广恬静,女,lijuan,184,3eb8872c69f71b6b451e5b92e3b748e8,73150110833
185,阴睿思,958a326ea530bf43263c834197772e1a,78915147365,男,712871200012117471,qingxuan,20001211
柳敬,liuhualipeng,77514751397,男,600921198805295934,6c0e30500913d3056097477fea706e36,19880529,186
lixiufangGlzjin,男,187,adf4adcefeb95a8286bceeb32537d5ea,77645643992,873290197702014258,田姞,19770201
20081230,188,司徒安雁,lengbaikai,ea48576f30be1669971699c09ad05c94,446781200812302910,男,77448794542
507294199506228739,男,6b911ebe53d99fceb8e615d72492d812,189,万珴,73005410457,19950622,b1gtangJoyChou
19990624,男,cb21699581319c08386714dbc49a271d,301829199906248619,77472563418,吉白蕴涵,190,zhangjingklaus
75756927397,191,19940124,fc728868f0c5ae99ed19191ce1ed670f,4o4notfound,246729199401241465,胡毋义,女
常雅寒,女,192,76648947188,SarielDkingkk,20190430,27ae014ca9422b97cf4175446565da9d,089986201904308765
劳梁,20101224,75691275242,女,193,wangxiuyuncarlstar,497298201012245422,1861057db082f7c9cd1e827fd3d2a3a7
男,19971124,650105199711240510,194,gloxec,蓬选,79309061676,f856a0ec577387da1f52b4dd3d0bc29e
男,20140803,195,73620406410,netfoxishaonv,4f3ce94b2f9d199cc9279a0e5ecc06c2,屠岸叶飞,180369201408031070
196,4dda09c8a7d564fd353f73e12ec3e63e,茅之槐,女,20200520,732459202005209665,wanglanyingsfishlost,77604986454
国银柳,男,19830626,75904934572,197,546434198306266956,cb2e43d863f43d8a94b7f3f0f21ba803,Tiaonmmn
zhangkai,75836848788,男,512573200003021012,20000302,古龙绍元,198,bb50bc023f812405ced1ee9394763c0b
750331198606139763,congrong,288fb8f211fd3b2668fe00939829ac01,74065422972,19860613,199,女,广欣琳
20131023,200,f486199d1c9d1b283401b8c6961d22a0,从绪,76753279047,584867201310239140,brieflyxwangfeng,女
201,091072201409094349,女,79863060972,3cd17408890b8406b43396a110717745,厉刚毅,20140909,Kyrios
1b37e22d02b6c58e4de64418b313dca7,056146200410132862,卫嫣然,20041013,75760245277,女,202,wangxue
7fc117628a7c01adc4d0160e2c656a8a,女,203,591583199512073487,addonauxy,古龙晓,74617455957,19951207
zhangkun,4d5c00290fe96d9839dff1cb18870f07,信平蓝尹,19700810,204,73098430984,678740197008109653,男
男,49725519771002357X,c04057c9b847fe0cbe6977bab4a94f03,205,77451998212,19771002,窦公益,tr3jerjayl1n
男,wangnashentoushidaohang,78107968982,206,万固,051552201311021912,20131102,abe8f2e49bd8c8b4ae56a61417a833bf
19700521,928783197005211371,207,wangyuzhen,a9f0aa2b239136fc328aed6df8791ced,单于夜蓉,男,73666823280
43fd33e3886124ec0143f896f9e99cde,74838269882,男,208,公广熙怡,chenbo,291238198602113557,19860211
40264903a83a334e6c4da89fa4c2de82,76687385777,19950403,苍庭酪,209,781104199504030960,女,bugsafe
19931019,32db281584c19fb8c43bd32045349039,男,506911199310191838,wangshuzhenkerling,77409392908,210,车小妹
曹傲蕾,Xishir,20190407,be493a959d164934ada922efe033f4e1,男,211,75348694302,082455201904076118
950600200710289242,92a5b5ca27c6724cca2a0dd638f3791a,78760091814,212,20071028,女,safeinfo,公阅荷珠
男,847513199907119759,1ee92131d159f550b74dca1ec9cdf905,cool,奚恬萍,78784809215,19990711,213
337474197209197061,女,XMUPh0en1x,214,74519710873,438c513d07e854c87f894ecca5d7f521,19720919,温哲茂
77487743481,1422363f5e8743021a32fe17c5f62a69,252758201005230457,余宜年,男,webmasteronlyfree,215,20100523
男,560685197411244139,19741124,74672000154,liyulan,c12b3c98edae2848c365ee3cce146c21,216,公金馗
19981001,女,78465375660,liujianguoboluochuixue,温冰烟,217,66fdc4e368d0413219147487b07c7a30,853270199810017966
77272895369,479086201104263822,e4ea12c8e0b119b2bc6fd09d550f5658,女,218,20110426,xiaotoumingxujing,信都弘济
乌和惬,男,liupeng,219,2219390d16b2856b74996f7e8c27d6cb,539287197305150052,74077992383,19730515
男,icu,e09c14bb98966fc3c5acd51afc419b39,220,77583679799,901123198701256958,蔡秋英,19870125
493183201108162257,20110816,Bey0ndyangjuan,男,公孟玉轩,221,78178185074,2eda4676a8e5528509ff0c56f4104ecf
qiyouwangguihua,麴承安,19930218,8fd0450046ff92f87b7561c537220287,男,077430199302183712,78888856750,222
20050724,78393481926,公保鹏飞,223,男,lengye,004341200507247234,905017a64c9ea2b7ef32161257d4d01a
b9a4b63ef032dfc9e31f6ba562a54ea7,liguilan,275323202004223641,女,公罔元亮,73226286432,224,20200422
20080205,95605920080205687X,男,4a3b322e60a79539530faad63ee47cc6,saucerman,东陵紊文,225,78914551344
73265843291,男,巴兴生,537051197701242873,19770124,sayhiwangluojiandao,6f057475f97666bfcd86a643fef65884,226
刘冷荷,Southseastliqin,男,273416199304153935,27cb395036cdee99c4a23f3fa1884e4b,19930415,227,77799666518
blogspotVirink,马白曼,78291543098,403529199810266539,228,8444e529dfe0c1b3594595ef868760d9,男,19981026
ae85d7445d5315526ba4e4f64e1f6729,19950827,司空储,testliujun,014189199508279112,229,男,73659015606
74821879152,test2,6b4f231fbf4ed90eef64241a7476ffec,712856198612229676,230,令狐娉,19861222,男
wanggang,231,084858198503234670,75760823875,0cf0e1859f9d3ebfd5dbc54b22c225e1,19850323,男,盖天华
1abc19095493e33f5bc64ede7f569f78,232,男,722916201702211577,20170221,73819989273,caijijihuawen,双水风
233,128886200610268552,20061026,葛朝雨,1211d2c8be6144deb86684c5e31c1039,男,im,73104865831
234,959509199504109073,19950410,a1c77ee71ffb807e763c43b23e41b840,男,lixiumeimochazz,郏光赫,73785633995
惠宏大,19880614,男,liuguizhenBerL1n,74851406034,413a780ef83a7ef1395ffa92b132eb51,235,589290198806141375
236,75867277844,7d0998b152a166fd43887b7242b8c319,huiyipiaoruxue,女,李喆,19960727,230617199607272461
20040831,026366200408315513,73598287513,827ccb0eea8a706c4c34a16891f84e7b,n0b0dyCN,男,游凡,237
73102195358,238,604446197112139655,男,丘丽星驰,19711213,telnet,3ab60bea3f6349fad0487064d19be213
20141126,巨母永贞,239,747864201411260241,77195323840,liuyuhua,女,061027b29478482cd075f227c0591975
79384645941,4f5988a886ce3646c641131737386334,zhangyumeidevelopment,燕蓉城,女,83335520001017828X,240,20001017
f92d2f799879aebff4d726a8d602f68c,75134022690,452141198509289519,zhangxiumeijiangsir,241,19850928,公祖以寒,男
19950617,it,afd33b256e6a880958127bd924c1a38c,公舌白梅,男,77794334914,903630199506176714,242
谭惜雪,73694372773,Xi4or0uji,736071198310084368,19831008,933cf837686cc24e9308062549503d5d,女,243
244,eeecde728af98e82ba20317d20acc67d,sunwei,73722012306,公仇良工,女,975076200604011469,20060401
bloglitao,女,公伯嘉宝,148378197306047685,245,19730604,75122626021,262e37385183669c2051e35859d3e24c
尚知夏,20121106,246,475912201211066542,75743607621,netyiyaaixuexi,e1f96b5e3b63809b3d46690ad927d8b6,女
247,20061117,78866623830,811242200611177941,redrain,女,1f1f378a3e4eb3103c12fb5ef2f68fa6,利容
75979139261,retme7K0shl,19791121,04f36156d3dffc83877d4ae1925d2a34,195564197911212254,韦芬菲,男,248
75919580930,lanzhiEthancck,男,窦颇,19830814,249,944581198308143936,c29934dfbb5bf22a3f8836b3dc304cea
250,249e54ed5db175b2f5c9d99511eec8dd,19870701,劳洮洮,男,77864540317,L4oZu1zhangxue,552310198707012553
4b146321bc940fd76b216c5c314a08fb,75020858582,黄淑惠,958179200701223811,20070122,男,liqiang,251
步涵意,女,894690199311265741,19931126,252,73601762456,yangjingorg,4e028508dcd1e21fc8bfed5afb1dc158
男,220114201802213354,20180221,75980102447,253,sqlserverliuqiang,阙纪颖,2dd42475fb032c9d2d2e81104a848cab
20030928,254,79984215223,294014200309285537,男,38ae5f4ecd7ed5c1f57cecb7e607529c,史莎莎,wangjianjun0x002
19750905,女,255,暴傲霜,222016197509059124,78489264299,onlyfreezhangxiurong,b1f661168f8d070a5aa64eacb5513f12
499500201903154236,男,顾玲,20190315,256,73416680313,dfa1b63cbb7d09eb5902a05ceb5fb2f9,HackSafewangzhidaohanglegendsec
955498198108092534,caucwangyihang,罗和同,ff15017fee9720bd16d74ba59f420c99,78975324780,19810809,男,257
ccf6441038b077b896a915fb72d56f05,19970213,mistyVulkeyChen,79133814649,190085199702134922,寿波光,258,女
男,74683022764,259,12980520000510785X,凤锐逸,20000510,chenbinhl0rey,411cacdbb03e131778e74e6775c65831
260,74884663740,19950628,629213199506289866,f1shCaligoZ,端木浩瀚,671ea38e9ada0bdcb11cf8a22e246173,女
女,公索阳成,7f729cf4606b8451e0c548614c7c3e58,77855607829,147813200011142047,261,lixiulan,20001114
73457582812,262,iretLucien,女,6166995ccda995ae5dc079cc00c553db,20021220,毋欣合,886240200212204564
男,gitbookzhangfan,377592197404052955,21284ba44ca94eccfe24baec859cd676,76794973354,19740405,双鹏池,263
264,男,20010623,蓟明达,51cb247e4a3d9600823df7d96f7ce241,zhangrui,337376200106236816,74031840758
20071007,77323806928,265,男,143030200710073852,Netfairyyangling,游荇怡,b37c11a4d43dc1c48cbcfb0d7b4f4f29
75180868046,70834920130220215X,20130220,男,Ethanwangdan,006113b7f9294e0fa7b5b02b208c0eae,赖云心,266
20080728,73294239960,男,ab8663523c56e6db982e43159d704b95,liupingseaiiblog,599434200807282630,奚向明,267
jearyNorthityN0rth3ty,751095201001226355,男,20100122,df27a3ee3aa585071c29ae3878bc6d25,时听南,268,75252563493
209179198501282776,韶凡梦,r00tSe7en,19850128,269,b22940951439805c05be46b704516abd,78127500587,男
270,贾文漪,19890524,fengzhiqixidi,4559d0ce78ddd23a2f4f7934a70336e5,72425619890524415X,77326513661,男
19810429,男,养安宜,c560dac1d6a6bd44a8d4e0f1263174e4,74956933597,271,059557198104296117,anquangongbanzhuanbijizeddyu
女,272,公祈正雅,665652201508317920,lufeirider,a3023ccfb58dcad311d845530c296bcb,20150831,73361828982
19941221,姚仕,7cfeb1eea0f0f82793d7e07fbef24d02,zhangning,79506898815,885757199412210430,男,273
04d6853c6ad633a5d4238c025e9270fc,787045198503016545,臧雅爱,exp101twoshixiaosan,274,73317579421,女,19850301
2046e8225ccc003d8a024313732c0eb3,rinige,275,袁建元,男,394417198102059254,19810205,79814172921
276,男,容高岑,266346201006273377,lishuhuapwn,20100627,75733308926,7dd75c55c0f3a84969cacc5fcdbbd980
277,19790627,pupilsWing,ce214ca36f4fee4dc74d02db621036d2,男,73763844622,公输峰,587039197906271939
b9e0ae9f626cab9a51aaea5eea30528d,278,汪琴雪,wangxueyuanchang,73900711522,20100227,785767201002278220,女
穿封星宇,49bd5d905abb3e97777aa6d3d13557ee,78178068442,男,279,025161198206213830,19820621,zhanghao
K0rz3n,慕秀秀,20100611,d5ce8126424197acac8a8ba0f54c07f8,035207201006112844,73013908816,280,女
女,195360197201199888,zhanglin,19720119,8d91901142d7a387b87b72ffa79499a7,281,75104659079,俞明熙
女,135543b9fe008527e5e6b394111105dd,冀浩文,20090830,DMliyuzhen,79069854107,282,865394200908303843
315554200904260471,20090426,78692037411,altman,283,男,公刘鹏飞,cfa705fd1537d6f0d28399493fa74e1c
Se7en,20061013,427229200610130481,77254254747,女,284,姚哲彦,ad65cbf05fe63db8b5d1875fc5868ac0
lizhiqiang,20080301,公祈鑫,285,79310323742,25327e68265b1669ff50bf504eb5f812,男,948640200803010817
20180103,521bfa51987196c36b9b49c8e1b308a6,雍建白,lixianggiantbranch,78032460347,286,女,009598201801035644
75077191865,19901216,男,3e4478d3064687d872e6870dc908404f,吕可心,287,Chu,887936199012166574
20160424,liuxia,7a12a47984333222320df4510947fbdd,288,136716201604245434,武菊华,男,73871962261
289,4b7d0e645c832e821b7939db39a4eb59,75880517280,任雅静,20110115,116679201101158247,女,susersJayl1n
19950622,毋萦怀,6b976bbfd51552ce1df93a7e5373602b,020865199506228827,73598196224,290,女,ink
20150720,291,女,岑建华,nMaskzhangying,985295201507206885,75692129712,0a0271138e0e054df7be85ce6cdb6428
男,汪裕梅,7898baf8287fff1a4b244d12d5b5cfb9,20130122,048707201301223258,liuyingkyrios,74725711341,292
be637bd0ba881cfcce72e7e0cdf32c1b,293,19870515,男,73719164424,kctf,708210198705152737,乔弘懿
786208199904220689,鲁伦,76643133750,294,exp101t,19990422,女,a4c37f21b1f50c1eed1709e209ff86c5
158192197911101246,ea32111c04c11e10795c0299211c7744,295,74567333163,女,Patrilicliaoxinxi,屠岸承业,19791110
付马蕴藉,77549793313,liguironglightrains,bf3f28243704c00744ccddb4eddf3865,19771219,296,女,693402197712198367
75199852288,东阳则,579d9ec9d0c3d687aaa91289ac2854e4,890466199509165928,297,zhangyongCytosine,19950916,女
男,298,wangzhiqiang,郝睿好,77752880741,20060427,69614c536816013123da9081d4a0e431,579742200604273075
747191199504270634,74671292057,孙封,impakho,299,19950427,1fe404a0dbabd11e54db30887b0a5773,男
86c883d96c3d9cfe99e07f5686f08876,74895663060,20180929,651496201809298970,Wyzsxsoft,300,男,穆惜寒
EXLaLa,19781031,工尹璇,女,625605197810319125,73037006164,fc4a36d785b1f701d76892f2eb624540,301
device,19940928,易欣欣,17f12a2a7e97d9b31adb61fb14a84107,73539459448,女,577231199409284621,302
20111009,安穆,a88f72ab30d5a3052081a06dce222746,zhangguirong,075800201110091487,303,女,73476482019
20161122,304,290268201611228155,男,37c1ed998ad8981c01160c8ad329f822,75608747552,EXwanglili,连乒
女,159219201010281583,305,穆康健,chybetaliyuzhen,73769537871,8ddcff3a80f4189ca1c9d4d902c3c909,20101028
daolgts,党问梅,d4cf6a57c566c5cd720ae06f6ecf0f8e,女,73026517979,19980829,698884199808292964,306
544406201004017468,a9843c5d1b0592dc744499177632430f,女,307,20100401,78635832460,zer0i3,雷庆霞
308,SycloverSecurity,35091440cdd528260d3e09cf99fb70b3,692389199808196410,19980819,77752257814,从奚瑶,男
980845200909079153,男,梁侪,86ccf37fa7beee356da882b8bdc7120c,chenhongredteamwing,20090907,309,78554044681
幸社,19880205,76617687958,569927198802051372,3f67d7340c85805a8dba0b558cca5474,男,zhangxiurongzeroyu,310
90256fdca34bbdc71bce4d111ab5905a,男,19900216,77364350400,311,古冶雄,Nu1L,610082199002166039
694059200304285738,laucyun,国玲玲,7fabed6b447d03731098c3022a6a4f23,74838921728,20030428,男,312
27630419901205008X,19901205,常尔白,77826870911,313,女,sinaappGuko,1cec2078ac5e66a2e49cd0af7067259e
女,74046747634,0a7eab12631f22aa89286e3a01d3e6d9,r3kapig,314,19911012,754805199110127761,公息夏蓉
wupco,78303753124,389059201904212459,严良策,20190421,315,bf4fc65a70ed8f1794b7e83d3aaf51d7,男
316,19791027,公输向笛,844553197910271830,site,78638897885,男,b48de952ddf8d189826b7f9c0cfd46a0
19980331,317,acf36b109bdd47b2e8dff2c22d3f4f21,77307940186,狄明远,男,201853199803312856,chenchen
邓智敏,SukaraLintomcat,130416197508314988,a045ebbd65a77838d981854288d8bc41,79651790562,女,19750831,318
男,20180608,319,420e4a91aca332c10a7166f01c7940d3,74726008675,池纯洁,318298201806081071,xnianqzhangjianguo
75313178092,bit4wooqingxuan,982208200304099730,糜琳涵,男,1c1f240012245f611009b29c83b3213f,20030409,320
甘宙,男,787831197010020619,321,ShadowGlint,75627993669,bd3d900a977927117a57cb39e081a0e1,19701002
19801004,987731198010049143,ef5dc7594987ae716c740748b805c350,江高扬,Bywalksliujianjun,322,女,77100262951
20170603,蒙宏儒,78292963028,女,a2d8674c8841653aa898664b269dafba,323,zhangjiepzhxbz,658541201706034469
icecolor,19870304,周彬,958552198703045678,324,b45f48bad025c5c208daa3c6161885cb,男,79019014795
484639201501036143,20150103,女,欧听南,75755881289,evalbugtangguo,92e5c4e994f4ec4c01e1c5a60cef015f,325
wanglingsite,326,d4a936d3c1f8a3407e7bcaa15c51f839,78016616818,19990810,瞿惠娅,女,185185199908107944
茹雅惠,73299279441,19881015,327,SarielD,12e3801c1ffa18c9a6f53251b753e1d6,738004198810150335,男
61c29043e676ff948b4131d987a2b540,kingx,75991620895,778123200910241551,男,苗娇,328,20091024
329,luhrey,女,74560663431,99d91a4675ce3b6521ae3f0297857bb5,公之蓉洁,667331198605296841,19860529
73595359624,330,19730605,li4n0,班巍昂,49556419730605202X,女,f528b85820719f8045c19f3037e04080
700031201701080746,331,女,29fadb0167b2f844240a743706131c03,尚子帆,20170108,75107804231,zhangxiuhua
78900564068,19870625,侯海儿,332,男,350342198706251458,4b116636bef2c8bc970aebc69a36d89d,xunmeng
530336201511295638,dfa57317abdc0076a46d5dbc4d73917c,男,E99p1antVenenof7Veneno,孙迈,76632594673,20151129,333
334,panghu,余勇捷,f37cc098514fdfa733bca2bfe2e084c4,男,73993549918,19750127,944353197501275913
74765371668,20171105,452690201711052987,公为凡旋,335,zhangfeng,女,ef6fd7ea5c48c4bba264926e0c004ac7
19930223,972150199302238418,男,946bce21978e28713760a3dadacff74a,336,73865513946,侯凡白,douxiangkeji
公之博达,harold,78059004333,337,女,03d9254717e9c7fc7c45a8d4978b5822,474346200707045062,20070704
767285200509116123,女,勾帝,338,0fe57bac66140b1783a78586c18fc8ee,20050911,onewangguihua,79561736517
19760124,40985719760124186X,女,CDUSECPolarisLab,汲天赋,63d6e0cc452ecb15e589e1158f7bb9dc,77858656936,339
叔孙雨信,74096950371,727692197406165516,男,b82ed4cefcbc99f9688b876e71552a36,zhangxiuhuayangfang,340,19740616
705254199101033719,341,男,75053613068,01d5b1d82952dfc97598c99a7ccf5063,19910103,糜鹏飞,ManassehZhoumicro8
15895320100202291X,20100202,晏笑笑,342,男,zhangleiCosmos,79359746690,1612c87263deb626f9cfd67c76b8d7bb
19790811,266884197908110223,女,343,ac166Tasfa,74795226567,公车高翰,6be18ff19840567cf1b3d8fa31f09e4b
19860507,218762198605076666,79086047539,she1donwoshixiaosan,鲍飞翮,344,女,a1360ca1e4adfeaded1472fde890fa2c
419758199704036414,元新翰,ffd57947958d6be2b300d2afc1d0f11a,19970403,comarchivessnowmingleanote,男,345,76648022315
198113199302120880,女,346,19930212,5df6b7eec308984470c6901c2e96ad8d,wanghongli,75030074405,公输伟彦
公阅晷,yangping,19801019,78230058667,347,b198a2c9931c495722f0b7d1ff6704d5,004702198010198251,男
男,HACHp1,78450270121,邴芮静,348,19761106,6cb0692e5922acb0ce945ec5609eed66,019102197611064135
78443116530,冀嘉志,20130622,349,男,Chusafeinfo,905390201306229510,e6bb33aa312d50dcce975cec90359502
350,合博瑾瑜,75748095755,女,055791200307040867,Wooyaa,47101af90a72b1bf6f93c5ad7cebffa9,20030704
080f7407e98a55f7b856d3debfcb49b7,73601367348,吕凝洁,ohlingeWinter3un,351,912078199311306347,19931130,女
74091798027,19790501,471086197905013958,win,晏建华,01c18a5d302a19fe53dfe2ec752cb355,男,352
男,20170425,扶修文,73819357067,zhangguizhi,677322201704256554,b5b5a2db940f56e6486af8109b3ba4f7,353
e36a2f90240e9e84483504fd4a704452,75969127571,女,354,19721218,lovefengXiaoTouMingyo,马成和,808833197212180920
a2ff4f6af9a3febdda7417e122e35b6c,197960202002181536,355,MediciYanwangdongmei,越雄,79042204629,20200218,男
6b785670590e1cd8ec66dbe250fa4b13,356,qvqxinxianquanzhishiku,74578680908,20140319,083247201403194263,女,傅锐逸
20030112,崔铸,052042200301125482,357,女,woshixiaosan,75729623032,d4f8583ea88e9344b08ad7ca7867dedd
358,73578658110,yangyangkingx,20170403,666283201704037954,男,后柔,dc2b2836079dbdf2b45f541670828440
20130225,女,359,出连康成,387326201302252522,6c55b6c98e9098db42d70eddac0825c8,75095978636,super
78357966237,女,20180121,donot,360,公孙慧颖,750111201801219724,40cac83ab36b9dcc97b31b0a0bae66e5
男,317361200707033012,361,hazzelSingll,77354468338,90d2277dd405997e40a3fe52dffc439f,左人巍昂,20070703
女,78047750306,工偻夏雪,19860524,362,JoyChou93patrilic,622386198605242644,e644b42571f9df575d4fcbdd49c2d184
201695197902235087,wangxia,19790223,78956339540,女,363,1cbf6dac8fb0c41443dcdac13a1311af,班奇逸
男,364,842137199104202457,Map1e,75760427469,ffdc0759d19ea2b22e8dd9df37d08b71,19910420,贾睿广
365,464264200512144883,20051214,wangxulofter,146d04c61428834387fa8bf6919ba786,77535465837,女,明兴生
宁丹琴,20001014,366,830226200010148224,662fd53129db20015d0f8ac95db40401,79866886100,女,semaineblog
876437197303283217,杜夏瑶,男,79885664928,xuminzhangkun,19730328,8a8eba29894ee1ef6d3173f50dfc7c62,367
孙桂芝,net9199771misiteanquantuandui,20191030,708646201910303330,男,3c230b18528104c73b95cc9669e8c4a2,368,73024819210
090317200212013759,20021201,91803b0c38f9e8c9b32ab56e3954aa67,Marszhouyong,牧乐和,369,男,79154352825
635c944efaca7515f3a26014633c1899,73613437119,19770506,liufengyinglalajunNODE,463118197705065955,男,羿曼冬,370
公文君浩,liyuyingzhangxia,479606200507028022,20050702,女,78829719091,738dcda4f94e14f7987518a1f667a116,371
75079843592,382510198811258210,372,璩娘,19881125,39efa8876f782e683f411fbfea4d0bbf,lixia,男
373,8d35b3c13e793d3dbc0d9d6fb5700c80,19700530,男,zhangjing,965287197005304618,桓新知,79859189391
20081226,820932200812267413,374,bd7d4784c539b9b99a3cac4309fdf1fe,78699545050,男,汲珆,evilwing
成彩娟,92ef925be1fa99a5126842374885ff25,78584090694,19801218,hpdogerzhanghongmei,375,13062419801218998X,女
禹恬雅,acheng,156530200708227965,78838011958,女,5690dddfa28ae085d23518a035707282,376,20070822
668261200309022719,20030902,a99112cc1a6475987eac4f03925f3f21,gitbook,377,宁元甲,79627430386,男
20190826,378,77233191208,公刘莉,b68edb0464d3929c13b04a84e89f2681,730717201908260951,wanglijuanklaus,男
626ab0d29c400dc23f41efca9630f427,zhangxuBalis0ng,469588201201075055,单于健柏,男,379,79165727010,20120107
380,78853658565,男,zhanglingVicen,abd2a96ab532c175d2018ad9ede2343e,19811124,伶舟桂华,69581119811124633X
381,973665200307041129,499c23e1e907937db94ca36da9201cef,03i0,77324429869,女,车谷冬,20030704
382,e2862717cf9fdfaffce9e74255f89b6d,004428201505219159,78172882420,鲍草,男,20150521,RajChandelimap
戌采绿,73065765341,19881120,703832198811200161,383,Neargle,1dc443db6d718f4da2d292923cbd7f8b,女
MuuuNyaKyrios,615f6a06965615dbe9db74e2ccd59a02,20120313,072642201203137536,男,左丘乐怡,384,75638057595
19951223,中叔玉宇,73139054776,女,606385199512238249,l0ca1,f35e07495515e7baf83fb07cd338498d,385
30656d6aeabea6e8cc7cbbc2168def32,wangfeiioin,蒋心远,76738302819,19950615,396137199506159863,女,386
ILMI,75253733052,24217620170101043X,利香洁,387,20170101,39aef5b64f7f6ed930c47db3041ff05d,男
司徒劼,78463750822,20010301,liuyingyangbin,2a0342ce070763987b3acf70163cc713,女,388,339598200103015226
男,JrXnmblogsir,19741014,389,古文惠,034612197410145931,75516100890,21430dfe2bb164715052b4fefd579c97
Klaus,98a8b21258158f2e66955b84686be511,19941011,女,390,249278199410113089,滕勇毅,76753594961
753684198912243368,391,幸梦曼,77580524640,女,df3c9553bdc06623c1f5f2316dbebd19,lucifaerFlanker,19891224
20050208,653780200502082481,d5dd05587c965ecb2d1b0466af6bf5e2,392,女,78062315458,huawen,丘陵烨赫
560b49c177a5aaa28261b653c0a5eb1e,女,Atum,工师幻翠,20160426,393,78179823448,790150201604260121
男,efd10bf8d5951b9678aa85a0b1dee988,78126906131,394,金悦帆,19950311,689425199503110653,wangtaoiret
736454199912151548,女,9be61e568bf2aa735367225c226dc6d8,79326004562,395,19991215,51cton0b0dyCN,滕纯洁
BurningCodes,261779199912010987,396,19991201,隆若华,75241020702,ae5d3266b3159b3d14f1be95ea89eecf,女
20030114,76778386266,男,3776b258d8d9aa513ebbc2e35e08c0a0,397,苗纯洁,greenm,362197200301140037
ZeddNiexinming,辛弘深,398,19730822,14be8bcd96df7aef0071b62212d242cb,625879197308226682,74759642680,女
潘瑜莉,651599201704037867,2e1dcb9875dc897f9aa7d76146aee427,20170403,女,399,75926115287,liuyangwangqiang
邹安和,liguihua,400,75563014397,bf68f27280df27b57e5b21d92c940965,女,19840626,176215198406263024
401,ceef2b89856166557d17f7d0368d6f47,Bibi,纪玄,男,08650920140708373X,20140708,78848987724
402,4444e712ca85d47c3622ea2597d2227b,19880814,kyriosklkx,充彩,73931042871,20161119880814731X,男
403,511025198210069378,男,韩沁媛,78959230399,liuyulanxz,90b3acb03d554939651772f1585b77f4,19821006
404,74069329607,253517198810072015,19881007,男,evoA,谢乐志,ddefcaf4c56afb584927737785f1679d
董创,419354201909208972,77336141869,20190920,男,dongztwanghao,ba2c96d513181c9a20dafb5aefc6cf98,405
795745201010023053,男,406,78935847975,程战,sever,20101002,55327c6fd74a0f8121c0522bc3437dd0
20030429,78779800950,171917200304299989,866c7ee013c58f01fa153a8d32c9ed57,407,wangxiuhua,女,殷文石
431463197212155339,bb38b624043e7ab336f2be6791ac88be,男,公保子帆,19721215,408,auxy,75781095060
409,19700824,男,晏元甲,880591197008249032,4o4notfoundlijianhua,78819896296,5b36a084d326ec69a42a847f4bbf8edf
overrainbowjianshu,20120425,容玉萍,ff4ca4c67e08d7521d9be19318a8a10a,836196201204255486,410,74547615540,女
383487202008216837,79033591325,e80178ad9c835b56d2337b279715a117,Winter3unliufang,411,20200821,伍雪艳,男
412,lonelyrainTasfa,f81dbda89197ac11ac00c9156eb8c9aa,19700827,左丘觅翠,161696197008277884,女,73048519750
c6896336744a3ec65310b82d8e370343,20080122,男,奚彦杉,521687200801223377,413,78512676869,notes
巩伯含香,20040904,07253a1b847108e5d4b47e4c8147eabb,m4p1e,74684308753,女,414,633628200409047660
20071017,823272200710175273,Seaii,相阳云,75202321489,415,d44d5d22b453a02420673246c62dea16,男
4245d8e61d89b455dcad8aaaa7a2620c,毛逸美,20050514,男,416,sevck,566387200505148419,77530780785
417,女,d1b5c8134b9b0ae64b9b426caf5b827c,凡闾恨寒,19930813,78886261953,23245919930813176X,wangyuhualishuzhen
73013100346,19940807,叔先惠娅,418,e54e04760aa60e556d5794c81126e241,女,zhangyan,55410819940807618X
419,lixiuhuakingx,74713956959,男,139827197303107917,石素昕,19730310,ed6796dfe9352a3b0fa082667d3411eb
420,79978965370,Muras4kibabyJessica,羿秀珊,e41c29b94f908e20e1d71a180c2ba562,19770106,女,266867197701068447
0h1in9e,934836199312056760,19931205,阚学义,298de889c79114b6eae53c62d042077a,74890533494,421,女
男,20160829,117697201608297119,c7c52882873f48572c2a4874278ac65e,73843779388,phantom0301,通烨伟,422
0xMJliumei,76731443101,352030201311307714,20131130,423,闻博实,男,479d1c00727ae279e407e977c1f23404
424,男,菱安国,Kirinsay,74737530513,549888199603208451,761c5ab945d6c4bf98881b78402d9599,19960320
io,男,425,172019198808104473,韩智明,79607592197,19880810,4adc271408cc67a795f32778530087af
426,40946f99b8386c1cf611299ddb4c309c,78903560425,bPJoanna,20090109,816906200901099416,男,江蔓
宿甫文,男,159452199602163174,passer6y,73084045738,427,19960216,f8153db8aa32603d6e47fd063ba5ea41
a7f865ce66ea95efb288b8c042f16b88,男,卓雯,86412219811029821X,Time,77874811626,19811029,428
zhangliangScarletF,76649756370,795839201203286325,20120328,工尹瑾瑜,3097c5642d73696687ff7b88f470b62f,429,女
20030416,冉访蕊,544641200304161950,b49bdcb8d378dfb371e62c368f919d68,男,430,78118699259,limingPeterpan0927
19881030,76784842489,431,p4nda,333392198810301665,77967cb4803fbd31a60aaedc7c376fdf,女,巴力行
514093201008281360,古龙宏茂,20100828,女,931ba5b530958f992be93f8b85e3dcd2,432,zjicmDarkWinggaofeng,79567957676
433,19880519,78088309449,174965198805190272,HackSafewangzhidaohangJarvis,公扈许洌,男,b4ad60ad10c1d149793d8d593a974ff4
79327250451,贾清嘉,c2ab58153edd2910bf1a8e2c9962e6ac,302036198209191350,男,19820919,oschina,434
8fa904f1b85684641e29c0650ea11b5e,19981013,234547199810139275,changochen,函井宇,435,男,74728941795
78043855945,女,436,wangxiuronghackingarticles,9c4afbf479251bc772c6e94464ed0731,20060227,553091200602275341,牧奇水
19761103,MagicZeromongodb,437,76771205397,ec92d8abb043c4cb534361443129cc00,305209197611037415,时修德,男
438,男,yemoli,暴飞翮,195629197108172755,f0ae03b5a8f142094199ff13cb264a38,19710817,74525535990
邹承文,62026aaed5419a1ceaa229bf6886443e,男,79802072847,ExiaHan,527333199711126914,19971112,439
SukaraLin,74827718379,8908446382e19497b9b6d84383b0e244,19790122,854980197901228219,男,终珠,440
孙冷亦,878027200503178018,be1c645c0906338582e0cd710cb781d4,441,yuanchang,20050317,79664767375,男
3db4ae074a82572f3023cdbabb94a20d,单于高扬,20050327,228578200503271112,442,男,Twosmi1e,79162158404
屋户倝,19790923,3c18d9ff418caad7caf710c4915436f3,79332911361,160510197909237840,ba0zi,女,443
公群奕叶,a1318af97d155d6bc818c142ac682d8d,444,mapleVancir,78514576536,女,322736197703191521,19770319
屈初彤,445,男,76714292476,carlstar,339863199612019453,2e3c77705d6df174d17aa0174363c360,19961201
446,石欣愉,097663201402149249,20140214,女,c9e8bde2288e032514915733c68e6d98,77335333291,liumei
公孙俊爽,73540867276,230749200805028111,447,ffb785c927232e7be54378ad865e4adf,男,liuhuanblog,20080502
73603559526,863563198402207314,19840220,19b8acdf164c0b3797c1f80d3194c5ef,jiangsir,448,窦公妙珍,男
男,011166199711144873,RickyHaochenxiuying,77345727211,6807c5887e6f00abe93a24e98a6fd71c,449,19971114,桂博厚
632910200606010957,20060601,77183405049,穆素欣,yangyan,男,450,93ca8dcaa6efe12d6c1b8a98e6215e18
wangyang,451,20040517,公檮旲,469934200405177115,bc453b03a6fef4c77be341daf2779419,男,78282684582
wangshuai,215980198608219088,452,杨沧,9ed139ac48b587310b69cd8e332fff44,78776150845,19860821,女
寿润洁,622c84d6fbb6b9c70ca91f2b4c06dec8,704837198606028457,19860602,73483064871,453,zhaowei,男
harolddongnandaxuewangluoanquanlianmeng,454,女,987135201004050049,75532479927,421bc0866fd48c2f380e6c4d7c628c98,米鸿朗,20100405
20070830,wikijoychou,女,0408e1b12ffb63c4eb7e4b157b523780,532117200708309842,455,仰翠曼,77870343326
浦梁,19740718,456,zhangpeng,615761197407181386,5acb7d47a6919bf863f4aee70c7848fb,女,75680659993
400066199706178741,19970617,hackeryunenink,aae8680ff62833e3cd99115408dd3b3d,77413581195,韦书雪,457,女
邬烨烨,女,458,lorexxartangguo,20200207,73059472826,854192202002073984,5e78617d60944527ca9b0f348e5abf29
项宜修,男,681879201007146634,366c6dc765f8ddf156c1b3482cfcbbc7,78978397972,test,20100714,459
女,ph0en1x,20010303,560169200103034241,桓锦曦,74655195677,7c6072b5b3e947caa90f10534192ddc2,460
19990328,女,公旅诗茹,192648199903282561,p0desta,7d49cd452ae02f30c5ef9e0711e3fe90,74578491484,461
gxgoodboyred,462,66e431d539563efa4f11339d97f99a65,男,73171553820,19790516,938910197905166953,丌官好
19890202,463,73527157033,叔先琩,641587198902026024,af1403e45e25d5cf4d129644aea704e9,liweiGroupT00,女
464,廉静芙,男,20061107,839516200611070153,73660252205,Greenm,2cf42c2527af6c507140ed00e40c2092
4f02e076340f96b1135f4e356e38e6a0,男,73457132440,20100517,chenyong,934428201005170174,翟冷荷,465
公刘毅然,73135744381,hackdogzer0i3,103110199802244548,19980224,466,d45dd331e94524bff8e15b14b1118f90,女
467,20010125,7bc16d8f67f52d74f0fc2df48096204a,慎正文,247437200101257115,男,74662398802,mengsec
866117199703193670,76641937778,元龙艳,19970319,男,468,67d6f3e3a65e9abfbf80dac6813750ec,anquanwu
77234136042,81ca05ebf2894c9a976c7d659de75fee,DmNeargle,女,377679201206272141,熊兴文,20120627,469
365830200102226719,78419902923,男,谈怀柔,712199d88c1d3b4435af69f061e87f23,20010222,weilaveraftp,470
74614208716,ce523c175ed1367b247569d69947175b,明淑,comu121bf0f6b3d2,222912198308180911,19830818,471,男
19710310,79095907691,472,男,61440019710310607X,guochandaxiongmaozhangna,af99dabfb46ede5a71864ca5d08a390e,工尹高芬
20160717,5e3d74105db249a407ce59f2e508b8ad,77879110925,181736201607179778,smi1e,男,蒙双儿,473
女,20000904,474,397719200009048720,CDUSECzhangguiying,75623544171,5b0c43268600c229f393af1a0475f429,李达
a4fc5cd539f9c9506555da15e0720e0a,20081011,红德元,男,wangxiuzhen,931215200810117114,475,73815168806
73191854491,男,678730201107121638,lcxneargle,禄芳林,3f86f683a597bcbb8d413aacd421fe91,20110712,476
261119199105030851,19910503,gouchenanquanshiyanshiliuwei,fee0d19ce22364d4452b657aacf5f0f6,男,477,76675032088,孟翠容
anquanquan,79327588941,03c00d176ea383a207501718438f487b,19931223,928358199312231226,478,戈鸿羽,女
79830079064,穆山柏,女,479,20120122,yugod,043110201201225281,a81c24a29ebaca6e15a14e2ca3fdb715
戴兴腾,187546201602287929,wanghui,58f2754128c447e9ebe23db45f33e6ba,480,78394803492,女,20160228
xssavleavesongs,481,孔祥,369138201406012649,61aae9d558c919f8fa09b5e10d62ee5e,20140601,女,73909361720
19851016,74976413788,Patrilic,355120198510166521,女,732ec62a9fe4b6f872f34cb0eba1603d,482,糜立婷
781570199404067235,483,19940406,79108490363,baf66c9a114001fb17958fe3ebe35d98,毕甄梨,男,mylamourgxgoodboy
d5bb091900e21c088a3a2d74e33d9017,75062882178,chiahaoavfisher,19740913,719940197409133827,484,公旗奇逸,女
20200725,75880552159,485,养瑾,f88609b9ef67a0ed4a2c97006b41f01c,男,980718202007254631,ayedevice
阎幻柏,20190328,女,486,77382542194,718091201903286326,b66f59bd70d359b447c7f3f7ec0a9b5c,netblog
487,eabef1c9f2244e81023501a1d4f7c1fe,男,19790706,289722197907063359,左人成益,74636645602,telnetwangfei
20191205,488,271456201912050015,75837071511,0e0ee4bb3ce2d927a36d0603d27d29ea,工娄丽,男,wangaichenyulan
男,489,19900212,厨人承文,918102199002128771,ff0d582a000b19f52be72113f640db3b,ShadowGlintlijing,75700129565
77121791652,018053201308024379,陆华清,ff7cc2ae8a6076dea4d999e8530227de,20130802,490,男,misiteanquantuanduizhangguizhi
男,n0b0dysm0nk,371829197810221757,73672562148,温德华,491,19781022,b2023820a60123ef4e6869bacaf7d90c
zhangqiang,19990514,492,男,997399199905147432,873397ad4b9fcc2dc4b2778e0fc24ea9,屯浑绿,77123783569
19850401,75560244203,493,406537fedced5a4541f86f7d3bde1fc9,ILMIligang,847400198504011784,女,廖峻
lidandanDarkRay,494,75678019432,4fd4d4e494662bcae5194fb73e977c45,女,871599201501164488,周阳冰,20150116
女,公若修远,495,74e0d7b25809071491c394960cf35004,Gorgiaspolarislab,19710817,79355528260,279194197108172062
496,燕彤蕊,33df010c0bab7680be365976d5cc2738,男,78308843296,adm1ny11en,20081108,157501200811082919
b81cd27c574ac42515687abfbf776001,19960907,zhangxiurong,卓鸣玉,497,028979199609074243,女,79065559274
男,K6zhangfeng,79822413284,498,19720820,01157901cd4b6151a9a3561859546c3c,70476619720820367X,屋户源
806272201504305528,20150430,499,lmxspaceleqingxiaojunjie,78935056682,浦宾鸿,女,499dfaf9cbfde4b93d8f64e19e97cd3a
500,757153200903191123,20d0d5221235a599bf4450834087104b,20090319,鲍含双,kyriosdog,女,74980565783
女,74594376204,ce66b6bdb03efadcb8749a905bd23224,501,19920405,282558199204059845,龙勇,run
19751005,77678964685,女,wangguirongzhang,1c29e23b5dbe9443aa4d2e4a2ed92459,潘霓云,502,672789197510051349
503,75767515316,b32234ea2c5e229801e44ae0194cd58c,19801004,12033719801004457X,男,公师曼珠,wangping
女,e57cca01b08f13b1b5fba64c5e3d03d4,l1nk3rbackCover7,504,75752935700,437014199303143849,19930314,邓雨旋
505,男,慎玲娇,pzhxbz,20190228,75316128008,295887201902283038,c677cff7276d6bfbc65eeb68f74022b1
c408ec9b169e42e7368527b2197ec5ff,36058119920802131X,孟蓉洁,男,73852487371,HackSafewangzhidaohang,506,19920802
女,507,liuyang,20071214,73414599318,9e518b36c2d9485c7d5b234c35785a52,988171200712143926,公胜雁风
508,19970218,邰八雪,778224199702184683,女,9174e5b543aa4e8fdc07cc9dae7b5c80,73074021322,wanglanyingcongrong
男,屠殷漓,509,169379199811190079,xiaozhi,78419538205,4ce291072b64f1ddc66e850843e0e9d5,19981119
542417197303048844,510,lixuemeithief,b9bf4e6d3e86e6a7e890dbf3b5d17bc5,女,仲孙阳炎,19730304,75575295097
079422197809138411,twosmi1e,77417278148,男,511,19780913,9f113df134993a36ce0cb7d690fd5872,司欣美
503f85a49f4d9a007454e455580c6430,73896744238,女,19911105,lufe1,公群浩旷,708684199111054743,512
woshixiaosanohlinge,闻英锐,769751198109088771,男,19810908,837a5ceccd62a353fe60bc4d381967d4,78939714915,513
连漩沐,500917198402196335,男,514,yuag,19840219,75512870632,89b9d22bef4d94ce070f35c9e78ea172
bdf299acb071b23115c1dc37511e5549,袁飞鸿,zhangdanadmin8,515,19950827,男,869590199508278259,77255235447
516,19920802,lovei,b17900c5e1fd5579cab16441dd44ee76,安秉文,271156199208021580,女,75672356168
79542578623,女,682174197509193360,wutongbaikeThunderJie,19750919,5309e4ddeacb590489b6f30cc624a4e0,517,勾晴霞
19740506,女,钱轼,Lucien,518,279959197405066260,0db647b50a33e64a3a90c24623a98620,75267089027
545098201411071222,519,女,鲁爱琴,77297638458,57f5f225a33b0e4c0ebda0d509675b87,evoAspoock,20141107
ed2c30f637528710fc60db5d5ed32b96,78744596656,20040914,厨人春娇,男,liuhao,941810200409145074,520
79158993259,19730130,凤高妍,c69c64440c7a64c6a7ebd4941b89aed2,023028197301304281,pa55w0rd,521,女
egguncleliuping,537980200712280811,73016726276,5341b56d56f4c8c3fe9e25941c807015,20071228,钟心远,522,男
zhanghaiyan,男,20080529,d1c841710d794628c89571da0a1c13aa,庞魁,673936200805297817,523,74904835975
wangluojinglingchenhua,女,20100615,2f77954a6d4ab06a6994402abf3186ae,古子瑜,097167201006156883,78568055777,524
foxishaonv,246a72c16e733ffe5909cfb3684879dc,19820825,傅谷丝,520118198208253929,女,525,75106911270
75981927249,5ba00bf0d3891bc04d960c29c557917e,池安宜,526,liujingdevsql,764498198506039580,19850603,女
公广娣,20200522,男,411287202005228419,78864683395,2729583f789cb155021d5d42377891f5,lihuaiqiu,527
651e4564c42284eb65cc3649b12ec7f5,司格格,19740225,75954148234,男,xumincode2sec,440997197402254970,528
northityliaoxinxi,19800418,工师爽,男,529,5bb6605773bfb77ec536d299f44aacbb,78750908818,930874198004183338
1ce8bc2a4ca70d8acbf95fb99b1a75d9,男,20200809,76731811218,evalbug,双明轩,58843620200809953X,530
女,0eadf0b4c4e42c4d2b1b1ee7aada8bda,公施昊空,210697200110319627,20011031,lijianhuahacktech,531,78171185813
532,liujiePasser6y,79197025603,谈贞怡,20181006,135924201810063324,9c697b6056723d5cc4e84cbfc402f55a,女
胜屠梅风,43813720060511031X,Geeznet9199771,75886814739,20060511,533,49f9ca0f2bb5f55334a6b04ddc3b0eb7,男
235066201109116246,fee85cdb685e7cb2d575da8a8aaaf5ad,qihoo,534,女,公师鹏涛,20110911,77742155152
158b7c6151d752f3f21e8712169e2935,男,131375200805065252,20080506,75016258857,535,Xmanlcx,黎安晏
536,19750221,secice,男,74880493374,333454197502212030,8bd0b7f2905855c7dc3fcd497bd6a683,汤伟茂
7f80a3aa3391fe2929f365b3b51ab24f,19700426,yangtao,即墨楚楚,女,266476197004269483,537,73823608283
538,男,郁叔,5f86ee8ae442aed105e24eca8d9ee765,435505200307157871,74636922925,imlonghao,20030715
74756040799,d4c19288a976dbf5d6831b318f70419c,539,男,yangxiuzhen,899480199010305018,班翠岚,19901030
19801014,73206080813,540,相幻丝,744422198010140414,bertramcweilavera,ca3ac24d826802559fc6d17af967f53c,男
b4464ef285735e8a158d02fcd6532e71,78642691394,女,541,19750409,663608197504097362,Notwo1fNotwolf,闻端懿
3c086f596b4aee58e1d71b3626fefc87,女,20181119,73080950737,196320201811196069,542,saurendaxiaLcy,侯玲
bfb5c568d58a15da4d298ae63b493029,79852015106,19830828,伊影梅,28288519830828495X,543,zhangfenglmxspace,男
544,SakuraFeei,20201027,77520915738,安思琪,08a01e43f25bd24201b46f609a407423,男,860788202010273739
19880808,xmutsecyuag,545,191a8ea5cf934e3bf54dbe9637f454dc,944005198808080253,利丰熙,男,74863623941
546,男,73268279923,017d817d57fd3e708209e088b36ec0b5,1aq,丌官元德,278677201110275772,20111027
郏孒凡,zhijielinkarticles,女,dfc4e6434accd4c22161062d98f42a21,75356081028,547,19900210,934553199002101183
19940216,李心,feeiwoshixiaosan,548,女,bdafee742b6fc7bc87bb4caff3b4f05d,42428219940216156X,79193294286
姜梁,52085320031030534X,9b5219bfb4de301c79b7589b6b046b29,20031030,女,Lteam,73781190339,549
华胥陶然,男,894819199202095479,19920209,73503112884,sycsecgeeeez,550,69c3de2a66ef72a588bef6c15d321376
118178201306146934,74569396486,laworiginzhangyuzhen,段永福,551,dee24da71d7d1b3948f0f2fb0344c665,男,20130614
Hexman,552,b6b0349daf8cab9cbbf07733199ad5ad,男,459332198004249635,19800424,79349639386,赖尔芙
20150501,75501548419,公刘宜,男,297789201505019857,38eb2de406e3584f36a4671ee45e77c0,nianqian,553
19750102,seebug,fa5a6bd48a67a9886c5c39656763582b,芮高达,554,222402197501023147,76627623595,女
v0wlnyas,555,73027239974,付马锐志,20090620,e7e062e63da2e59f327ad905f1e312e7,131453200906201257,男
女,537687201307099982,79680659780,26f043a375dd5e575b3b770d0069a609,20130709,556,卢妃冬灵,wangyong
20170210,女,信都文丽,78502380734,libing,63844ea390d6d0af58b36bc0bbc196da,557,159283201702101468
75795415111,ibey0ndYokeen,19800522,公车绮梅,86418fcb9b32fe080fad37c4cbf0d261,074886198005226014,男,558
6666caf2a46d7a2c735f5a3f8b25a21a,19890225,559,古冶向晨,061147198902257630,男,lihuiRj45,79088996212
厉森莉,女,20130415,e67ee80bd316d7b083415bd7fe379f99,mrxnxunmeng,77270806612,560,649395201304158749
男,孔语儿,19800715,561,2ccc1b2e214abb854b183e40aea6f431,962467198007154059,darkr4y,73227617615
20180305,77833367698,581445201803050722,左丘兴旺,女,appleu0wangshuai,562,315cd0f681a312511a91222e201f0fdf
Snowming,563,77203289618,男,ea051928caf84d26cf38a94771da2a95,19711030,586734197110306476,茹芝兰
75166519931228993X,男,564,18f4701f5fe98b9624d64ad4752552a7,sycsecbigtang,公若弘业,77276478725,19931228
167475200407083136,Jearyzhaoyong,c95319f31001c03f7e55485e5d3b378a,20040708,男,565,75758480035,步姣姣
jisec,甘先安娴,936692200105263772,566,73505442187,男,9809eac0a881b7d53d9d5987868f879b,20010526
男,567,rcoil,19840617,公行星宸,a907b99da75b513fa92160428a280cc6,872469198406172335,76682633409
254194200009057620,许韵,568,lightlessnetyiyaaixuexi,74819706931,女,4e59341122e74d6ddfbfe32886c53fb7,20000905
男,1914817e9989e7b872345f97cf190ade,ibey0nd,569,31896519750808433X,19750808,贝荔,75354119020
78166505810,19800919,570,m3lon,013af38d2723edd715049cfe3ae075b1,647991198009193876,利怡畅,男
666116201402250850,男,77170990437,b72ec6af533146d97d3ff762eb622ba1,571,工娄晓灵,3gstudentGinove,20140225
845011201903275250,男,572,77354320113,20190327,仲长青木,Muras4kibabyJessicasouthseast,fac659ed5eb010c8369b35787728216b
寿佩杉,LonelyRainxishir,女,454771200302198727,81dceb0b28675aa135ded8369c502e9d,73679499201,573,20030219
topsecspace,574,75718525393,19791207,男,傅庆,764689197912077419,82512ba4cdea434cd4281b11427e9d69
男,575,73134013392,19800111,杜凤歌,392825198001115819,ef7f49d3f2cd4c18ee34665a1df44ce6,pubxinxianquanzhishiku
74992246383,20030808,918001200308089430,男,netwhklhhhh,鲍丽,c8a33e54ffe8bf4ca026f59eceeeb586,576
73063982176,Pa55w0rdph0rse,19990521,028664199905217033,男,577,乔寒梦,b3332211b865e21a07b7877023ca61f3
578,男,comubf30f18c872cfirebroo,屠子昂,19730808,bd5a079baa20a4ad993a3082621430cd,73009893705,00416919730808025X
579,bae9e156c76f5f3e55322f7b5143945e,19930803,男,792107199308038051,79626046757,chenyuying,郏鸿熙
projectmoon,580,038966198410093741,0d3f72e94c8bd3069e695937ece5c39e,77195021137,公施慧心,19841009,女
Apengdesign,634740a6a63a648c82cda5d83853123a,20010205,宁成,77468537422,581,655628200102058889,女
233110200609224021,582,胥弥冬,itHone,20060922,73519137284,女,9bdf23f734ed034a0547a471b475a749
ff3dd6898dfa5102957d7abb6d27cced,廖华乐,ph0rseorange,75932985137,男,583,19840914,571300198409141031
584,20081208,男,640632200812089936,59dc2c3921372dd78bc538c65a4b8b70,宓以云,77751333090,StoneMoekn0ck
628185197301201433,盖涵菡,585,19730120,男,LittenFisheraustfish,75017277804,91afd1ff043b7867fa939d52d7a396ba
847250200602087224,76756630257,女,宓初蝶,BerTrAM,20060208,9f40cdf00c0852ffbeae66a39bf9b805,586
78497787160,女,慕银,289687197009261524,711e3b10bb314d3defeea81f5798fc2e,19700926,587,zo1ro7o8v
瞿僳,idogezhangchunmei,20120723,256410201207233942,588,女,16f2aaa0cea9f7a7404f5f9af9fa09b3,77161071635
589,男,demo,20011224,76647920011224615X,东宫箫吟,bd98c6c60c4aa2a220f3b5b3ce7dd2bd,78872833398
韦白梦,79502390342,590,chenlingxnianq,82ecfa1f6ed76afbe417fbc262ddef2e,20000618,748818200006185872,男
公施娜兰,8108d7fba91ed37df5762b78a65295ea,963345201703092738,20170309,79021051433,591,男,wangluojinglingn0tr00t
20110425,冬日安娜,wangyanguest,74872837981,133816201104256965,e907b0aee1cd79b5f1e0cdcd1cef26d4,女,592
593,78181864450,304852200402254814,20040225,82e83745159f3bd206e612ca4f2e4811,男,Nearglewhereisk0shl,漕艺
盖霞辉,594,19870313,75864227868,LoRexxar,7ffac3fdc46d72f253ab7a369c8c56ab,男,900215198703138175
何品韵,502280197806206214,男,74917719478,silver,082f2a0da3c293f1adf1e1b94e97c9c2,19780620,595
74686977970,596,刘依婷,6757a50f7689ee758d527045eb5ca768,44847120171125665X,momomoxiaoxiwangying,男,20171125
358551198805078122,1c885e23b850f482244d2d726dccdf19,女,19880507,597,76628766120,patrilic,毕伦
923020201508244061,79147460167,20150824,145219a2370a7065764137187ad8a2ac,张彰,Kirins,女,598
75587261704,387831199706218716,chenguilantonghua,599,男,10a3c378ee0d0aafd69da02b9d898f66,蒲红,19970621
男,79304628848,19991215,883109375d8a298cd8eadc0c9d2f590e,786780199912155678,利平良,600,wangguiying
601,暨玉英,e31af8c16ea026437fb74ca7d7820393,女,19720928,75997252471,54002819720928052X,cobbr
75180013605,602,9c85130dff2eea89838c9a738f2d9240,男,20201216,605613202012169636,侍其岚裳,moxiaoxi
东乡平露,19751231,73075168297,24e279a2b9cefd0ff8410f3d310d4524,yangjing,852821197512318977,男,603
34683919930804037X,19930804,男,wxyveritas501,78298810617,叔先辰,604,19dd81ed03eb0a11517bc89e94ada752
禄慧云,19871023,7e921f872f1069b51d1316dc6a06acf9,女,153673198710238463,78175323762,omaebic,605
79818893459,隆梦桐,女,606,974257198912257285,liuyulan,19891225,fcea1281e9b834ab67f979964689d7ce
dwfault,20010416,逯依心,77542019803,c3544c264bd4f91fbba1f664e211aa9d,607,689640200104168444,女
552ee4a09c3e94cea517b3c10e4bd6c6,763906198808032543,608,zeroyu,78658361234,19880803,上官维娟,女
女,79556070494,410200201903177949,ff164cc6f2f04c1dff9fcc8b785868ea,609,20190317,ExOrigin,花畴
74074339861,tanjitifengzhiqixidi,580917201307121676,610,阴靖柔,男,eb57aad0b2f9dd728ee42f0520bac0a0,20130712
96260919700324405X,禹倡,男,19700324,611,rj45mpdr0opDaybr4ak,73284421924,d084158e3bcf3aaf5aa3b648fa38d60f
297a8ba397e33a95a7496234624188a9,889775198004110467,78397455886,程闻,Ph0rse,612,女,19800411
3768514a38d943f2bc5f89250e510fa3,向柔怀,244507201004225153,613,yangwei,78178858916,20100422,男
75793798363,19780304,ef1803234bb67132c3b2d522402d6e96,398095197803040376,戈经略,0day5Auxy233,614,男
史经艺,20190909,女,5736af3b09c27d31b18db87517d9b362,779549201909091040,75025698926,donotoschina,615
20060816,蔚书芹,singlldevsql,73611673081,男,3bf008211b6c82912702e250877d279b,839663200608168037,616
融朋兴,617,女,132147198405076483,sanhaoxueshengHappyTreeFriend,56f939e4db41f0e079e10c86de901a9c,73233630017,19840507
618,73082406341,20181221,女,kirinsayspoock,时博超,186347201812218125,29d42158b692dbbee5d133303641053b
79975881328,女,004458201103214425,公胜如仪,827d5cac3589e50ddbb7b8144fa45d5d,Bey0nd,20110321,619
20070507,620,东陵鸿,221742c74760a40e1c5997b66924fcc2,男,426091200705079611,78422351575,silvernet
20080113,875970200801135652,41dc360828557bf909ce2245597d4478,farbox,男,621,祝叔,74934504481
801990199112071634,622,5d93ceb70e2bf5daa84ec3d0cd2c731a,19911207,75358541196,公为国,男,ac166
19970922,尹访蕊,78723567853,xyz,7a414dc4241901f00450f5cc1fe38163,623,男,304058199709223931
78162385956,20080210,牧冰蓝,0971abc71dc4c872d2c36e594bfc7305,624,hpdogeryangxue,256950200802109544,女
234366201702271488,女,农芊,20170227,79115971692,625,programlife,dbdffd0fa41560b5558ddd235f717b5a
retme7DiShenAtum,男,626,b78ae18ba9a0c5f4c5f8282433b538c4,20200915,工娄玲羽,101467202009154018,77535293031
男,627,77840218721,wuxiuying,张晗晗,19940515,613866199405159876,3f9464d5e48303e8027ed485ac0bcd35
liuguiying,073948199005310479,俞语海,19900531,75565456231,628,男,18dca24d777c98494cc5469f70b16c51
袁偀,437086199304224124,73683065830,liuqin,d0dcbf0d12a6b1e7fbfa2ce5848f3eff,女,629,19930422
e5cafe39dd128f76c4cccbc89c9d67fa,leanotetonghua,沈邦,630,73622265087,787889200401170517,男,20040117
314306199509248837,1f57e586c45d9b208bf409ef288b30ed,lsafe,19950924,男,东阳歌玲,631,73574371644
88288019780113538X,632,76631993185,公为和通,ExiaHanEthancck,19780113,女,e11170b8cbd2d74102651cb967fa28e5
薛秀隽,liwenLonelyRain,女,537734199802261484,19980226,633,74004358424,12ddbafcf4e8c7ddafe55675c9f23e8d
634,傅翔飞,449293199302176251,75075402216,8e10ebd36a98c88972fcbc955798946e,19930217,lijianhuaLittenFisheraustfish,男
79041335189,sycsec,031305197305312547,女,635,那列,19730531,1a3448d7db965e9f91b75b517f0c1c3b
男,ccwangguiying,e84b5f520fdfb1cf97639d4928acb5a7,636,77816513986,苏晶,20000221,853187200002210570
637,730853200103242832,男,20010324,bywalkswangguiying,戴星渊,e2c2f9599e046fa5fd51b5be69abf44e,73064215099
821093197512212680,638,73209242835,f2643ac9b39e2ac56697c3566b96f586,19751221,郭锦凡,女,x95
工娄德惠,353758a0b285ce322a009663c65f5768,女,20120717,376447201207176642,77802362593,jbossinpenetrationtesting,639
liushuaihuiyipiaoruxue,d7d62bbe08a8ee2e0ec726d62323a276,女,19780619,红清嘉,640,74743270201,159156197806193981
19860429,同蹄元风,女,73607181676,641,ILMI0xmuhe,63caeb9e5dd146f0d3c13588586e1692,738058198604290248
79979922372,女,20080818,553499200808180965,蒙小妍,chenchencauc,642,6d7c7ae4dddf9521d2d084ec88c1aa90
男,73792966708,19930407,f68d50ebd273477443ea60e35cc84e75,532353199304071672,岑平松,0aKarmA,643
898739200308037575,厍宣,474205edbec148363793aae1aae5ebac,644,micro8lonelyrain,男,74865818870,20030803
73502896799,仲孙言,038826199505032421,女,19950503,645,3a300c48b47b714d9821dc473304aa84,De1taTeamwangguihua
男,646,73211589385,fe009b50833e8c7e717af640454044ae,上官俊材,19980629,zhangyuhuaRocky,192408199806295756
060017198406216122,zhangfeizer0i3,19840621,647,ed991a8f90bb1121308349107fd35077,女,77515059343,合博佳莉
998944200108106877,男,20010810,qianlan,叔孙水蓉,648,79825237353,99ef7ee0ed2ac6a4bf4e3aa8858f2e54
女,608023201804288885,77156672837,6658b3631a32859824e458af40005919,wangdandan,郏荭,20180428,649
慕静雅,237962200505017953,2d1886b014fba0b3388aeaadbaf41fd2,男,650,79945613556,Wing,20050501
17dbdb0bd91d577ff1549cbdad6c1b87,20040920,651,660518200409209927,工师初夏,79821587735,topanhkgg,女
男,lishuzhenTime,652,20070402,78511886854,31605420070402243X,余华彩,4ac772870487ba0cfc8aecf5335440d2
20130609,csdnegguncle,679913201306094746,乐羊莉娜,653,31bebc7e7d8396b0d812a0c9c1698a70,78738992222,女
阙依心,jianshutelnet,e08bab21525e7823d3d862733a22d52a,20080223,79648314972,158058200802237642,654,女
20190911,160754201909111662,zhangfanbrieflyx,魏倩,8b86bc8891440ad3dcb2f3cba988c53b,73483712720,655,女
79884797139,男,弓倩,liuhuizhuiguangzhe,ee9c6698eae9f11096d65d1730bfc378,384744200904199076,20090419,656
屈嘉实,77346723556,女,98ee45febc8d270f94b0143efc3ef64e,899733201908164049,20190816,lihong,657
wangxu,宫泽恩,19760410,男,658,f45c1c9975f71cd5f6e775988d202aeb,74580963466,27802119760410585X
19910202,伍英纵,261fca0ee8092913f053e43aab3ed183,659,852338199102020237,79644912691,男,Caligopa55w0rd
19980128,伏墨玉,75196807367,女,53358819980128366X,660,reversingbertramc,27d21daee46f038851c2119336104fcb
9c549839453c9c995188c63467af223b,707909199906266358,zhanghongmeizsx,77345786787,19990626,韩晴波,661,男
jkme,7dbc58467fca5eb5d8f977b76515717d,男,通心水,79178580120,19861102,864613198611027072,662
19960615,663,上官弘懿,f411fab6f42e68ed49afb44f6fee827d,lixinzhangxiumei,654552199606153159,73530013794,男
翟苏夏,78493528749,女,664,jingzhe,85fe4105e0a381aba1ef860c80b172f8,953770201712198864,20171219
女,586b930099c8d956e02041390da38f09,665,19921113,971021199211136020,姚珉瑶,bugsafeBey0nd,77742441180
男,78537598814,19820504,666,38fc2a287fe40270bb189fbc76affc93,LittenFisheraustfishliuyumei,公舌和歌,83511019820504647X
667,女,anquankeLionEiJonson,77723399176,f1e6fecf18efeb80a1105ed1223340ea,844179200503225761,常小溪,20050322
19940828,班吟怀,533262199408285167,78210398167,女,668,f28956865acd7e44e3c9db2b804d3413,lilanying
hacktech,927888200407042225,669,女,e23dd55eb2de66ecf0bb5b47945b97c6,78912704181,20040704,贺宜嘉
农飞雨,163f4c270ba2820d190908c4f9127421,T1h2ualiujun,73133028085,670,645325201407314529,女,20140731
男,583656198205133736,78047048129,decc8686654b465e5313259325149a86,19820513,皮修平,jinglingshu,671
20040214,女,76750480437,33363e77096fa1557df0ef9e183d7362,909867200402146240,xiaomi,672,蒙思宸
19910205,baozicodemonster,673,092754199102052589,eb1df2e1b6bd3f0067c50b6ac021243e,聂惜,73466850574,女
女,花浩,674,979251aa27ec07eab34c354dd4f7d8f4,20090808,918520200908083987,spaceMrxn,78669729009
zhangfan,775293198506016442,19850601,陆楚楚,675,4c06f1592501f71137ecebfd68dec1fe,女,75823556546
676,4f1731fe7e4213d881f1aae00ab7388a,19920803,77260516948,ttk7,女,农飞瑶,335119199208031584
969087199005019712,男,75285272673,出连浩岚,19900501,45ce16ca07d6677f8e37de907ebbd852,Smi1eSEC,677
公晰光赫,19940114,74564239173,6f8307b4d0f3678507df9a4daf7d9fcc,678,女,yulige,904609199401141929
能示,19770407,036071197704072087,女,chenyan,75620605435,679,496e2e06e4d484b396c552921f73de3e
19791015,女,187357197910155521,680,c8eaff9020cf3ef0e43cd54bf250d5ab,丁元勋,73941586966,SecNews
19711229,095479197112296717,73174598569,男,武仑,wils0np0desta,1024d3c87dfbb54e69d4f1b30e67f909,681
682,535599197110251118,79840794023,19711025,男,2aa77fc0549e681aa41e794e784ca3a6,叔促凝芙,wangshuhua
20181230,7e2e83c3ca3215409db2b16d3896a89a,683,971182201812304964,79088966539,公罔妍歌,女,manager
684,491388200110199151,20011019,雍韦柔,男,75903969983,wangyingPatrilic,4ed08429cfb89784fe0a594c7993aaee
73706545914,794033201612056464,b68ab5d05c45bbb0e992d1304afedc11,685,女,20161205,阙红美,Lovegood
女,a6ee3c29d8c6c566bd0740bbf87f0394,19870102,686,344323198701026844,threathunteryulegeyu,78574281770,融乐山
73426894165,80772120050109671X,OneHone,男,20050109,0376a20e92fa21188211c47962828044,687,靳访枫
688,19770717,a929e9441121495186aeee9958556e54,女,79827921294,813006197707179029,游望舒,farboxren
19800625,男,78531719082,907981198006258452,689,3cb0223d1fc8de6c90ba08792334d0b5,屯浑心远,Ridter
690,Adamlidan,20050318,郏可嘉,78842005230,男,590087200503182676,6b85260e57274b58e35209bf18cb7a27
19830606,78767828344,女,zhangliang,691,2e179c79fd05e99baccf9a504ea4866c,索端懿,938418198306061883
訾奕,男,19850610,wangfanghackdog,75653797061,853471198506109412,692,b450881e331dab74f7ab1b3a0df45585
77748933548,221293200301235472,f3037f78772d6d6d643695d423dc63ae,n3k0chenyun,男,游多思,693,20030123
694,男,2af3e812733b3aeb97465150ef2bd41d,78211142823,Alkaid,262199200611115872,20061111,凤凤歌
女,570f16993118746ac8123015c40cab86,499895198902157783,695,公建立人,19890215,wangluojiandao,74985625884
lichunmeixmsec,691625198106294816,公襄萱彤,男,19810629,696,74877474085,bb07286066b48518572ae1b59f8bdc12
75026637119,rebeyondlikai,20151003,女,356935201510031268,697,4b7f7de18acee1d72fec8018c84b7573,冀束芳
伏坚,43674f87503b58f9fc1e01128e425f21,75881230013,webmasterlihui,698,女,886189199004256164,19900425
男,19740126,683887197401264631,77234645001,liuqianghiourlife,南门优乐,699,f56e89dda5e066e30369ca54e7411844
230959201505183257,沈俊发,男,77868845481,20150518,cd5d7d57687af86f7e2d035c7e466d33,lixiumeitoday,700
75666813068,公弘懿,4a41d181ea9be24d8607e45dbc8843c3,701,57678620010911111X,男,kn0ck,20010911
ece8f75e33fc9d60b2c6c9928546240f,敖正初,男,zhangmin,79191827281,19820518,391468198205180150,702
78940404131,20081123,男,620127200811239558,易夜天,lipenglidan,703,54c3998236e5d08cb15ddb4b50700eb2
d10b460a33bc7e72b24285decb2149ba,apengliujianhua,19870722,79351802479,男,173375198707224730,华胥珍瑞,704
合博巧,女,705,20001005,de6b3b3f1e2c64c9cb0ad21924b2b820,75646071490,901265200010055582,baozi
74917041527,女,漕宜修,863501199711047786,seebugMagicBlueCH,8f64ac9a177ed398a9d33e6a53a14ad2,19971104,706
bd7e467a0a0f64f5d2591d1d96ff5c45,公仇婉容,xiaotouming,726833200909133959,男,20090913,707,75595602641
20171127,650558201711275355,男,chentaoMuras4kibabyJessica,78987799547,公索含桃,ef6dc22e977240eb7dfbb144ec858493,708
203383200811132853,709,PolarisLabxinkong,男,74915826370,乌晔晔,67bd8d4ef48526541acf163605c28f8d,20081113
ret2p4nda,e0610f546452803405382d5bb901bff3,19761225,710,78515715882,袁春雁,女,686462197612252626
882ec460f5d4563b5f9d1f2f99ff28e4,00280019880113516X,711,Coco413lovei,19880113,女,74623107595,胡松雨
20040326,developers,475551200403260065,女,712,6a54f0d050b78faa6082121ad802c69b,77656550552,单于翠容
男,出连飞兰,77517423048,1e9341ba3ee5d125162092ca47dcb38e,20181230,lijianguo,295996201812301556,713
19790415,334944197904159557,毕文耀,wwworange,男,9d3fd5e8dc4ca22ecc0919425b23d829,78469193725,714
momomoxiaoxiHackSafewangzhidaohang,男,75101685550,19920211,董鹏翼,715,28545f0cbaa0a9853c6b8323e5b0b4e3,237251199202113670
x14hackharold,272b33faf9c8927e3d2eb2b9f8659186,男,716,乐羊念珍,303968200502018718,73679272836,20050201
19951231,78863102166,男,717,097655199512315754,caijiji,44eb9dde4c148182a807eea4fefa0348,宓湛英
吉白乐咏,leadroyalpupils,494890197303229078,79596586775,d7f73bd36e72af5d06b925b11593d738,男,718,19730322
73541724974,298880198610094888,CarlStar,719,女,吉胡亮,19861009,ee4a3f2e2ea7648535c1c7b3f84ec490
女,蒲妍歌,720,723688198105095741,lirong,ce9e8dc8a961356d7624f1f463edafb5,78216215296,19810509
77330795839,19820213,女,杨丹南,721,84a9ad5ab4f6b87217e56d6ad2989f62,wangxueNorthityN0rth3ty,526192198202132148
女,73647438084,icuyangxiuying,19870501,顾琼,991211198705012623,2245023265ae4cf87d02c8b6ba991139,722
liujianhua,20130206,60693520130206063X,723,男,9f923d1cdde831afc996751b383e293b,77299081212,古冶哲美
20180208,328036201802081033,724,男,公仇贤淑,chenyanwangbo,77744732244,06b00564b9521fc96d2605d88b950378
725,19760729,彭梓涵,zhangguizhenlnyas,248066197607297727,女,78812788229,e48294e99adc95465366c253359585d6
726,76743684597,358236198906019172,男,19890601,公尚恺歌,08871eb969594464be24bd1e31d7d015,oracle
2650c2dcbfd73aad1b854cdaf52d4af6,73264377358,0x002de1ta,单于飞燕,19991128,11833519991128771X,727,男
78133451829,728,白白容,531542200504256782,女,7a386acb9e2b1d09512b5e74934acdff,20050425,zeroyuliyuhua
75122515908,公正如霜,689851199807306270,d5ac77d226e8a72b20f3e553572842fb,729,19980730,postgresqllengye,男
20040402,621954200404023657,2d6f69aeae2037fbae6007a57fced15a,男,公旗展鹏,730,77782094206,pav1lioneijonson
huachuantingyuhacking8,狄倩冰,731,f2b8986bdd78762fa6811569f8e83839,女,78912161711,20040314,615660200403145284
402470197409145782,xdxd,76745376182,576c6cac5b3e726230bbc29666cd142d,19740914,工尹文墨,女,732
女,甘嘉瑞,733,chenqiang,019049199412154022,19941215,b9d7312c2372e0d05c8ebd5ded906147,78745059570
designzhangxiuyun,734,77220738114,19881021,189886198810213910,bbdf41164b75d499c8a725a597ff8e8c,蓟意智,男
宰瑞,787530198402090925,19840209,Netfairyhiourlife,735,78404045759,女,cfca0dbdef9afe5599537a3336b46651
8ce87b8ec346ff4c80635f667d1592ae,126942197404021658,19740402,paper,74896131084,男,736,关其沛雯
容文林,Dispa1r,737,19720203,73296224587,507c39e7b79bfe655980ca8fb915ac05,547491197202035022,女
69838819910506068X,女,yangbin,19910506,fb58b49e10b73718dab36824a3b4b540,公襄经武,79830921213,738
宋梦桃,女,SarielDEX,622165199402263228,739,78289389056,19940226,0b0bdc862ae1551ec8e092963d1434b7
lunlun,19770528,2822997f58f0bf5cc9df5b7c3e8bcb1a,740,女,578333197705286824,76744844085,胜屠鹤轩
73008827512,男,07239019830420761X,19830420,bit4woosevck,8767276b8d0645f4c243fd5cdfe0eab5,741,家虹影
黄尔容,19950512,517748199505126360,女,77143450255,742,6de8bb32e652430ed24de2a6979100ac,lixiuyunaye
c6d6c6f16affd63f130a0d5c48f47b49,史乐成,19780820,743,男,73679182725,hl0reyWfzsec,531359197808202654
77659995559,女,20010709,fddcac83b610d7d2203640c8ee778ad8,蒙星渊,744,2kbfupinglee,55294520010709624X
heikejiexia0,1a9f45b867b0920e5077e594241b05db,867796201208271749,女,20120827,厍守,745,79050981754
汤飙,746,lishuhualifengying,女,19930313,738042199303134640,6aa5b24ce8496d347658b43c8d932cc9,73439459085
6cf4ea3b66024db658194462473267d2,747,蒯小萱,77823483512,918887200107299515,exiahan,男,20010729
工师兴言,748,litaolegendsec,f99aa6487364c26c564091eaf174568a,74049705519,558277202003139484,女,20200313
506680198306167730,749,男,Safe6,范青木,bb4b80b7e49e1423bb0e7f89387339c4,19830616,75935154677
女,e439c3386d0c1f1729854d0de0c35449,wxy,73074649723,750,713660199502180428,19950218,松晓瑶
336134199808040358,公胜鸿哲,19980804,74512433472,fun,男,751,bc5f4cea78396409bf12b2422b288498
752,77595596925,男,2b5b88bb02ed7c863df6c35871d9aded,詹骞,19780918,492133197809189715,gorgias
游高峻,75729878308,19880206,d921d23e0f8d4373c69663c3b936b61b,女,huanyue,753,567936198802063423
a7f82f2822b785d63186e052753c9513,wangdongmeiDecade,73566369457,寇柔,19901208,男,754,356868199012089338
73610775974,19931115,窦承宣,男,netwhklhhhhsite,3c4abf391c3e8d5e70ff1b3d10de5955,755,810356199311156812
唐采文,c3b7a83ccf352f548346e8dd68e6623b,74781036421,234198197307305829,19730730,756,女,liufeibaozi
75575773269,公敛俪,e6f2b617512a3212a576a5311a588cd4,x14hackreversing,861875198603238328,19860323,757,女
聂芊,758,77611233364,763337200201214043,女,20020121,d4b25e7ddd544d13a8c761a1943cdcb4,Symbo1hexlt
男,宓文虹,759,775126197502226573,19750222,78365326951,0a193054ee1c16a4290c3c21d06eec10,boluochuixue
760,repwn,田承宣,239760199604105652,19960410,5c0334115db06b4bd5deffbceaad7728,75685187269,男
085945375921814a29984056b13aaf11,712242200901266552,男,20090126,qiankejiuguanluntan,76795887797,761,常媛女
女,200180199201192367,762,熊修洁,77233154701,jiheme7ell,19920119,7890592125c31a126328f208bc112535
763,641442199302241317,eb1a6615ed9a2108fca8ffbf83826c6a,78465224098,Cyru1saddon,男,毛思云,19930224
76610842983,茅雨珍,19840622,378755198406222043,eabd8ce9404507aa8c22714d3f5eada9,女,764,lc4tKINGX
765,177112200206239966,20020623,女,77679525152,c0ba8aae5bd2f56255c0a0d8597a5fbd,工偻莎莎,comsimeon
73392220751,660608200104131332,司空思敏,766,zhangxiufang,239ea70a86f50619b59ecdff17ab3c15,20010413,男
男,19920507,4ch12dy,465845199205071951,9c0d2f1e173c372646e8128961836483,臧文石,79033526648,767
231970201311174087,侍其慕诗,女,78199739823,githubliuxiulan,1efbe1fee077f933a2b709278c8cf99e,20131117,768
女,bad60ab1aab5a0adb74c228eec11d20a,20030730,79397537657,向莉颖,769,062077200307305486,gh0stkeyphith0n
DarkRayn0b0dycn,成香,19870422,745890198704221410,男,74840500215,770,cb5a1766a87d99d0534e4d426d69ab80
20200815,GroupT00,d56d44ee01a92fcc9da8d46912219f68,851754202008157662,女,771,78573877102,籍涟
女,bb0db3711afbccde0cc530bf652ebe05,263777201806203688,龙楚楚,772,Pav1lijianjun,20180620,75799366932
876560201902162079,zhouyongliujianjun,cd1aed02fe315e76383d9273f2ff99ef,773,20190216,舒光誉,76638289384,男
男,51cto,77778116005,774,411306201209245053,20120924,83eb95cb907faf3298060a776c9bd36c,曹敏博
65086220170809065X,75217924788,男,江腾,f404b518b56b8de73d391d68cfa113e4,775,virzz,20170809
p2jwangdongmei,78537003189,劳睿文,776,男,24ed391887283c048fcd90478bbcca3e,601762200606039679,20060603
777,532657198807261571,78413988460,男,7cad0b44c11c8e5459e1bf59e4d8d7ea,丘陵芯,19880726,chen
范凤婷,84f868c3488d2f8c1728cc3f1033c011,778,965104199611182967,19961118,myh0st,75075970204,女
舒念柏,735472138da944210e919129d3efc8a1,20051127,男,clublaworigin,77649113464,08774020051127983X,779
289456197206080524,左人翔宇,女,19720608,79873439960,liguizhiPh0rse,780,d931062e826e1d6b56e345b0af418ac1
781,78498868410,女,7235a89da58a4084d6c379973a024aa2,tk,褚民,20120814,105351201208142768
20111014,77284789438,女,comarchivessnowmingBywalks,邓诤,800642201110149022,782,b1ef741bee14a29acbe5686f59b62569
503511197411212163,19741121,jiangshui,吉胡谷蕊,5a072290cdcb884e2c49b9986a9d7a71,女,783,73808770969
784,莘伸,823878199007051776,anyuzhangbo,39c14826667fcbc3dd55d843974c1d57,73644119476,男,19900705
785,bb16e60367d4475e65758e880217df56,女,19840430,033294198404300620,zhanghongmei,74630925690,钟瀚
20161226,74837694149,kkzevipwangping,女,703cc8cabf68e6588afba50168c82679,196914201612264861,饶哲彦,786
女,73004332201,22cdf6e25da992bb7889ca3f7789ef30,521842200303063620,787,20030306,memcachedwangxia,赖烨煜
女,788,19940810,79644409471,86833119940810804X,牧静,liushuai,d243a70edb96d43649a2cafd5491323e
eeafb716f93fa090d7716749a6eefa72,HACHp1bit4woo,女,20090116,198276200901164566,公车香馨,77123043463,789
73154408251,男,790,220061198610303317,19861030,訾毅然,23035b3bbc6ce57237015e424ca30261,raycpyangyan
072480198201030471,77684016696,fead38e7043d963d48dd97ed2b2991fc,0n0,男,19820103,791,钭高超
orgtopsrc,792,祖沛雯,3d834a896fde0c43c5799d8638ce28de,20110202,女,130365201102023364,73594613839
女,948101201305153762,f4ckwebhackjie,0bcf3b87a1d9d371d948781aa4a1003b,793,冯康宁,20130515,75562967731
男,065540a02225a87b40288f75853e1e0c,975767199106103674,794,zhangxue,19910610,家访云,75647818689
795,男,严湉湉,329559198812246872,e1813d362591682b34cbaea46b515946,77553385927,saurenqianhaojun,19881224
信都粟梅,2a2c0672d3c8b42ca7cab2ccb956b245,4o4notfoundlimei,796,73283082636,男,20131123,091298201311231530
男,74585978339,98bb13aae57ec375e5c0cc89aac6bf5d,Ekkkkkkkocc,曾圣,764960200402247033,20040224,797
77375567140,866977199303212465,19930321,liuyanraycp,司空鹏鲸,女,798,7c1b78c2ae32d1b30ebfea9b898dcd69
女,anyukirinsay,华胥鸿宝,799,785602201512111443,77788167659,02477d40b2739cf8f7029b66df2021e1,20151211
750035198202206834,男,800,75818534633,lilanyingnxadmin,19820220,阙怜翠,52ae64968e3c6066c27db259aa4d9a5e
zsxsoft,79626087086,ef4bf6f581fbb684193594f28294291e,678607201604021583,蔚谷梦,20160402,女,801
802,男,bbd251c2a949c2d8f87058b95d2ed9dd,19951016,75398987438,028617199510160859,元亓部,Cosmoslikai
242811199612096462,803,75019603390,女,19961209,7028461c31559907e22eb0c68e57c7ed,zhanglijuan,南郭子蕙
78472306605,女,developer,平沛岚,a3d7d7e5b1244fdef6e305c431e82d2a,804,20191112,851770201911126147
糜泽恩,b3a3041350925d098cf6c0d8826473d9,78840296082,男,795390200804170755,20080417,liujuan,805
20140903,女,74907942965,806,韩司辰,Snowmingzhangning,511000201409032326,4494ad4e9ae0c063fef974cbc0ec4042
503779201308315575,20130831,807,南门雪松,男,73066553009,a17e18bb957056bc12ac54cf866325e4,x14hack
480c09137ab920e917827c32799e5f53,师泰河,503971198207049840,808,女,19820704,zhangguilanre4lity,74045221813
温莉绫,8a3db4a6a73a655c0b7e453d81fd50a7,19911128,yangleime,女,468079199111289020,73401454546,809
067c0fdfeb9034d6faaddf186fbb5708,810,929319200707305084,游丽莉,Cyru1swangguixiang,20070730,76688505387,女
lixuehacktech,646760197008118355,胜屠德容,811,78630300982,6fea0cdde5c1b5776a802b442d876c45,男,19700811
男,f2e1cafb344104e0da0ecb1b7a3cc345,宰玄雅,flanker017zhouli,20110903,045553201109039252,77405896093,812
327bc4e22b649d47c4546a3ec93f376b,20201115,813,78545859181,daybr4akfengzhiqixidi,193659202011156134,穿封爽,男
20100912,godot,76789164388,女,814,d92b4caf1a639ef977673492b4cd08df,697612201009129569,工师景龙
442747198211053166,lixiuyunwanglong,女,78105934628,仆固阳,815,19821105,d54fd86c888bb39426c183afdf9483b9
wangsongstriker,夏宏,19890619,816,117944198906193712,a38e757b631d07deec6a9b0ad541869b,男,73849502276
女,61158619870225766X,耿沈思,73159448557,072f56504427cb7d08b9bd1ad44f5771,817,19870225,wuhan005
206001201011267860,女,818,20101126,73449628974,1efe80549940c8c675ecde0fd4d0499e,公仲醉卉,GodotLcy
79662848710,女,关龙明志,72382020190324018X,819,60532adaddf986dd02916c8b2240274d,20190324,tiaonmmnDm
38247594ff795ccd9d692f2e2faa86bf,女,820,73009695658,StoneMoep0po,446420198504013923,19850401,靳雨信
19920818,B1ain,杜优悦,821,161544199208189720,e41bae0c74eb43d2a1bc547df748a4ee,79574122419,女
77661780783,822,男,kingkkXMUPh0en1x,鲍江雪,19870909,74738519870909045X,b6461900e5cbdb735f1bcf35e4ea854d
823,903ff404b1f3f94cf7f5c34cdc95611c,男,719627198707059415,MengChen,令狐桂华,19870705,79349557579
20031210,EX,凡闾经纬,77396648732,女,450bc26777487121effd4c911f508512,824,05638320031210676X
79082932579,825,632dcf2815aefae60fa3006df9448e57,松建白,男,WinterSun,714873200410286371,20041028
77248921548,de38448b79fa4816a251e0bfc1273512,700928200406292339,20040629,826,穆濮,lifei,男
SecNewssh3ll,女,19740611,108574197406116543,75595595821,827,b4ac06d2d361a3115d8f47ccf4eb31a6,戚清绮
013252197501069326,女,19750106,88316675d7882e3fdbe066000273842c,古龙卓,828,loudongshidaiimlonghao,77440167010
guoguangde1ta,20170821,829,男,储纲,73822558735,22507328870244c6cff80b6e50892058,90354520170821057X
kingxgetshell,415044198502111258,830,段晓灵,5fa1bcbd09cdf42b8a02d558e71cd23d,男,19850211,79024454453
乜静涵,831,20000529,男,cd1780b0bbafaaf12bb940a5b6d88589,751745200005297038,78893505542,xifengweiyu
Lovegoodp1r06u3,20051206,fe7e383bf6b22bcd3e6f8dc186077847,554012200512063076,薛悠素,832,男,75556253572
78738042629,060466198112176240,833,62ff264b5fa52aa752893a2ac51840bd,戚承,moe,19811217,女
834,04b4ad78d03cd0ffd0cc473586e9b456,984691201903250648,20190325,公丘继红,76752243804,website,女
010f88a02768c4267202bf41b38f2ea2,女,75609054255,丁娜,thinkings,981859197603172667,19760317,835
836,raycpfupinglee,01036520060826768X,慕可,4f7c83938fd1f80cee4d18d4f775e3d5,20060826,女,78012218428
837,狄稹,20101021,女,heikejiesvn,802721201010217863,0c4020804f2ba895d97abcb98585e3a4,73763947038
靳颔,19710821,508995197108214012,838,男,e618bb49b3db1e5d2cec2d21ac2cc2b6,huangminBey0nd,75563740447
839,wolvezzhangyuying,段苹,男,73899089993,410732199211108959,19921110,8746db639db3eee29f8a1f826bf00792
公檮乐欣,76706635477,840,20051206,999991200512062920,女,62193482fa57a5c956496e58e98f2e8d,bl4ck
841,皮舒兰,男,74806577148,20071215,902688200712153715,rai4overWhite,0818899a6320093e155d288466bd63de
19781220,984128197812203386,842,女,6cf231d12ca07c8c5f7a984fcc440958,白洋然,cuijianxiong,73166624079
489561197104208711,41e9790f5beed305e27b4985944f3f0a,19710420,KxCodeyangbin,843,74837293826,甄伟彦,男
li4n0Decade,柳绍祺,386943197305036912,74985606203,b05beb4c3b59985162308f03f309fe4e,844,男,19730503
雷才哲,75753387247,597e04b116350c4fdc1f87ca0ee97b12,845,20120203,567469201202033110,3gstudent,男
33924fc25b689534ae9954dc27dfa3d8,同蹄苏娟,846,hurricane618fupinglee,75783488784,20010620,女,421046200106200145
ml,73518613537,f3c4762cb72c57ad41256c4b4f44c121,847,937177200212045076,男,20021204,董弩
女,73105450169,953bfbc3d78eaa556fe7151c34b911ba,848,司俊达,20201103,203434202011039260,evi0s
849,19730221,c36bb3f4a07a21d8820b2c62bb09ba09,75369398495,贺华乐,96345719730221306X,女,zhangnapurpleroc
357b490482a16fcd96466e3f70a88c1f,19750127,73860642810,甘公欣彩,134450197501273577,zhoujiewangping,850,男
女,5fc37d0d75c8bfc7388d6d8262d5016b,20141229,liguizhenhone,巢富,77452462237,851,985880201412294745
75726755200,785261201106010733,男,852,20110601,0110d6190e5f7b63c057e309f76d4dd4,工娄和美,zhangfanchenjun
19790612,853,冯成益,7310ca21c50b6e0218f5df3a35208b04,77420174077,MozhuCY,男,732165197906121756
共叔笑卉,0n0veritas501,854,17753720150710476X,75165471159,20150710,fb31ae83567a4215ecf61f4b901e0eeb,女
6d0f957d075988f2f5b5c67c6ce01ff8,855,78105510010,男,焦菊,20150222,myh0stcomuc531954533ea,715097201502228251
gv7,856,女,77781447012,19700303,145895197003035864,b1ac37160187e8ad789da0746a60e550,蔡国政
edbce6f5541f59d40a7d639bcbaf2833,857,男,78898679936,760886197908170352,陆盼芙,PowerLiu,19790817
5346fb76c9e09d23eefcb2556cd2236f,20130415,男,006639201304152017,858,sherloczcodemonster,乐正傲蕾,75723977639
sherloczre4lity,茹冷荷,男,859,a57dc4b81c905b998c4155c639e3c2ab,847779197205209457,74843278319,19720520
20171205,女,nobb,73394217737,e1c29414475060b3425da3f9862e5d1b,胡小星,860,164658201712053044
dede6db183c6a93e69042e1e9e249802,zhangrong,公舌彭,73374170178,19880608,089302198806086850,861,男
男,862,f548d7c79751fc47e54eef22177618c5,Auxy233Who1sCarl,75774745956,787863199101095931,谭水云,19910109
863,Auxy,905730201008051668,20100805,75811469054,曾宛妙,女,ee8cb56d7f24cbbd153d5aa6d9302b2a
461935198010309047,汪飞光,b71128711b0fa7047b40a23eb1f0bd4c,女,864,75995351234,LionEiJonson,19801030
216371197611179416,73018597869,19761117,865,998088c3a33f13ddd3b0ae500faa9479,0akarmathinkings,男,汲春柏
551952200902173761,866,女,20090217,216a509ed07a4a28a2f47c6f70865eac,公仲怀思,75166057655,limeiwangguizhi
公尚雪旋,b857eed5c9405c1f2b98048aae506792,19830221,648487198302213951,73168076069,867,男,zeddyuTasfa
75658379081,江促,女,sevckLoid,20050202,868,47f9085c2e66312e4cb6afaa21b64b31,085613200502024089
iamiSnowming,67671520130614938X,75011729110,女,20130614,奚章文,869,4b663ac96377462af430b7f71bab319b
77576718260,屠飞翔,9abf1d85450d3874f6f2946e9c6974de,twosmi1ewangyun,660685197906046234,19790604,男,870
19870604,女,即墨博延,xiaoyu,871,77697299442,849499198706047762,4e868889e76e7466604985e84698b79e
男,zhangbin03i0,平高昂,45f11bc33130f1a068ef8991fb76fdbb,872,75843506250,19810408,513092198104082853
19900119,681097199001196066,873,L4oZu1,女,988bc44d3df54e60651e0ebc92e5279d,74996380638,令狐丝娜
19960714,999704199607145743,14fad029af55cb5d53ad2c2843d1f103,wangbinLoid,74611727166,874,女,养欧
chenyun,赖帅,73395125306,986181200608054457,25e5eaf381815840a40d5f789dca5cae,20060805,875,男
79654479311,董思云,084426201009076314,男,ademaanquanyangjun,876,20100907,1beccb6a1464ab8e93ed37695b5c9bd0
20110220,dc2298f6d2adca2bde9299226b3e1a6b,877,75140074101,男,白嘉颖,84384020110220937X,wangdongdayu
78349922239,20070215,男,522904200702158617,636d078634721a9eb9df81252db35e67,chenjieL4ttIc3,左师晨,878
879,666617197212074037,19721207,公文清芬,703e4d81fc35103b7ca92647df6d1dfa,73940652031,男,sinaappSheldon
880,943523197909126032,高娅,gorgiaxx0h1in9e,19790912,cc2669704bfe7a630fb76b2b76c1c4d4,74721699612,男
kkzevipxiaotouming,78680784099,671117199510031966,冷沦天路,19951003,4719f984b3df8d4a7a07a7deae1bc5d2,881,女
78128688828,PwnGogfuhei,179245199711145812,19971114,882,赖永嘉,男,9e8945f702aa9493a5a34352f3623100
20121012,883,f51f4eb7b1456555de20da2b3aa0afd6,男,673925201210121236,79098370465,丁春枫,De1taTeamscanfsec
公山忆梅,adc91e04d9a2c88987fc994cbbd64d09,19981022,79962676026,884,女,yangjietopwww,692211199810221464
19970718,754274199707188938,kingkk,885,01db756964e792db5912c53812ed765e,陈宏峻,78361022533,男
19800710,a34cf98e9d9fb93f3f612e803c9a084f,590033198007105330,886,zhangxiaiceH,岑慕诗,男,73682441578
791159199702163489,女,相龄,887,kangelchenyong,813143e2de4343fceccc0ace7b12dde2,19970216,73618325739
586e09d6644d3f897340b1cae7b49628,19730612,79536429254,lufe1huanyue,757569197306120886,女,公之德海,888
男,78748498345,666782200410036952,谢高扬,20041003,d3a1fd0d799834681f3e057f0b7d0a55,tonghua,889
zhangxiuzhen,男,890,19711230,438487197112304672,67f48e7397d1c5225fc96d4ed3b8179c,77812181548,袁沈靖
891,ba7113b375a493eee96dbacbcc72207b,谭锐泽,wangjiehuawen,19870830,女,037223198708305023,73336078663
76705433434,女,安梓悦,p0sec,393193200709264966,892,20070926,c2ac9939b5baaec2568c91a407e1244e
714693198203247665,893,wangyuying,女,丘丽怜梦,76679797922,b120f3fe641f2c0186fe4b2b45aafce6,19820324
东陵玟,98535719781127483X,894,902da8177fa69c6cbb2208a81f6d939a,19781127,77657991247,男,Caligolijuan
19840310,865863198403106249,燕希彤,895,75085933630,女,c8e5f01e2346e28fffca4d47c7bbd5c3,zhangjianhua
896,79345d7fbef3a294c9ad2175f661e646,男,19940715,75347574827,MrRdarkeyerzhouli,957313199407158553,胥弥新筠
897,19791202,仲孙修远,d566f30d9b0e8160df28f56e0d3f1c06,wangyun,73636838097,男,029441197912027453
hachp1museljh,卫臻晰,19840209,女,25207519840209304X,78575618914,898,bff264309cd07ec65ec8e1212e92ea7c
19910428,wangxiuhuawangbing,78182067623,公仇凝静,58abd090b83d426527874e459099947b,620658199104288437,899,男
空相元青,900,860797200307199143,changochenlengbaikai,20030719,79186769850,abef5aefd468d1b78169f04a17feba94,女
055524201004042332,男,令狐翠茵,98b835f00bb57f7442774a79e8c37bd6,liuxiuyinglikai,901,74687065920,20100404
74932272665,cjk123,傅余宏达,28fe5ebbbdaf77d2ac8bdcff7a5e5715,19720719,902,807798197207194465,女
吴嘉,903,19760826,75776613318,女,f52b8afa3a3e730b9848bcdca7ca7ae9,493529197608261862,4DMIN1fuzzer
19921205,78918765173,周冷,11b0d52e62c361865122c253097d5efd,lijianhuayangjie,904,男,895827199212054516
liuguizhenVsane,840298202010076032,905,男,甘先萧曼,20201007,cc3396b473ff7d5ed000d846f0680eda,73298007953
20110412,4be7153f193faf5683dde2c62bf73ec9,526184201104128684,屋户缜,sinaappchenbo,75540564636,女,906
索涵双,e627f139fbd14f61977867ef1890bf5e,907,73552353247,813221200007111356,男,meizjm3iNeargle,20000711
74883549736,908,194960198010296673,19ce46deb1a35c802d80b306d5a5de93,公成乐人,spaceSmi1eSEC,男,19801029
909,男,20201228,籍成益,4ff006b15c524357023b64c654812ba1,73986900289,356611202012285318,auxyyulige
19711007,73272395078,女,寇翰学,910,291908197110074489,lilinNotwo1fNotwolf,6b8c8bd58cb48a7333d120838f66c569
董芮澜,832998198312155341,91c170869309213e53e64c5a925b038e,wangfenglanhuangxiuying,911,19831215,女,74078901847
女,项俊楠,384758198405182489,77360434198,912,19840518,f1f3f24726666ed501bf0fe4577e0c44,yangleizhangyun
20101126,男,51cf08a99f67c60d84f5d08b777e0f70,叔促沛凝,913,77137401994,verazuo,728378201011267012
914,习凌蝶,1dccadfed7bcbb036c56a4afb97e906f,19910417,guestwiki,496492199104178425,78642706203,女
20190425,601002201904250536,73185149420,SDante,聂阿柒,男,02c98bf6f66dd4452a8f8859729c58cc,915
261074199709069174,酆修平,19970906,fbad94f85aaf04f7dd01a4a2fa1cdc74,brucetga3uRa,916,男,78501364956
283450197305044162,passer6yAppLeU0,7c720328ad0ae24b92264fdb2214b5ee,19730504,容瑛瑶,女,78710140674,917
2ef1682fdd353e9adc6ae25b9935127a,19980208,918,917381199802081524,threathunter,耿玉山,女,78233563851
919,17c3235fdedf1f1cb3295424e1ad23e9,SeaiiNetfairy,746574197011302357,男,宁向彤,19701130,76773074415
3ea5deba884f19e8ecc6600e71dbefeb,女,920,安夏萱,19820329,79319197254,062085198203291286,virzzzhangyuying
怀伟娜,337901197709139377,19770913,921,devsql,f6306afd5056527efb4c3fc60bd5274d,77771439242,男
922,19940124,94d0e99076bd6759e72e9a1104edae40,65753819940124276X,甘先梦茹,Mang0,女,77507155101
196451198704305843,y11enrama291041610,19870430,78d09f743f9b055b1e303fe2e21669ad,桂志行,74815688293,女,923
232559202007064938,77131225657,redteamwing,邓珠轩,924,男,3fa5b5104abb8649527ea7883faf5c59,20200706
805822199011236817,zhangshuzhen,925,1b6c9213818e08ea3791e37fa5549db5,邓白易,73263067527,男,19901123
liuyu,688254198306062563,邰欣悦,19830606,2c14764c9a8805dad0568979975dfbb5,73036734991,女,926
comarchivessnowmingchenhao,女,927,孔绮,a637f9865a1294e0aaba9709154457c1,20130725,050798201307259185,77506584708
20000724,277183200007240672,79028058221,刘佩杉,liugang,928,4f606e8172a8b4e91259b15131823003,男
2f470f272792c5c9e469e600acc45ed5,We5ter,权翠,20030310,515458200303108420,929,女,74910159027
ckj123,930,纪炜,20031026,175801200310260615,男,75253177205,581d5b6dad81b777bb4ee2522c7ea239
ac,祝晓博,20030930,77643680364,男,030125200309306337,c7db8408cd2318a7398aeeceab8974b4,931
20020701,公檮旭尧,79884687683,04adf4430042b0905f62591437bd8591,932,917212200207014316,男,navisec
20090613,8e0cfe313aef96461c0910ff95b33727,373308200906139624,蒙品怡,75213296193,933,女,gouchenanquanshiyanshik0keoyo
934,73530615507,20101119,904681201011192860,chiahao,公成博延,女,ed4c3265a585de07e639fe31997caff5
symbo1lixiulan,935,中叔静和,9f406958b9d07938f9b2463daff4ca67,74914542315,19800808,女,616336198008081422
20041030,75528236059,养初翠,githubxssav,男,936,02803c50ccb5192bc41e33cfa70b9742,927317200410305433
jarviswang,19930831,75923886898,男,937,451669199308312652,194f959f6dd8b97b6db3c087e51c8bbb,文飞雨
28a0c6171db3e623fd9d2e11a09238c7,938,73471078956,马武,ILMIioin,19701027,810279197010278314,男
51081019720814802X,女,939,74860668635,smbNuuuNya,19720814,逢澜,ee81e29fbcfa1c40b57974f1e1cc623f
77136419175,19730415,共叔冬梅,82595da37028e45b36cc0ee2f0553115,110163197304159220,pupiles,940,女
941,445f7a250746cacdf1c34a12024efe50,和新立,478258201603228276,20160322,78918102990,男,wangruixinanzhilu
男,20151101,449ba011a3c11fc7b62ed99e9bb9c4f7,158654201511011151,元亓含文,942,77747071292,zhaolizuozuoweila
蓟正谊,301a42cc4a4d9341e18b57211d81cb41,943,yangjingsuperfish,055304198811213416,19881121,男,76729858219
Southseastappleu0,75561446529,平永春,女,3fdec06e7579e4e54160c17520742188,20110830,637507201108302884,944
女,东陵同和,20180216,Symbo1v0w,892975201802161788,75303388638,c4888de159be106afb3f08f5a45a1468,945
米端懿,女,78030024992,19960418,d211daaf95d508b4657286c51ee7b5bd,946,GroupT00wulidecade,802262199604186486
20021123,atum,73526400607,947,柏思艳,女,376589200211239364,8333b12f1e51f909e2b6500084c33f1a
948,ef3f2263370219c459b57c2e827bfd00,男,lihongPasser6y,73206870071,960038200401314174,屈雨竹,20040131
175635198011214152,男,f944771b63cc75c64b6e2c8aa13b5855,19801121,949,73899940154,公丘凝云,onlyfreezhangying
19971113,003335199711136220,950,易勤,sk15,74573144063,女,9f42d30fda5525843f220c708c230f0a
004498199602267610,曾博延,19960226,manage,男,16e1cef3888629ff3975eaf5bff5d7fb,951,73483677388
寿魏,19770402,yanghongnetyiyaaixuexi,79095055360,952,女,ec082db472899789c2a46046f778286e,724346197704029726
公祖文星,wangguilanbodkin,f1de120340181ef26b867b58bf1da80b,953,78734799932,20080610,700971200806101668,女
882305198205130280,0368e872c6614deea2646bef0d1ac083,weblogicNoneGirlIuh,女,954,19820513,77893643286,公冶鹏飞
丁若旻,75016668224,19990510,女,zhangdan,1f7de91cd94e378b9291e3cb973d86f9,242081199905108186,955
iceHmang0,956,26561319860303911X,勾秋翠,78225130481,男,8cf59213235b77a3064bb879d45825b3,19860303
yaseng,女,78084717634,957,797274198009224546,公乘宜然,19800922,765a77970e04d33288e49821e3f74f80
958,20080212,75160640217,150300200802127536,lteam,男,470fd6d711feb9804a2f6b19977e8e5b,蒯钢
959,northityzhangxiumei,女,20170314,公正甄梨,79312420318,481229201703143943,b003c2b62b9491781ffa430c865bd105
信平正诚,960,db7fe43351fddb6b5112132ab92bb6ae,679197201106277322,79006325657,女,20110627,cloudyuthinkings
715dc3e1a1781e4d6bc62a2cbb6c5d46,公齐姣妍,TuuuNya,961,20040912,977755200409129275,男,73699774730
272291201202064139,8dda0fbe53d24dbec27cb1b8ec4c0bdc,20120206,962,lightrainshiourlife,75040048576,男,穆欢欣
963,362791200306092438,酆晓梅,chentaoliyong,20030609,男,77816316962,6c8d2561104821f1b1aef7c33e7fa5c4
19901116,964,jbosszhangdan,宋坚,26972b5c103686e7f475a4d6ecf1d539,705342199011163050,73636842557,男
女,b69d86156f1c15f0c63ca9d9768a2292,yangbobl4ck,79018504565,傅余柏颜,779008201612193623,20161219,965
酆纯洁,19751227,98de047e549f9748ff03cf9268ef27f7,966,77432677578,xiaomidarkeyer,男,309041197512272439
Kingkk,60df315b9abe071701ea93a14653ed5b,73436803106,禹丰雅,780340197912293985,967,19791229,女
968,546053200007233043,女,贺清绮,042c58786dae13591ac67f5eaa790575,20000723,79832045216,drops
19710503,75621119200,男,隆燕星,339677197105030816,969,5cef7724fe396ccc7684a5edebd4cc94,wangaia3uRa
643078199602060717,d38de9a2f581dced61bdd25a3b6bb110,79676556518,叔孙英范,男,alipay,19960206,970
062007198509051825,19850905,971,女,ea6436f3a64c704a527f4fc7e73cd041,公房时,liqiangzhangjuan,78926059311
white,605868202004170545,20200417,阙向笛,78636604206,972,女,69a80057cd922b741c132d9ffd8b5582
南郭冰萍,78953337489,973,371a5206ceaae40251786e6553cd8488,男,19750909,hackeryunenShadowGlint,917035197509094111
79521168985,公胜刚洁,女,974,4uuuNya,233427198703270562,dedc1ef59e55c76c231f6e91bbec6dad,19870327
862770198610040954,liguirong,19861004,d1391d6ee801f5e1d49fd83ce8af513a,男,77601629519,975,花琒
77722972838,fb35bb10f370345443d8d536d0f98f25,男,750814197201101157,rdp,976,19720110,相半凡
160566197712110127,f91a0a8ed979a7826fa015de9e6f6093,977,19771211,姚嘉谊,女,78368817029,bsmali4raycp
286234198003158849,申丁兰,0468cd006d2d0d51da64703c000fd7a1,978,73200662488,hexlt,女,19800315
史星剑,79089868179,979,女,wangguiyingtom0li,b9b06068a53505062e5d98408583fb9e,264998200708070788,20070807
980,86533d1541cd6aa5ec862c5b462ae18a,74776299522,xssavchenlei,19840611,768899198406113968,女,史珴
981,79013788269,男,公石浩浩,eternalsakura13yuanchang,19900627,41331919900627355X,698dc7ab32315c23cc75fe5af4065f92
646490197010269015,郎野云,19701026,chenlin,982,73270912519,男,f44f3be8335a1fae61d59fdc300a701a
女,屯浑天工,983,839167198806188184,rootScarletF,19880618,3e2f608ffac1959f9f794111bc3dcf85,73281500066
984,73321569700,666416197211308578,19721130,贺沛,Altmanuser,b593d3e45b91eb781ea3f7bfb78535ed,男
78028399200,党亦丝,男,45e1cc208b7fae6d466db347c7baf890,19730203,985,Goodboy,556710197302033058
男,ab244795339868d6e9d35ed7e7de7e3b,929014198202093831,权岚裳,liuhaolovefeng,19820209,986,73333320766
男,lijian,秦赫然,221c99c6a2bec3f0a9db3955ca04a16e,987,438768200108098337,75008043903,20010809
男,060715200006028910,司空仪文,77889258782,f09655f3fc184b2d83e32e23124bd794,yangjuanxmutsec,20000602,988
75824657521,19750914,989,darkeyer,12711619750914523X,公文修诚,9f835cf928c95ed6290d19083d37482d,男
女,201439201502112421,20150211,BerL1n,钭心远,78901687537,430524808cb8460b3c57320850efd794,990
男,20040823,蒙奇胜,991,8f37b209579a196a8ac43b55177c4aa8,Bendawanganonymous,73121989369,539063200408234374
992,622735199110202815,b7d9e2e1fea3c1aa481c50a63dafde65,19911020,hackjieyangziwen,俞荇怡,男,74844819957
993,406948937dbbe7a29e86ffc374c5b7f2,公胜牧歌,73940437527,男,19950124,571234199501246111,w8ayyv4kst1z
女,79309655726,348942198709296385,yanghong,唐雪晴,19870929,bb63b8612aba26cdeaf4d6351cfb1ffa,994
77857941807,女,644590197910189145,冬日江,995,lyybit4,70a95ed54c623fb409cf49905e8e0368,19791018
毕宏大,79068d99f7fbf7fd91d4c568840eb38a,238753197305182478,996,VulkeyChen,19730518,78242649426,男
792068199202148364,女,0x80,74723750021,997,万芸茗,f5bb0c8de146c67b44babbf4e6584cc0,19920214
周逸思,女,lightrains,76624175256,7711d349ecc276518d3c22a8c315bf7b,998,20000826,00528420000826246X
19931231,999,77499955387,zhangshuai,宰子萱,497725199312311574,9e5d6493be9a4fd22c8c788cc44c2cff,男
yangboJ0k3r,ca9a73f31a0562a712dcbd756414b154,1000,075875201101070511,75204120056,20110107,男,尚丝娜
321366198610220813,19861022,wangshulanStone,75287939477,8e064b68f87368ec54c50d7f257671c4,1001,男,孙如天
男,79119806535,78589120011002603X,1002,臧凯定,e6c0eebc3a8fb43ce7087c6e364c559a,ymlsec,20011002
377655200902244421,77589386887,d8578edf8458ce06fbc5bb76a58c5ca4,a7um,女,20090224,1003,公孟双玉
1004,19700512,67b144375700bca5adb084f1f76c1f8e,衡笑卉,75853527024,074734197005125663,zhijieqiyou,女
leadroyalnianqian,75930823677,20140914,168347201409144726,女,1005,62f4cbc56bd873ed07a1c280711e3b84,于封
1006,Ethanwanglei,78923065515,慕星津,女,19750227,395754197502274660,07a52b188835935351ca14652ddb69f6
东宫松雪,女,Jaky,19830416,481f0445f63f0ac0a4254e91787c76bc,461004198304168346,79568494799,1007
璩明熙,79097405315,1008,9c611a8e26587e9c2b70fe9c9483b785,613636197601228172,19760122,男,xyzdr0op
女,19800616,即墨赐,wangrong,271946198006166665,79184877950,1594ed1bd0b8981f4847aab873449d00,1009
男,公伯文,chenhaoRajChandel,643555200710083674,20071008,77225026919,1010,36dc736a8e49159d0e328c81880eb317
20191013,男,5d0278a007e2545ce8c40d0e53fe7a8c,pop3jiangsir404,957769201910139257,75560015832,李梦柏,1011
1012,祝紫萱,27e8f07b12e730c332cafec6f0da34fe,19881224,486829198812245124,女,78128776202,yangmingRajChandel
215484198803036576,19880303,74876449917,3as0n,facbbfdda8254dc806670fa512c180d3,公保志诚,1013,男
73455146802,152713199405174558,1014,男,99f9024f027b9a5ee9ecc095e1c49d9a,caucchenli,邬婷然,19940517
女,1015,穿封频,914879201310131428,20131013,74861856288,4ebe13a983fb403c2842f470acdd148b,Ch1ngdevelop
19960327,609974199603273732,77509376291,1016,男,v0w,b16270e6d0646c3f49b85e232713c5c7,公仪碫
19980425,1017,公输乐然,16e5cbfd3fd4e8d43ddc145de8c953c0,245219199804258260,strcpyAtum,女,79599307018
1018,19920603,45f448c8b2fe46faa9e130c28b7e0d58,16078519920603735X,元亓凯歌,MagicBlue,75978744625,男
9ca6d13e17b7c4ea7daae0d6c8026cf7,19710620,75098922429,男,公林雍雅,comarchivessnowming,772579197106202715,1019
范芮悦,男,643633200204229279,75156671141,1020,97bc41f93d79935fb5aebb75796914dd,proliuling,20020422
60fb0ebadac6e3fcf281983e8dae0ce9,78120850283,毋文曜,maya66,1021,女,804434198906233367,19890623
647f760487ae804bd570387d3fcb0c14,74776453057,20140219,1022,322201201402191255,男,zhangminvip,公索振
1023,79522786500,女,294616198304172045,zhangjianlijun,8df32286deed62bae5bf746672805c78,阴天和,19830417
1024,nuptzj,女,20011219,戈若珑,79635745866,93c11604728ef497a687790a04631454,455717200112196686
1025,78198349292,20151017,659587201510175171,男,skysecfuping,隆晋鹏,5a84b6430ed957bb8a115f515fe1c67f
77754401455,20170205,1026,789733201702051836,男,岑玉轩,3e3f2a8a8ea587927c24b455c0623c59,hexoonline
浦宏茂,1027,4e39c1628a1394ce08555a0ae536acbd,78439258625,in,19711223,253304197112232387,女
99962320080622606X,女,4fd3076afd7dd8b319f437d1654e8b52,imlonghaoPanda,厍狄善思,79607044745,20080622,1028
20030117,314970200301179712,anquanquanwangjianguo,77405126359,男,85e82c5aacc95798b791c20cb6154c64,1029,汤紫萍
贡段,20010415,1030,780051200104155346,78516504104,lichunmeiwangjinfeng,女,e9404b8896076c7fba6165532c3d52ca
raycp,86c4811961ca0c23e2a9f6c92473c9c7,1031,米冷雪,181232201102147014,20110214,男,74750859606
暨亚,75579079491,wanglin,16b3bbdcef22a4151e2c7e329ca67488,276827199711110311,1032,男,19971111
75024955172,6eb7702cddb61b76de22f879ee8dfb2e,sfishlostring3,19731102,1033,732508197311028338,男,合博平良
19980818,连妍婷,124bd1296bec0d9d93c7b52a71ad8d5b,chenxiuying,1034,79847362412,730239199808182280,女
yugodredis,75900902357,男,印浩淼,a7fd8cdd089ee20e55b6e465e7ce2d24,1035,19700413,706733197004137732
78260360810,1036,女,97881f2a98c266e11e16ee66df8feb77,19921219,Mars,770549199212195140,公舌文彬
19910516,659265199105162575,男,hackfun,1037,公欣瑶,78851170951,11df4915fe13021ac549dd76863977b2
女,75211990176,88588220180605978X,1038,彭爱茹,36c65eac629775915985bd9524b6fa0d,20180605,tangguopurpleroc
19900215,435d7e994d91368ae805c84a004e69ee,966092199002150131,yangminglishuying,男,岑巧春,1039,78868588343
1040,邬浩然,75147107270,女,886714e9c9e0e0c262913bac698fb020,19800602,392287198006020188,zcbmhf1
683893200901020969,Godot,女,78693066645,20090102,1041,养展鹏,d43278f9323549be27b11ca2f48732f4
dwfaultMisakiKata,莘书桃,女,19891019,1042,d06d9c4fd49fe28bdcd5038e2d731f0a,580019198910197164,73109298660
1043,20180528,女,计炫,428224201805280344,8695b6a60df87db1d83b99c58b5e7191,Sheldonwils0n,78806949971
499169198410134680,女,topsec,77838835062,1044,19841013,84d961568a65073a3bcf0eb216b2a576,顾飞驰
男,74503186371,1045,印意智,641159199811094037,d9c9346bea114ce2df51d70ec9e25a46,JoyChou93,19981109
能流逸,912930200903129949,b70d2929ea9e41909aaaaf6f50083eba,orlevenlixiumei,20090312,女,75879472001,1046
tomcat,7e9039ab93231749c6beb535625d1fb4,男,20110406,1047,公扈雅健,77144622717,453401201104067054
75398612195,8a1148a74ba479fcaca5e34f5de73d45,1048,wangnaliuyuzhen,女,共叔芳馥,19920206,503272199202067049
73618815252,19771013,zhangxia,673ab34ce8bd8c00bb6e5ad4c9de60d8,1049,宁幼柏,女,128629197710134540
男,公都雅旋,1050,747452197111213850,19711121,78287628125,DarkRay,4767855e8ee46ae9da41c22c5a418fcf
1051,zhangchao,74907612952,3d24b838770ee90773804e8599e549ff,19910419,俞笑旋,040678199104196468,女
章星晖,19801101,693693198011014461,1052,8ba4c3c5dbdfcf9c2d726fe11f1fa8d6,女,wukonglishuying,73152053707
78554826551,施芳菲,wangfenglannianqian,男,1053,19821224,2bde064fadb650ad9340e94ad678b04b,046103198212241118
男,418561200208116556,殳彦杉,50905d7b2216bfeccb5b41016357176b,20020811,dr0opDaybr4akTime,1054,73524659104
661332202008047361,xujing,20200804,6eb2f7769d1982ce96a586dd2cc472a0,1055,女,79909639248,曾阳云
74971324797,19890204,954223198902045441,女,cd7f4f816da4efea6243bdb5dcbf2f05,1056,安访旋,iosmosiszhengbao
73053044429,firmianay,1057,d28bc9270c05828921fe65850941bceb,女,步英才,282790199806018689,19980601
男,1058,19990401,公雁丝,74946246571,76345919990401015X,zhangbo,e62de939a7fa52432d78d725782873c8
1059,75530814224,374cf5e3c648a7c65e5c17830d3371f1,363162200606138174,滕闻,mozhucymaxiuying,20060613,男
1060,男,cdxy,77725785953,778450198802124337,19880212,羿欧,0d888812452d9ed9c610be7f0aae223a
女,20191207,jiheme7ellYokeen,1061,76683885303,518709201912072183,8dbf79188e6ae7cb77c9f37de6c858cf,安珴
1062,20010315,018888200103155163,legendsec,73834151753,宓竹悦,6eea9b7ef19179a06954edd0f6c05ceb,女
20060708,男,9f607566a8dd61f06148f367fadeed22,403154200607081272,1063,CaligoZblogspot,屋户瑞绣,73920793441
71157020160818465X,74821512910,4599184e38d8caf95b48a58da82aab0e,惠凌雪,20160818,男,1064,da7uran0irsher10ck
fupingleev0w,796141201510260429,e99e52a52c285a0848f582a8f79ccd46,冀琨瑶,20151026,女,1065,79954050016
20010113,1066,016847200101139734,77754357101,cL0undGroupT00,男,b5575163528cc9200444231437ed9087,仆固钧
女,2310e827ebe07ef28f25d567dae70ba0,20010907,224066200109077243,magicbluech,公金俊明,1067,78112894905
1b025782524e67264490118c4f98310f,20050217,0x11brucetg,1068,716027200502173657,男,73624527408,冬日芳馨
uknowsecliuchao,ce6073d64db458d105281f1d8ea95e50,1069,男,77779042464,符开诚,652325200104052212,20010405
19701106,16544619701106095X,76698921288,liuguiyingLovegood,431ab45fbf01256342e17ea412ba2c99,1070,男,巨母苏迷
870884201808097663,7e1da404c6e2988a13ba467a7daa344b,seebugpub,康安顺,77636441597,1071,女,20180809
单于拯,78235795404,392309200703094832,53cba9173f8ce90b434fb75f6e271252,liujingpro,20070309,男,1072
308779201905029435,20190502,男,1073,lteammengsec,fbf01634c0cc94f74058ff0b619add6d,孙千雁,75942095038
7a31f2ea15b5c2d43b53d07624e974a5,1074,男,625314199501143372,75354410690,倪安翔,19950114,WupcoHone
1075,19611ce8daa85927fb88beaf5db0efac,wangchengZedd,337754198207025640,75601705820,19820702,凡闾博敏,女
1076,868481198304259681,a45e2329b3bede849811561b43886823,女,wangjinfeng,19830425,73735499503,陆鸿畴
女,01cc9ab90e8f91ef9c2264b277e9065c,20030728,柳佩兰,822920200307287866,qiankejiuguanluntanlorexxar,1077,78400165646
19840729,3c136508ce4400a10cb689ee0e304561,seaiiblogzhangrui,女,74037981061,887508198407298289,1078,李俞
女,19900830,1079,史夏瑶,740384199008302482,d9497281b2ba88acd2fe412d4b7577d3,chenyulan,73497292741
1675a5aea2f33a928042bf1877d2b0d9,易阳曜,blogslipeng,136104200701071437,1080,74005666503,男,20070107
20100310,liubing,5fe0cbd6c0df77bf240e076a9a0fe326,齐格菲,男,046509201003105931,1081,78763649507
7f0ee75538b04df9fc1845d1418bb318,芮和美,1082,449955200707095383,77809002228,20070709,cyto,女
Sn00pyhiourlife,73899460722,927463198906132437,19890613,乐羊展,1083,男,618182102b51309e12455a0b0cebeffb
532378199301085662,19930108,7f7c16e882f16967eeb74ac9d779dcd0,beysec,1084,金悠素,女,79830564504
74842075670,1085,wangyan,男,007484197906054070,19790605,77604d727334c3d1b074dbfc1b5e1b9c,贺子明
d16529d9e9eb5ff22e04730e6da42f39,77567173535,1086,xishirbrucetg,蒋兴腾,男,525916197802167610,19780216
19720702,项璎玑,女,77247182761,zhouli,1087,57a3c78f44f0b4da8af956dfc465cb4c,807152197207020842
19841021,Bywalks,79171329512,682831198410212456,男,76a5db14cdcc9d57a7977462ecdbb14d,1088,信都成美
20200321,633472202003212789,75958068886,女,1089,wanglong,25213631722f08e49160be367a35f7e0,侯朋
男,plz227lixue,120888197402013433,78661649762,8e6deb4e873039332ac2cc622de0b9ee,19740201,1090,吴虹雨
1091,男,77438748361,20061001,3f230640b78d7e71ac5514e57935eb69,676974200610016350,lihaiyan,蓟嘉熙
女,587784198906100667,brieflyxzhangtao,19890610,10b83777cb6e31c02a4c3cb708cf1dc3,1092,77406232929,钟李媛
76651178660,1093,wangfang,女,19810707,冉芝芳,064235198107072760,e66f42a8159c48dda91cf1273eeceb9b
20050425,263364200504251918,1094,男,76789350383,葛痴旋,953cdbd5747772fd609cfebf0a4384f9,exiahanzhangkai
ec42878fc4a73a82108c641273b87ad5,公何如凡,75082202273,19930918,男,1095,273992199309187652,liupingwangjinfeng
52stupirogue,163334197107108388,19710710,77621763755,东楼阳波,女,dbeca05f8077c5d10f548aca5c4cb454,1096
20120817,processor,1097,勾莉,c7deaba3c992d53049e36400cf639cb3,79125400110,男,706413201208173038
4715bc60fc524cd984253f0513370e57,1098,20150209,79520360511,孟北嘉,男,893617201502096831,D4rkSec
20150603,女,1099,wangguihua,069926201506031246,饶恺乐,73247373817,a985346a2a46b1bc60f8659752c19a38
chenxia,397772bcc2fda4ca210b057ce56aad44,78817514357,20030207,1100,672740200302070883,女,国佩杉
77499440613,男,公之德华,687534199909030813,7eac9584adb61b2236eda653cd8941a0,liyinggreyd0g,1101,19990903
1102,73576251702,15174b81b1a8e3885c89b639bf5d04e3,男,20090218,01456520090218883X,3as0nthreathunter,萧兴
d38d2f4bf9ca55d58232b0d48cd0bbd8,男,叶余妍,390153201810193956,79917525073,lixiang,20181019,1103
1424fe184fea3f23c787e1181978dbeb,20200524,屯浑善,206761202005247440,73538872784,1104,safeinfoliguizhen,女
1105,252475199812108730,男,liuyanzcbmhf1,19981210,38a9db708aecf198cfab519ca9577a27,75288388777,史春
490979197610137310,1106,阙晓博,男,75731115290,214689149de7cc894871b16e212f3416,19761013,jianshuliyan
75373629140,5eac5bca2511a0d13455e0f381a00693,工师健柏,19730324,1107,yangmeiSmi1eSEC,271795197303240069,女
74758379550,2a4722085f325e99b5d5dbac249f2721,女,褚祺然,830334199504242042,19950424,1108,lili
73821983394,12b1a5efea2161e5b0a947b5000e5e28,仲孙念巧,1109,538397200511249688,orlevensunwei,20051124,女
78466432136,方彬,liufeng,20050502,男,928959200505022177,6b2244ecf5881e4aa6d4235d16be7b48,1110
宫雁卉,79028161179,女,08024719940202776X,19940202,3537c421d3f9d9348c937bc3716ff6e2,CyrusFwanghuan,1111
550579201412035034,1112,wangxiufangliuhong,男,20141203,公襄春娇,77476219663,7a2a35d27f7ba820984bedf5fd4a17c7
168991197604291085,女,南门子宁,835c456169999ebb2fa0c96d299885ca,1113,19760429,75827272655,zhaojunliutao
e728eaa778e2008bbfa7628f4af7b8b4,scanfsec,77815504958,20061228,1114,325693200612281870,雍雅楠,男
19751219,公成湛颖,224074197512198833,73749772724,1115,67bde064308e6616544fea69e1dd6357,Mour,男
女,151186198005139489,项含蕾,73414204861,19800513,zhangyumeisemaineblog,1116,ac0ff6f03a03b786721703feae10cf5e
1117,男,20020723,卓笑萍,WinMinwangyumei,78649713881,969acb954a849429d1cf96f5a5134409,146271200207231615
79106038953,1118,公广俊语,502902201801191488,82de8e953428fcc8fb3e1ea36f2df3dc,女,liuyumeizsx,20180119
79979718401,732153197612118417,19761211,男,吉胡潇,1119,lilongliguiying,826e1985bfdedaab9e5e9735e83b43ce
632363201010052632,1120,男,zhangfang,国芹悦,4832fa9bd3190ae216c973984a408876,20101005,78291896959
79056093400,237473200211106813,男,20021110,a8a76bbafdbc3448be86aeb9d113e3d9,1121,De1taTeam,靳智
au1geLnyassssliqin,59b03bae69ddc9e386b99e88d4e0b2b4,邵力学,19921009,1122,79381739830,98503519921009263X,男
1123,男,19710623,c10fbc1177103e1f8ac5b58f11e13132,933145197106235731,webwebmaster,77703369188,叶星光
1124,verazuor00tSe7en,b60e9418871849f5ba011ff7bb51e445,男,74992714766,576287198512098217,19851209,仲孙风
876b7f7a2d38dca251d5372034741287,zhangxiumei,640415201006280952,男,20100628,1125,舒姑,73659263306
女,1126,3bc2fbdd89ef79f3dbfbaf1f2132baa1,zhangjianguolijie,78415801231,公休缜,19870616,736172198706169263
697558430cebece7959f92e7c2f76959,臧心远,1127,20121007,iami,男,78164675075,845600201210079859
19991009,4e6d5407bd092ad51ff6ef08ca53a36a,1128,wangguirongxnianq,同蹄瑰玮,770629199910096385,79043389300,女
1129,19870602,passer6ychenping,104363198706020683,736eff3c194d32d64dad7b47ccad7a99,女,乌嘉怡,74867477299
20050215,ffc493f9db09f7bc0376974be3a12bdb,扈参,78741517329,1130,zhaojing,女,711058200502159142
20171105,WangYihang,女,d3e4841e580e70f595152b68c880546e,1131,郎华翰,878554201711059989,77865882744
男,19800630,77424178785,215615198006305778,连钰,1132,bbbd920a5f500e36920bf598a74f70ee,rickgrayNotwo1fNotwolf
exp101thuanyue,da94bc0e25f5fa9dc32e97034cb29dc8,78956822084,19911107,男,1133,公绪凡双,945513199111071771
19870329,3a43482080f602c498ce5025b9f43218,男,1134,PowerLiuyangling,79125776213,胡毋雨伯,469520198703290538
291445199312241656,5394551f397743e27e63033ea2f38434,19931224,K0rz3ninfo,吕忆安,男,1135,79046582411
676106199307202075,CyrusF,1136,男,19930720,79589151317,fd2cc6c54239c40495a0d3a93b6380eb,施凡梦
女,19750423,73412193698,1137,lufei,56a2b5d37dfd2b01477b0f490c969f71,弓盼芙,584175197504232564
暴流如,20161112,女,78650865715,543735201611123665,1138,f9ddf749316bb5b46f8e92af185d7930,91xx
895973201709126152,1139,何丘娥,coco413,20170912,757700caa9dd2f0eed9d40d370d77367,男,73483716624
454441198202215150,392334c3d564ee9c57f42817b4cb67db,1140,高鸾,19820221,男,79677213568,chenhuachenmin
20010729,74070430324,RidterNetfairy,巢今歌,93f47250fc05eafaac096f82fa39b816,男,776983200107298717,1141
541489197205180746,19720518,1142,75609631010,女,maxiuyingMisaki,丘丽星宸,8465a5aba6571a31d98eb9287f8af421
1143,3a5e2481a40600de8e43dd874be4a64a,79013640758,liyingPwnGog,20121117,甘先汇,女,369248201211171744
1144,19700825,f5b03bc8b7875704e729f7d1937b01cc,公都珍瑞,女,73224743455,281584197008254427,yangyang
457562200710225574,20071022,sayhi,男,d782e0b5b9723c1ffc8e85d2cbc79aae,1145,古里光华,78733354259
74692323133,男,988ff7df5e49b7add78bce58938235c6,宰以蕊,1146,19970109,sec,22504119970109637X
毕南晴,416761200811032882,女,ff605cb1543a99830b2b1adb853265ba,Changochen,78150794363,1147,20081103
417093201904277887,Rvn0xsy,74566923412,4c01f27f4a55c62eb317d31a52f12236,屯浑睿博,女,20190427,1148
77180653139,1149,28b9f8aa9f07db88404721af4a5b6c11,19810607,819140198106075759,男,辛嘉佑,funyunyu
yangminskysec,19597a8ca8583d629da0200bee7418c6,75918091562,365056199801223271,男,19980122,公何倩,1150
男,1151,屈门成弘,78739934968,222284201806284156,9b13e59273c8a9e5a9b46c1cabcf3255,20180628,whitezhangxiuying
f7235a61fdc3adc78d866fd8085d44db,3comSouthseast,20070421,78342213558,241569200704216823,1152,公宣欣瑶,女
78117728448,anhkgg,男,374775198509182816,1153,a2df9540b229d5ec4c9f6cf58501954f,19850918,韶碧
74758231627,349091201203293527,20120329,c7a0ffd1ddb7088316aeca626c7e1551,简赫然,1154,caligo,女
1155,4f230a43309749e68ebd6f411963c8b6,19980228,彭凯唱,989108199802289022,73631196905,zhanghuastone,女
男,woshixiaosanwangli,20060822,f4dae1def375cfc0c7a6a877ad242520,865378200608224174,花静雅,74986214553,1156
yangyangliguiying,女,须承颜,650010199804145569,19980414,73713577533,1157,dde04b56b76ac0eeadb1306041c844a2
女,760652200509291640,黎陈红,20050929,2e5f7f480ffd354f72484e52e7fa411d,1158,yangboyangling,79518320226
7b5ca931236329e55731920b7b0fd87e,78525990132,燕文光,1159,306502199208200616,nxadmin,19920820,男
公尚如霜,628340199001035311,19900103,男,1160,1adbb3178591fd5bb0c248518f39bf6d,xiaoshenghenmangchenqiang,77122302890
1161,MoR03r,460714201603076382,73314238475,db582b414d875567ef7992ab7f8d3250,郭鹏海,20160307,女
男,inpenetrationtesting,1702a132e769a623c1adb78353fc9503,蒯鹏飞,75783535628,1162,20110930,727660201109308451
79898894475,女,c2bfc2a5e7975081c095088f9f2d5c40,20131023,牛含烟,liuchao,784113201310234980,1163
1164,魏雨茹,19990801,女,977634199908012562,1987d90228ce5162eb75d804e6ab22e2,77691622101,hackeryunenwangguixiang
redteamleavesongs,051155200710059021,79588789132,20071005,崔伸,641d1a89a84a5a7360a7e1263904769b,1165,女
公乘代荷,wangjun,19990312,22ee49a7611e2c6014b0b74e4ee736c1,1166,226739199903124719,75747576044,男
20110111,400820201101110634,男,wilsonmicro8,车沛柔,65a0ec385ca6a0c1e20d1f8270c28303,1167,76783590253
835052199601275461,zsx,1168,74969075650,女,35428ad84856c4e02f1d6fdb24cc8386,江欢悦,19960127
lingzahuopu,7ab1b3eeb4708ddffa7efc862993ac83,女,1169,845380198409054748,19840905,成英范,75392372356
rdpburningcodes,19760323,f766b6f23b98e20c9f357d91a0cf929d,457168197603232914,男,1170,公祖情,75071092981
463623199011141770,zhangfei,庄英哲,男,1171,1292bcfe45faffbd4ed818cbe5a0ba02,74516153457,19901114
公金逸云,evilwingchenhao,男,19700313,77774797724,466815197003131833,1172,8938cfc87927e1394fbfbd23a8ea2a3f
梁书雪,2c6463b46e61a820bacd6e1865c4bd05,875486201505034572,Virink,20150503,男,75389101078,1173
916118198208216982,尹曼卉,女,79844211492,lixiuhua,1174,19820821,3d7e0ee4da394b9954d041ddd8d51e64
78404037612,19900122,1175,818930199001222585,凡闾乒,liuyuzhen,女,17745b8ba3dfb394a718bae25243b4a3
79682883708,高涵容,19820625,女,1176,e835093a976f7e33cf55e9c8092b855b,kingkkMITREATTCKzhongwenzhan,346795198206258061
鲁媱,016717198512024161,女,19851202,ecbc0c97d3b300a52d9ed7221c949ea9,zhangjianHecbi,73732475536,1177
980380197712081556,09fcf83beec959bb0205a66fcf412ef6,公尚多思,1178,chenjingevi1s,76642417438,19771208,男
麴艳,x95pirogue,572744198905047174,1179,男,19890504,0bc651ef7626a7868da4cbfdbe70f96f,75799027741
1180,89844244930be85deb2782bd361335a5,陈茹,939669197705264933,男,19770526,78914450573,gouchenanquanshiyanshiChaBug
隗心远,男,704f9103c19589ee5f1510265a35f954,1181,79532116750,lufeiriderwangxiuying,20060119,72534620060119357X
wangyingchenguilan,1182,111372201206031263,女,20120603,78274864058,益战,77fdac7255b296f0bd0c1aee6eba7d85
78939026708,窦芳菲,zhoulichybeta,597425201307064166,20130706,女,1183,a03d8a01267a0cd824b5e8717a0ec5a4
423234f6df23306e9f00b1aff2c40548,75584844046,liyangyangbin,凤晓亦,男,20000119,1184,067949200001192173
女,严修能,758871201703122525,9479ea37b44f70dc016f8d81b118177a,1185,jeary,20170312,78148151162
78927869413,26badc9b31b7127e97923b192aa71e0d,216515197502056257,19750205,TomatoTom4t0grt1st,男,1186,公何宜年
811857200008158954,20000815,男,77124132194,yangliu,1187,储飞航,24c50d5e495c513b258878a0994ded8f
屈良吉,1188,19920130,720880199201305122,73799074013,d29c26347ab92d480aba6724fadc901a,securitywu,女
20031224,993535200312244115,6fb42da0e32e07b61c9f0251fe627a9c,公良木兰,男,laworigin,76723357087,1189
20110728,男,366615201107285137,8ace4283f3d0b5b635ddd8030bac79f8,76755077946,1190,lishuying,公休惠美
20080526,73356446372,红梓琬,lixuemei,1817caab36e618427f7e68cf7da1cd38,男,838556200805264837,1191
20110904,松宜民,1192,78970099673,webadmin,女,b6e0739c00eb2f90b641cb0b4c0d9c10,215126201109046445
160047200203303877,彭珆,1193,yangxiuyinghexlt,418705f99a9647b5db9cd296704ddd60,男,77611472236,20020330
费庄夏,lixuerama291041610,73330160971,19861001,男,efb33d8a7d7b351c788bd234b54d7cd3,1194,513204198610015337
75172763837,男,19840511,巴盈,JrXnm,1195,f5731d58dc9cea537fa451edb1343af3,375641198405119451
1196,182041200501169263,20050116,女,c23413b825695fcbfabce9d16261125c,Hpdogermang0,宦琒,75894750408
e90721655b66bf3a262640f96fa12e48,20140819,73434692612,vipreadgorgiaxx,387499201408191581,女,聂志泽,1197
099460199608308315,19960830,b26389fca63cba251f014129eee3e6f1,1198,男,zhProcessor,伏清芬,75584102811
hexincaijijiwangxiulan,b3caefc7691c6c33473b1f55801cade5,桂绣,20090629,1199,女,297905200906291260,75133954965
78015843480,寿志诚,女,mang0wuxiuying,ac5f18eb0ff2996aa32b0f080ac0323f,1200,097324201004018760,20100401
20100219,3060c3bd94c8ed8d310b7e82c73ae49e,1201,女,netfairy,公车琨瑜,587685201002192365,79819059997
131061197105225885,lteamlnyas,女,舒涵容,1202,d5de40a535fb05e4f169a819a843091e,75824750487,19710522
77660252265,794807198608303182,女,1203,E99p1ant,70f2b1f189a7ee1572782377695b224b,19860830,戈锦诗
女,1204,611430198309019481,wywwzjjabcdefghijklmnopqrst,廖光赫,19830901,806c14f1abe15396fb1c4cb621da5a82,75114551156
79027725960,klionseczhangshuying,783549200509278377,1205,20050927,容睿诚,男,ddae2a38072e1bb1e1dbb0642308d3da
1206,男,2b735ed0a3b0c99a5c5f326f470d5a1c,逢喜儿,20050826,saurendaxia,152574200508264617,73323402923
20141207,1207,f8b065456b6bde5b39aa0b4ddb50301c,74892939494,580841201412074132,松梧桐,男,lucien116liyong
kctfzhangfang,742977198205145646,78203436736,女,1208,丌官千雁,7d592ecfa7b9f43bc4a3e564f2d801b3,19820514
77359787960,323a66853b4a0ae8daa1616a760df424,20111111,749003201111116411,peterpan980927,男,国文翰,1209
20100909,139f232a3b5b627d4eca43c8cb86e67f,1210,女,郝宛畅,zhangboliuyang,75085317519,415238201009094763
b2a2b645af27a6b41631910409e331f2,523527199712078571,仲孙英悟,78539916541,3comNu1L,1211,19971207,男
964211202007303227,伊铸,女,wangchaoyangyan,20200730,1212,78639022468,e70a0f442dd936c9ffde6008090a3bc0
19700825,79634983833,HecbiBurningCodes,c52ff50f737958cbbaf37114a8dab419,409709197008259982,1213,红翰学,女
19730704,1214,970152197307049976,男,aaef8a64021a25ab1ca44f9bccefe0ba,79889753659,巩伯星儿,liqinJoyChou93
男,马淼,177874201805180953,liuchaoHpasserby,8ea787deb9f58e4df9d2e43bd93e13c2,20180518,79841195705,1215
宓雅畅,19710725,misakikatatasfa,1216,男,453818154403bfa951bf4b9c915a36f8,73174268639,997726197107254932
女,837377feb7ab84941079b55110559864,lofter,838872200612179763,74550885623,1217,20061217,屈天路
1218,ILMIroot,公刘卷玉,f7ccfcbae4ae9324132f9e3a1a5cd68a,506085198105142552,77605116765,19810514,男
linadesign,afcf7a41e5b592065b928e7d88d788e2,1219,78166388463,女,574794199702170068,籍博达,19970217
1220,20160617,公析彩,c3f1fc6dd2451eab58647b5993296bad,github,73695542986,638705201606178918,男
女,1221,19750203,944831197502030423,foreversongpupils,湛娟,3d509f30819092cecf7e80071f1335a7,74099326481
7334ef3d86d2ca6cb717cfe78d238c47,施勋,227953201311283387,78814096637,女,1222,20131128,lijianlishulan
女,78534812594,789820198708060548,e892d2460eac2a19c850156d038df984,n0tr00tMisaki,冷沦炎,1223,19870806
詹彬,75705626775,ad92025c36ec3906a5d3fe2aa7a0ddaf,女,zhaoli,19880325,366414198803252425,1224
20081227,Apeng,808280200812272737,男,1225,77434624939,廖铎,ad8e35b48364b1bde874f7505a8ec649
20060129,公仪韶华,304216200601299611,1226,design,78959632510,男,98421dea2c7d52a128ec02d9110a8092
巢娅童,19921105,4e0a132cf09c3f561e186dabddab58b3,091454199211054367,1227,75232271640,女,pwYiruma
公建温韦,178947197305232524,liuyingtasfa,19730523,女,73463199009,1228,8382ee0be0ead6a814a8c3d21c4c2022
20030108,公罔睿好,79330490647,1229,704859200301080359,22d864e1f3a6f77bbf39c94af3a16ecf,dwfalutsingll,男
女,1230,Cytosinexishir,298342198406092767,端木锦曦,19840609,74747722008,db639406f15ee17f47c9a6c95da4f618
14ee22eaba297944c96afdbe5b16c65b,78664038997,冬日晗雨,812673199809260179,19980926,1231,男,vipread
20180106,a73c67da747578615d01753e48460b40,男,61654820180106627X,T1h2ua,73976880112,1232,韩谊
女,bba08d4cedb2d370e48e8c65ec652a74,862577197111186464,wangyangliuyong,79365493418,1233,靳元珊,19711118
445854198910275536,男,1d7fb77ed1bf88fd5f24b953b568ba00,MochazzWho1sCarl,78955085752,1234,19891027,能蒲
75595882468,步轮,09cd426c5c8c1d706d88157c4f4061ff,iceHlihongxia,男,1235,19781114,460503197811149954
zhangchunmei,和泰然,19960306,1236,d2c1042b1f368ad526ae72a5a8c2c72b,037693199603062454,74775174239,男
女,1237,79139328408,SeebugXDSEC,2748c25f9b23da313f9860d70df170e1,19740814,180349197408145364,米从阳
79672988149,男,1238,903228201012226837,boyhackVsane,20101222,99497788804cfa01cd63cdc17f17d748,毕才
73001582757,女,朱淼淼,baozish1yan,19870421,1239,922289198704212365,b9ac179a5ee10248a758d8a03ec3ddcd
20140209,1240,女,1abb3521ceb70ef277bec804912287ff,170749201402096441,73967368990,wangxiuying,东阳梓悦
idoge,e8c85251a225f17ed8de03fa0847b2f4,男,77350439549,东方竹悦,1241,19800504,311438198005048339
ThreatHunter,78586920509,642758200006206916,晃顺,1242,男,20000620,7fc8a68b9d510feff291196077ae9a4f
19750830,1243,古龙永昌,77423131967,男,SDantelijianguo,fafea2ba69b17e0215b72143f4f22476,184760197508300310
皮兴平,1244,73765557952,943819197310183163,19731018,298f20e5272dd29a9e337b21c26a864b,hpdogerChaBug,女
索骏,73638976916,女,968997201212045842,50e253cb0398abc7a378360099ecc154,20121204,1245,retme7lihaiyan
915442197112061059,Tiaonmmnliuyumei,1246,男,伊念巧,75139698682,72aa771009e68026c18d0da0c25060fd,19711206
1247,d07907595ade6c5751d6e340dccbc7ac,19910506,682540199105069352,79698557728,naweianquandaohangwintersun,陶杉月,男
勾锐志,女,618249198003020442,1248,postgresqlgxgoodboy,78982575704,19800302,572c8da458b9a91c9f35cc8a48ba90dd
aebeac8e729ca0a14307731ea2453de9,comu9c3ca1ca4784apeng,74915301766,公何媛媛,20181109,女,1249,557333201811094783
1250,dff9eef07f8d8d0f6133706d17024e5c,liguilandevelop,77727104925,公丘汶,20131216,女,288352201312162440
J0k3rJrXnm,906fe9f453477c386a4502a53606687b,1251,839188198701125234,男,73305914150,冀兴运,19870112
红幼萱,016865200812135230,bb793fe5ba251e4f22f7ce1762868a41,1252,男,78883164832,chaoweilanmao,20081213
200975201802036979,c134201a1e7c9956c72f3ff75d390221,20180203,73497155573,男,1253,阴沛若,zhangmingbit4woo
85820919960219408X,ffdfd3e4e912f1574c0ffe23bd6bf109,77668239514,loveivancir,女,1254,丘丽雨茹,19960219
鲍娜娜,1255,20141217,760386201412173965,73056076564,192786e583aa98ed496ce10c114d5a3b,vnc,女
1256,b0f313938320c7c8b08b3b2b193f51ee,女,20180923,panghuoracle,279288201809238463,78190218239,咸宜年
女,19710415,1257,78185126989,245079d0ad1bfdb5f80333a808812dcc,南郭思丽,xifengweiyuYiruma,885944197104155783
女,246049200601301963,尚紫真,75717373159,20060130,1258,e84f3c885f09f254b8a9f014ace122df,Luhreyliyulan
77337579763,rj45mpHackSafewangzhidaohang,胡毋飞翔,ef775988943825d2871e1cfa75473ec0,757274200701054988,1259,20070105,女
067103199611281941,733fa3cc0deb3360b22ced18e996c143,19961128,女,1260,wangjuanJISEC,74909339142,公何嘉怡
79999601573,7ell,19951215,188043199512156225,1261,女,张新筠,20c45e13b02831d759965e65cbe27690
毋虹,74602946485,148240198105037720,女,19810503,zhoubolin,1737a3eb6f69b2b4d775f7875264dbe8,1262
163774201308073339,1263,752b8c39ede7bc4eed4d9ad7602a6432,76663846576,oschinawanglong,凡闾子惠,男,20130807
男,4e043b25646df1db102acd9edffa9dd1,1264,topwww,253377201811242610,20181124,公伯弓,77545122056
73093959030,266367197103021238,男,平华翰,V0Wb1gtang,19710302,1265,a610bfda9c39e2422b0288c8e05a1bce
1266,xiaoshenghenmangchenyuying,20050108,古生文,76648053190,bba7853bd197c38551652738c0512f9c,男,275147200501085332
1267,liukain0tr00tSecurityTeam,男,19870323,911035198703235976,01900c42e9a7b9319731fed245cd0fdf,78716543355,池以菱
20170105,282879201701058956,1268,男,org,禄逸云,a90443c25e836107e519ab298603de84,76625962168
jarviswangacheng,79906c2fe95e0e61aae0cf24a372d1b9,75784754447,桂喜,1269,女,20101210,577659201012103421
bb81deecaeb9642f23a82f0f01c00753,1270,Ph0rsezhangxiulan,078099201102249580,女,20110224,尤良工,75178464759
男,liuyuwangkun,19730607,林婧瑶,1271,75ba126396377a5ff0de9a9da1cf68f3,78181063600,034023197306078253
74617687041,19860601,459724198606010324,zer0i3development,于素,1272,女,c878def23a3b14befdcfa89f88ca9bd7
1273,e2616e755d90dd4414f1fdb3bd974576,LaLaleqingxiaojunjie,723307197509150680,女,77510796553,空浩浩,19750915
663802201906223677,男,78712180285,ef690f2918f3cc908cd84c2b781b20fc,和明熙,1274,20190622,orlevensm0nk
19950627,yulegeyu,848445199506277963,1275,女,公荆元正,73194315859,f64d90bfb137cfd11b8963d9d5ae84dd
19800421,n0tr00tSecurityTeamgodot,女,3f88bc3651d562dec022d36a8a7755ba,1276,公胜颜落,524765198004214822,75264717372
230660198809212226,蒙琨瑜,女,19880921,1277,78262344564,7419b7977744dee59ac8ba8f3146fbee,top
女,乘马乐童,1278,396666200401181145,zhangjianJrXnm,75678127129,20040118,f3681a8026f34a24af1054c87f3d61fa
6a2dc3c4bf2a44a09d7afc3c25f79d17,19810630,戴正青,admintonysecice,1279,732371198106306560,女,78705517660
女,20000102,p0destaAdog,108428200001026583,cb6449a6c611ef263eb91a5611ec7de9,越晶滢,1280,79848226504
融秋,180351198011146728,1281,0444414f9e5ca0c6d894f0f78562c69b,73878775004,19801114,P4ndaMagicBlue,女
219864198203086959,贝樱花,男,19820308,73219542215,wangming,1282,fa33ab998750389624466dd272cbecaf
厉婉然,79862346077,1283,20110625,女,070421201106252861,Nu1Lliujia,2f25bbfd4c698330298c391518690140
1284,9cc893ab6c9e96b9583d0b297d9d446f,女,73860472547,须修竹,84151820040818614X,20040818,liuhuitom0li
75787186347,Goodboyiomicro8,怀鸿彩,19870419,1285,850557198704198570,505968917b772ae024cd0138279e004c,男
75354878931,男,1286,陆元珊,591566199804183331,dog,5be45e84f1eb80383cdb7b89f2c8b9f8,19980418
男,俞鹏赋,1287,Bey0ndWeaponx,7c04d898d00730a15632c2296b4aaff9,169076199507224558,74987811904,19950722
915875199206150341,1288,ac9994de098ddfbb9f773e558ff8f5e0,女,KINGXzhangying,73901830142,郗奇略,19920615
807006198406125816,78942014398,男,1289,shellstormRicky,19840612,益念文,c27fe59ee671b83bcf8f62aa5691afb2
19811227,zhProcessorim,1290,711075198112277780,82d310ffa221d0afbd1c5761b5e861bc,卜温凉,74847158602,女
女,b38b0f22e7e7e3b436bb3fd9ae4409fc,669916198302186347,寇小妍,19830218,AppLeU0lifang,78154215564,1291
zhangqiangcengjunjie,345286199611160762,慎怡金,77429445126,19961116,1292,7b7d3f4a519dbde6d5218d7f54f84f0a,女
99716bfd4c44c9cabc9af49e66b964f5,4o4notfoundxiaotouming,酆尊,男,19831201,1293,73740511506,915636198312012356
1294,权文瑶,19780702,zuozuoweila,男,76690665069,5f592eb579325c26f7c48a16d65d25f9,022106197807024574
20190317,74002904789,573181201903175337,男,976862a518f217651c014bc84b20ebe4,wangchunmeiliumei,1295,端木寒珊
19910401,zhangxiuyingspoock,655529199104016485,dcf031e5161ba3f34be79d70e8e2d88a,女,公车鸿洁,1296,79072262845
820298197111239024,75737154176,07d14ac491a635620bc0bbcb8a4d90eb,1297,intopsec,女,相语海,19711123
f9d25b83bd6c8f8fa40b14d2a80c776c,72822419730302174X,1298,exiahanlipeng,19730302,汤冬,女,77889969803
20120309,男,郝纯洁,1299,73869229746,wangguixiangyangmei,172510201203093016,3a5660ba2f19fb9daf95ebb214f61283
钭柏文,libo,1300,38522119931108885X,19931108,男,80d23ab26ed16d2ce10bcef1b1a11ed3,77323044720
7310f6d196d210a03a18d1ca0b255a9b,20180308,1301,女,wangyangwoshixiaosan,324955201803084249,冬日琇芳,77655579927
6009372421d46012563a6a401e20a95d,20110224,235511201102243578,男,77866849906,1302,伏雯,magicbluechlifei
牧元嘉,男,20100702,wangdongzer0yu,887457201007029975,12073a710d1cbe0e2c7722508f02d179,76709864964,1303
e20edc086bdeaf640d9553a7b2819b7d,1304,75612961688,chenchaom3lon,19820526,叔促嘉禧,女,974310198205262341
liuwangchao,45dbd5b7c89885031bf8fa4217899263,272552201910303286,女,20191030,78673718298,1305,公旅家美
20130804,男,87fe8e1970fb9a9a8708cec7f24bd19b,lihua,1306,771794201308046135,75842829007,汲梓云
桓邶,女,1307,756468198710192728,19871019,4o4notfoundchangochen,2592200019ac0afd5c6d23cd95114445,75385900087
79606481332,aeddcc9fcfbfcfa758f7328b2d354757,1308,女,wangjianping,元亓欢,269846199305240487,19930524
19771114,男,常白易,bigtangfindneo,79986036173,71bd4de201022baf1c328a4e019bf15e,1309,67454019771114275X
男,2cdfb459a7d3c8ffe0ae123806394394,rootwanghuan,19891031,崔晓彤,1310,73776877794,536490198910314474
19880408,e569ba767c9527519c91acaba23df8ee,女,77441689287,topLonelyRain,1311,155134198804085525,公金远航
男,元亓婧,77367763630,05017d14255253d07501c31e801a360e,19760613,405334197606130119,3comchenyulan,1312
1313,zhangxiurongzhangxiuzhen,167393198802257463,8dcd08f9a4685c4f4cd21abfa74bc5d0,女,75119936421,杨俊哲,19880225
19930610,75127709679,435c61601bf9665e3e0616f769e421c5,男,028273199306104111,jayl1n,1314,公仪宽
476910199308082678,葛玉龙,78276186576,1315,男,ba9fd5c2ef9a8c92f41b9801d5e29c3c,19930808,beysecKirinsay
77188941671,19810808,adm1nliyuzhen,1316,女,0bd86eb443d384261b10c5d19161620e,卞晶,202225198108086920
1317,男,cec53b564be0212b777c455b30119c6f,73571014182,legendsecm4p1e,19890909,664542198909096555,谷笑萍
皮忆寒,女,027269201003212769,75654230208,d3983c5e0e4a615cafde7321b0e7a680,jearyTr3jerCongRong,1318,20100321
女,Hone,73008691278,648757201909131947,20190913,越傲玉,1319,a832b2ef4af51cfc2caa89badb2d72d5
48002620090426958X,女,77886081698,阴寒蕾,1320,20090426,cc,f3467d3de691e859372adbc8032e334d
zhangjianjun,1321,邹恨竹,6fec17f93d8de0f5e4f5bb3df7bbfe08,278769198306247782,78221991199,19830624,女
20100103,74955268021,家鸿洁,1ce310d2dc832a683fab487a82076b3c,男,629757201001036517,wangxiulan,1322
男,1323,da70ad146d8d908153d790dca43229c3,79162982532,红浩旷,19960207,imagemlt,088446199602073818
姚欣可,419392199903225331,hackingarticleslifengying,男,1324,79396835576,f1abe34f6e7640465fadb1575a098a7c,19990322
7ea551da0af56f19b7d0c88417e97cb9,19750426,邓可嘉,男,tomcatmoxiaoxi,1325,75386960553,814675197504264959
靳高雅,d51350cfab72f3a81bdb693c474558c6,1326,78085996490,女,744640199110145042,zhangxiuying,19911014
1327,78980284653,chaojidaheimaoMoR03r,19911022,凤梦泽,男,23862e0dd30f60803fa5fc1df73e9f84,982650199110220853
193a31c67894bd9fdffa0b4b7b36fed8,皮虹影,316836200309283059,男,Yunen,1328,20030928,78895413405
78257376846,143681197803147812,1329,5d64d6cc9458e749b90d8a6d639b27d3,xuweirmb122,男,19780314,萧娴雅
79879285811,735230200512142135,9009bb17b8610b512ec19ba47434394d,idlefire,20051214,男,1330,束和顺
1331,钟书,女,20100903,EXvenenof,77454209500,951614201009032864,dd31277bb2014ee43d9a3e78b425f9a0
77735053835,1332,zhoulirepwn,武山芙,19970508,23289219970508714X,女,14956fe2b7403c0446d4a4aedd498fd9
1333,Vancir,翟静芙,fa6e6f179f5d18fccc2e0b80902aed67,女,73150502588,20110802,709618201108029421
75574804819,女,cf79b14ef21e9b72bb90cfa2dd44591b,许欢,19850328,liyong52stu,690838198503283661,1334
HappyTreeFriendaccount,女,寇妹,1335,19921119,79146385109,d1f11766cabc7f01b0d962f1f937ea33,743594199211195463
74023850867,telnetzhangxu,1336,项秀敏,20130318,014171201303188571,0dc06d81f648ffe5d95cabe190b28932,男
男,殳萍,499888198511010254,73842070981,1337,19851101,2ac388dfcbccf1912a46d91119d1f4a2,mang0Brucetg
2b0d27c30d5435f763a8470a4bd9c8fc,mapleLionEiJonson,654446198402096263,女,1338,时碧灵,19840209,76614666520
042139201810082185,咸靓影,78153107994,1339,28e389d635c195be058f102a402d563f,女,achengj0k3r,20181008
zhangjun,男,20120519,607055201205194756,甘先雅辰,1340,961b2b797f23eb1c21cda14a10793ac0,74000462081
寿婀娜,807355201611212247,20161121,女,2bfd6a68071b072c9e3dde2a9d07f022,jiangshuiyanghua,1341,79956041074
liuyuhuaevoa,公都昊焱,465828197401248931,1342,19740124,18682df4f30e780ec6f8248f22d0caa0,男,78283774778
伏羲懿轩,50fd81ed6b8044fee6ddaa2b024fad1f,1343,78969495678,662560199901154269,plusls,19990115,女
19750320,337260197503207022,73951307046,832b05321169f6492457020d33edc440,1344,公析吟怀,zhanglanyinganquanke,女
男,583894200909112676,18ab457f601d7a26ea3e8fdad9acb232,StoneMoe,20090911,75800478084,1345,敖骞
75677129444,19931026,1346,男,怀朋义,3e1b8eeff0cca9f3f9994bc520bad2eb,XishirThreezh1,418325199310262355
男,1347,dcd7e2be8922b5e9e0978b34939004c0,19761211,卢妃才哲,79399238346,968857197612110652,Auxy233kangel
Glzjin,71c14124a06da7be34c341e181254711,73411825253,20020519,774431200205192689,女,1348,毕菁茹
20010521,542727200105217524,wangxiuhuawww,7b5592f3544cf3fa79790dbd276a71b3,78696598042,女,冀水蓉,1349
1350,女,Hecbi,73189244767,孟良策,836505197203249422,5f282030b64959ef953f7be480e92808,19720324
1351,411411201505047226,20150504,76616677524,冯楼兰,女,1b55c09ab238942e6cc635fa696383e2,redcool
1352,fa93ad2b6a95e3400754a48601cd2afa,贡宋,647359199709059418,74608514122,男,19970905,xyzliuyun
161647197201037762,女,1353,ec4f2aae7066b4a72effbd19f70db7c5,73005840052,19720103,chenfang,弓念烟
19701005,南郭菊,女,phantom0301huawen,1354,957129197010050481,75687069602,cf89a0bd72b3629cae8469b5d7540e58
1355,7c44ba866dcfe90fdb62982d25c4644e,wangbo,19951218,802336199512180784,73501659333,充思萌,女
lichunmeigorgias,元梦容,1356,285765199712012848,女,19971201,3a49cfca5a4804bb27ae76fe302a7776,78543554662
bc88c3f42a6fccf7455bf159168a9dbc,79120756335,20150705,杜安蕾,女,4DMIN1,1357,567719201507053780
3133a1e6d3b05688cce9618d8c1aee23,男,75343960367,457386197510066551,1358,maya66zhaojing,郎封,19751006
女,1359,Klausbigtang,康军,fb6d650d0bc9a14d5e258c3da14bcff8,19950719,78945726203,491992199507197922
ea93bcd8b1bb270120f94eeba4d1ecd6,堵媱,system,499142197612255988,1360,77414608452,19761225,女
704508198906100344,retme,1361,7ee3d4e6a46740af1bd699452030d81e,左人逸致,女,74096321650,19890610
bc11f06afb9b27070673471a23ecc6a9,20131207,1362,5altzhangjianguo,73608434679,蔚蓉,098670201312078939,男
445001197811195089,1363,女,19781119,netfairysari3l,俞秀竹,73760152723,4f6348660b2e06886b5c4b61badfd6d5
公罔溪儿,9a72d880aac784ca848b9dfd854f59ae,74019926693,女,905818201812099727,b1ueKirins,20181209,1364
e0600305fa3b498c5c26b21760cdcbf0,男,77664836282,mozhucyiami,1365,19781201,980775197812013930,左师芝
25169119740601051X,1366,ba0zicyto,男,19740601,73235505040,瞿苓,483806e48bdc7c9bd8bdfc797d6219be
男,f0409e7121af746abd72d3b83174b102,77631595438,厍筠,831269201810067276,20181006,1367,liujianjunzhangchunmei
女,南门雅畅,74628301280,19850523,6f2220cc21e131179b849320e287ab9b,1368,yanglinlixiumei,896358198505230927
858609200401177045,78851791158,20040117,厉子民,女,1369,8248ba1abed96d9197688cc1fa17aab8,tasfa
1370,女,37af0a5c7f5067e3e0627b3c1db01962,veritas501anquanke,20011116,74962221603,721632200111164121,祁沛
75565579787,568207200112184982,4ca23cdbd21c7d8fd1fcb4602a15829a,liuwxdog,20011218,女,工尹睿诚,1371
a146279d8e83af7f172a632c021eeaf3,487308198107034323,女,74956277400,19810703,1372,屯浑和志,xuemingkkzevip
蒙铠,77628581384,006006198407264033,男,1373,3f0f81180877c88e9a8cc43863fc7fee,cL0und,19840726
77225458196,女,905356198011147086,1374,meizijiuhuangxiuying,雍双玉,5d3ba6a5ea7c29e15831839c174325a9,19801114
同蹄仓,75046328494,0362bdf649c999d1d8f0f98a921eee80,20100314,1375,女,558847201003140741,pa55w0rdmisty
19700415,共叔飞沉,76737766527,男,1376,08096ca075dcc468db3627d0b3b26538,Who1sCarltonghuaroot,410887197004159915
dc18df5071829b4e9ea4d01d5700b3f7,273188201410147235,math1as,77236502354,1377,龙海露,20141014,男
liuyancomsimeon,束秀慧,77486525552,19781231,1378,女,fe914c4e096666aa48a8ad19794e1a01,689636197812317886
19950221,77566567566,e4a11cd75099d6c90a1547bc0b825753,马博延,1379,jkangel,男,149616199502214775
女,20000507,94ab645d0d16ffcfb5aae61468555fc1,32328620000507918X,1380,柳安波,Caligozhangqiang,74950808533
b05e8d06531037ddd4e043a85bb0a1c8,75000331063,1381,liuyuhuagitbook,男,甄蕴和,517937200312180552,20031218
a3uRalixiaohong,女,19951114,78652319951114702X,1382,富贤琴,79659092689,28b2e626f86aa58c2c5811178e535ec2
1383,公仪阳文,b86cb9e1a8e509133041ff9d7d14ea6f,219742197609130958,79916908675,liying,男,19760913
1384,女,650862199706071922,19970607,f6c41bd9e308765a1ea0784f280f4737,secicelovei,东乡晓梅,73560996613
19920924,77854870507,男,1385,ibey0ndcodersec,古成意智,973385199209243310,7a5c94330343d6e2534bff72d6051857
yangyanbit4woo,单于天材,78816201375,1386,男,19840319,2219c3d39282b27b3dd76ed81ac09b41,723523198403198032
2c668da593fbdf055d8569dce9e19068,1387,wangdanqianlan,74035155259,608242197212072416,男,冯汉,19721207
郭昮,73696958190,1388,f69d5e718637140fc7be5c5debd4ce40,122395197001260036,19700126,男,zhangmei
9afbbf5d54abc9e33dd6c64e661ffcca,公罔君浩,20000217,女,SUSliuxiuying,1389,74919745535,967852200002177229
ohlinge,77842212159,1390,9094f472d2535144f19d48a3dea5c9d5,098593200411011814,逢鸿振,男,20041101
男,73653914486,lixiulanWinter3un,1391,薛沛岚,77b18849ecd12e390b84aee44ff1d30d,19831107,843601198311077553
23d37cafb61e6ad407f57195f5f492c9,75241616204,19900614,499650199006149356,公建春柏,yangjing0day,男,1392
1393,76780372695,931989198408293366,d40870f6c5ba0d5b6abf6fe00b9db047,19840829,女,戚霞绮,redteamMrxn
315ab96a68cafb2cd978fcfe798d8974,男,贡伟晔,870397200503054531,73767609725,topsrc,20050305,1394
屠岸锦程,20010712,51ctoTuuuNya,43662920010712903X,74921467599,男,55378be5bab5509aefc2903747e480cd,1395
1396,79922654340,19820721,lalajun,22e772f2a12a918505d2e6d76802517b,095127198207213322,女,甘公柯洁
19870423,webmaster,75746957763,86fa74480e7c5ead8a65a23874d756be,1397,378598198704230411,时春,男
152652200512200381,女,79966174349,20051220,235768dc98a79af7a39b2398e5bf4bd6,1398,momomoxiaoxiwangchunmei,东陵丽文
19811219,1399,束鹏海,szfszflirong,9a91503f4e2a745f847605c56d0abaa2,331776198112199464,女,78432013836
从芳菲,73064091820,dc4a13141247bb092fd011270f12fd80,20060525,男,ligang,1400,66810020060525193X
911e61ca14246b9d199724844bfc894a,79172770099,女,1401,925582197906232663,symbo1,公房明杰,19790623
男,79895905517,Threezh1,20040709,1402,091420200407093255,947c509b09888f92cf6fe4ad84d3c521,汲暖姝
78727069725,Wfzsecr3kapig,66643d0df2b2b4defdc3e4f4bbe31c21,93021819941018808X,女,1403,慕如天,19941018
公晰宛,1404,女,78302543758,19720220,077114197202208681,Cosmosyangxue,c4ecec28a533a5f6742829bfb99888d0
78428794341,19900822,女,wywwzjj03i0,3469d10bd474deb63fe8640744f2ce00,华胥岚裳,100764199008229729,1405
1406,590661197601200932,southseast,79510991674,男,19760120,adf00707a1c0154a9ad8edb57c8646f4,温代芹
赵汶,1407,女,zhangjianguolofter,20070405,7ab2091414f53034a04fc83b37905336,296192200704052924,74917781945
24edeb15a79f1f2f32376451bae803d1,1408,男,wangxin,74900981127,19820116,丘丽星晴,176352198201169939
7c733ac8d3e09d4681eedba27dbb0f48,inApeng,19940329,1409,弓奇邃,754102199403299658,78379110523,男
182450199806123912,段平婉,男,1410,77111889354,419a55d48cb970a1774dfcbb5cc9917c,19980612,CyrusFwebmaster
78918946877,窦公宏茂,19800624,女,1411,GetFlag,25090657f5395c5797c0705287442de9,876995198006249886
43179419830508992X,203c3644935e95b7d7dab7b6c1460a99,郭之山,1412,19830508,wintersunbendawang,女,75174730045
chenjianhuaGeez,77222920170812344X,公阅淑惠,20170812,1413,c9dddd55434ab9d51db503638d405e06,78467240975,女
b1uesh3ll,77162219584,d09010dd69d2432ac8992fd2b85b9ea1,郑友,1414,150215199102233040,19910223,女
19860424,28018919860424443X,工尹鹏赋,6af93fa45cfc39e697ee658d2dc8c25f,xujingwangjie,73427707087,1415,男
a75b1aae9ec86a3cc5e8871f727d73f2,145896199104245831,rickyhaowangliang,张晴波,19910424,男,1416,73848154838
董千柔,52949627d0660dc940b8dea648018522,1417,19980914,445590199809147680,77815319727,guoguanglijianguo,女
77821677643,19760622,976507197606224522,imap,a13397026ac81040ee2f641bd81a98c8,寿青,女,1418
73841427477,490957198103274042,公胜云溪,1419,19810327,liuhongliuguiying,6b087f4a8c5d59006c2d76119a22daa8,女
676002198802061649,77543781578,1420,武烨伟,19880206,lunlunliguilan,4389e705aa9c63ae7dc50f048887e4d2,女
屠岸丽雅,19891024,360225198910242911,男,sqlseclingering,9db1ca0758f698766ba46f1741735e5f,74034435938,1421
dad3a37aa9d50688b5157698acfd7aee,wangxiuyingKINGX,20061028,1422,74873131432,崔冰,363236200610280723,女
CarlStarreversing,19900130,75224373553,fb6e738d452b505da157a8d6e1768ee1,74448419900130808X,1423,女,陈小萱
291b3cbc96e7c821a603c8c324bc2c72,875181199812236272,19981223,1424,74573583282,穆鹏运,男,gh0st7o8v
77243888779,1425,shiyan520zhangxiulan,女,19850920,036356198509203843,883b251c02797b5597078e56ef5c8cc7,蒲嵘
1426,872ee134e9db8e41f2082cc023b34270,117362200709142668,chenguiying,女,73490107092,20070914,蓟格菲
19760510,e3e5a222d7b8358608d55f79a95bf197,75272735200,1427,男,廖烨烁,383385197605104014,shasibitelishuying
78030250577,女,iomicro8,782968199311034566,1428,公行利,19931103,8b3eb223246fff6677603f9884943837
章乐湛,1429,79687038369,Akkuman,女,19860909,423319198609092640,0367b892bb8b6891707f2ac32f6204de
1430,75767244788,20181117,男,bugsafesunxiuying,979195201811172057,4f887d5caf37d4062143d554501bb021,戚立果
女,77215620080117198X,17d710eda3b783d002e50c72b251d5c3,1431,公析黄,73194658854,zhangyong,20080117
男,公输则,684446200703114678,lonelyrainliying,f6de5efdf87e56e5b91b031088c7b707,1432,20070311,75169461114
女,20050515,xiaoshenghenmangDM,敖尧,e1d887582ca3209682a0c0624ba24a9d,73190797121,074393200505151844,1433
77554113803,女,19851117,929069198511175721,吉胡建元,1434,e3f7b9adbfc8b2260c7fda50a353589b,gitbooksuperuser
19930112,94662df8b69e0e27fd3e525a7c6f490d,潘宏毅,1435,lucien116,102720199301122870,79067355613,男
171d70f2289d34ffb399ab6f18c0e13b,1436,屈门建,女,RickyHao,74821094180,19971209,657158199712097583
1437,20200208,伍巧,comu121bf0f6b3d2moxiaoxi,74640153301,男,101298202002088779,928d8af830711be48ef69c3869dc2a82
Stone,79523414679,20050408,819212200504086162,1438,女,伍琮,7753e451122c773d377f64dc8c54d9f7
19830520,刘婀娜,febf5425e7bad336f2f21ff144723e51,74706380620,839056198305206749,1439,女,Processorml
E99p1antklkx,1440,597099201403240214,萧泽恩,20140324,43bb0c75aa952cbc1b499c7a8eac6d7c,78184447667,男
c42b7df302ce4af8fc8770e49872f97c,pzhxbzwz,1441,20070220,320715200702201485,78721737682,女,公车苒苒
男,ba7b5c00903d621fc034f5ccf31d0ec9,wangqiang,20120618,23379220120618547X,1442,武朋兴,79356718919
20120202,男,72f4cda0b801c2df0aa3b0c802b29f91,寿冰旋,abcdefghijklmnopqrstRidter,299398201202025551,74769431984,1443
男,zhangxiuyunfuping,19900504,1444,f4e139abf82dd8c873a25b9e5936bfb8,公息屏,714153199005041232,74638660562
男,仉督兴旺,176639199204283032,d664e074b7eb96d946b0deb8806c14ff,79032194701,19920428,1445,Vicendm
77206027767,1446,overrainbow,女,376545198606167426,19860616,c499a157f236220c2a63362ce0ee882a,丌官雅楠
c9f8fbe613bb4dfdd7452a52f1e33afa,76638217402,公房访蕊,96255219920109741X,19920109,1447,chenxiulangorgiaxx,男
458327199112215822,19911221,1448,e15da7e1509e7e4c01026b8dbeae1e30,女,75697879328,屠岸嘉许,guoguang
庞浩漫,74608737571,男,1449,wanglihuazhaowei,232315201412143232,20141214,ce2156e0cd26299a59eb892b92f9cbc6
男,公刘天和,payloadsaye,381027200209178559,1450,20020917,0b9a75d6a88721a4bcf94f0fd668c56b,75885358442
3f793cf7e442c57f0abcb17cfad46cfa,女,Threezh1wangqiang,185599199709174183,1451,宰键,78225330811,19970917
姚艳玲,byqiyou0x002,837667201507012621,73310389919,cbf04be9a8fdbcaac30508c48541728d,女,1452,20150701
hurricane618,3c28efe497c8bbc3c3c34cf46d32986d,女,75768896512,19761018,卞高驰,648428197610181045,1453
凡闾访枫,女,76746776994,671813198407290466,chenmeipeterpan,2c1e80d50f427412a118dc4ff4881fa1,1454,19840729
742071200403045024,abe8398abd4916bd180ed159c3440340,女,陈凯,da7uran0ir,20040304,1455,75947568415
1456,508758199212207652,男,78203823783,19921220,lixiuyunzhanghui,23a73a55b021c3e5a94cc56c97fab54c,禹高妍
926014197709043510,男,华雯,4015af921d20a6a0cfd2aa78b98bc0de,1457,liming,19770904,77425399048
eeba19dec44f8c79b7189e927616255e,籍昊焱,1458,301921198010138329,77262240488,19801013,女,SecWiki
胡毋文,174734200306110973,dedaef4d21cb2602930119f63a77e46c,男,78196729677,k0rz3n,20030611,1459
龙瑛,622760199003210613,19900321,75673373797,9cb66c2722356b9720da7aee7469af28,男,1460,weaponx
liguixiang,19870309,79608599192,1461,男,7acbff858e40b99014bbf6fafa3fd20f,553248198703091439,戈乐心
849021201311194541,1462,女,825a021876545bc80937100ca7f116b7,75081652742,20131119,0u0,公群平晓
71268319741029131X,隆平安,19741029,wangpengchybeta,79361082198,男,70de561634c850810308f80c5751405f,1463
男,78069087690,710692197503123037,1464,翟媛,NuclearAtklcxcc,19750312,d31ae3b384c148a1c9c48fa7adac6b7f
77373772330,左师旭尧,cloudyu,19801231,135598198012316479,男,1465,24c077ac4a454353d39d80abdf7dddd2
JISECsusers,75389966126,19920613,092447199206135223,訾英彦,101a6ec9f938885df0a44f20458d2eb4,女,1466
晏旎旎,885442201601317244,20160131,79603563798,ProjectMoon,72cfc25eda057f8860b2f7117daa8a1e,女,1467
男,75176679479,418f9e6da8cff98b4d3520754eba2506,194639200610105335,20061010,厨人文德,1468,Yokeen
MagicZerol1nk3r,19871229,1469,女,472747198712299389,79603586341,向同方,f5cb8f3afc3e573de8c08355ad73f435
男,冉雪晴,uknowsecjayl1n,e65c3e6880639feb06cb16d69a9ffb45,280615201808247250,1470,79844046187,20180824
77767252655,19900725,男,4e1b302b312755e4ef5f0bbf7eb35c08,1471,蔡铃语,CDUSECwangsongstriker,240817199007258714
男,3bca06a34cbf27a10dbf5f93bb91fcda,公祈文栋,19720722,13210419720722927X,1472,retme7wangluojingling,75927220432
chenxiuzhenpub,969341198607136046,78756822398,女,伶舟鸿煊,0f98fd4fe158836ab40950089087b6d6,1473,19860713
760473201207216157,1474,aliyun,20120721,77601962629,男,潘俊美,30d4e2f54641999c3fb3400b2452b821
671532201608207726,王官华荣,1475,20160820,3e052e7e202b4e5e0ddd7001a114d844,75701974986,zeddyuchenhui,女
1476,svn,19800520,73495090527,565438198005204055,4c71f798176da42ffac83aa3778f1329,利雪晴,男
1477,cdb1a53490ef0063ecea322f51273004,75351177621,802727199401200282,女,wangyuhuadevserver,濮建同,19940120
19720902,78317655496,男,1478,806708197209025117,堵微澜,zhaojingyangxiuying,d5b1256e07f90b7f1724cb34b3971f16
73569638369,034304200003275876,姜紫丝,20000327,男,northity,3fbde33d5487d3c1e54e0e136e5ef782,1479
026694197307031623,74622252154,WinMin,19730703,1480,cffbad68bb97a6c3f943538f119c992c,女,舒玉
凤英毅,3adb02fc27f571f05ec05cf730e3d611,77338436623,20160907,女,memcachedSycloverSecurity,725461201609077921,1481
76762410622,1482,女,20130324,金莓,b9417fe9f931619dafc7fca18116e6be,806203201303249643,lixiuyingspace
19910823,谭彩红,4o4notfoundtest1,165250199108238315,男,78611579935,1483,48e74a00b7fc46a8c5bbbac075da460f
080217198907183431,xinanzhilu,男,穿封冠,77565653987,39d606d4619ced5bda7c79be0fac581f,19890718,1484
19820203,b27587f64f14427ab566b5a1d1ee5ca4,女,1485,Balis0ng,028104198202031621,胡毋馡,79142497935
19921013,公敛秋翠,女,75547514481,1486,310436199210131589,admin8,d9b665f376bab6e00569116eca01fa11
sauren,240601fcd302b6b5828892ed067fe500,1487,189718198807142064,19880714,77315912321,女,敖元纬
Wfzsec,19761102,549383197611023731,fc48ffb00753ec8b52405bcabe097906,1488,75916181891,禄德水,男
7dd8b71321d7771167de72a248f17576,1489,甘公永长,20010113,987716200101138180,女,77732362834,Misaki
ee574d4d15255e19b6e01d04c9b19213,仉督倩,zhangyanliyulan,74068589271,428141201004253881,20100425,1490,女
女,chenhuiAkkuman,王官秀杰,75511265595,20100615,9f2d6aaccf151d4cd2736517f6d7c653,1491,887902201006158021
390597201605033951,zsxsoftwangli,20160503,男,79313067486,1492,叶荣霞,730e61c788ecb94e168112f2ee775a5f
a959e3acb11cea9ae1b991dfccf76a92,79838986465,1493,035300198808028958,dongnandaxuewangluoanquanlianmengphantom0301,男,19880802,宓昴
公祈诗芳,75324522578,1494,女,897540201210067985,20121006,liuying,5a7b8576c09bc33ca2c44fcaee1ab80a
女,329356201412223123,20141222,75621459645,28ea0697d75504c1c0388758fac01784,mrxn,南宫儿,1495
男,1496,78933427172,20031123,Mang0ring3,683505200311239815,98fc2811ace46822a788fb6293bb6f81,郜超
1497,77768089133,19910530,女,505513199105309649,d0722533c8c3ab121d7318b22911da0a,羿姗婷,7o8v
4ad0b12c1bbf4d17de3dfa3ec0046abe,650486200610115737,1498,76799596605,nMaskyangwei,20061011,司徒秀竹,男
502102197906126647,78340881925,19790612,wangfenglanxinxianquanzhishiku,公祈熙华,603c7a62b57f371167a0b9482e87853d,女,1499
关龙半凡,78211793267,r3kapigpurpleroc,19810524,f52e2e2320200458980172f556df2f6d,男,1500,908749198105246617
f4d4965c5c286aa3f834a6c142f1d0b7,evi1cg,毋哲茂,1501,女,79658752464,330636200207017128,20020701
女,177945199501313167,d982a40fcc607ce9a2f27f14378cf5bb,侍其成天,77395352185,tr1pleWfzsec,1502,19950131
公晰星文,699090197904175747,77414352362,1503,女,zhangxiuhuaKingkk,19790417,e18827e423bcda62692fb46d517a3639
男,双晟睿,de93e7c47800c3c57e7ea674792143d1,1504,20140401,74707398874,070218201404014512,xz
857603201509043271,男,1505,73274638653,曾宙,liguilanhackfun,e2a9c709e450d6bf32afb96642c26e8e,20150904
女,19810407,1506,961d561f82c0b59c04fe7c12c1e1d176,74851410848,RcoIl,531696198104073869,戈健柏
likai,1507,578544197105111158,19710511,男,77702447706,冯平乐,30b7eca9b287f2b7e4eead50bb40d2a4
1508,613642199910128542,74608088784,19991012,公保婉然,女,iretGlzjin,e8107324cf1809b0a500c75af9558c19
a3cd7aac311a8cf81809c43fc8772e66,yangjie,女,19840718,355701198407183642,顾英范,77273116362,1509
249792197106037128,19710603,女,fb95629e097482282808236504e8f623,1510,Threezh1liuhua,焦睿文,75581864967
1511,男,474b03e4780c0bd1da87fb96c0241746,20150504,75137357247,103041201505041372,蓟高扬,notwo1f
公休海云,651323200308157151,e565cc71aa67d4037a4244b4c553c003,Yokeenzhanglijuan,20030815,男,73692216931,1512
1513,76682111545,男,871a27a49bea72065d1c0c91330c13c6,19720428,669832197204282175,gxgoodboy,黄暖怡
空相尔岚,19980529,39f26fa67539e652a8ee0a6d4db65c1b,lucifaer4ido10n,764726199805290459,74585188761,1514,男
206488201807120176,74692527195,1515,20180712,937fc5bbe7bb5a461a7e849a9048c647,靳景天,男,liuchaochenxiulan
8105b51a0b4d6c9616068f330e966b4b,20041010,屯浑文瑞,女,745811200410100626,1516,zhaominseaiiblog,73051091546
1517,477756200110299825,女,20011029,蒲玟丽,lixiaohongzhangchao,f81b2b191b432a7fea253ca3cc415609,76774912225
咸成和,590255200402169536,1518,1e6292bdced3f4bad47a28628271f4b4,73083773941,ftp,20040216,男
9ac69184811c7678c4bf8b52158dd174,1519,19950814,73696242798,公成娜,139073199508140140,女,saurenyanglin
73575377919,372764201801070321,wangyuhua,1520,20180107,武容,7b06b8d559d3a5037d43ff4218efabf4,女
女,1521,师刖颖,SecWikilili,269646199201148781,9190ce31df9e5d15d5c087fa15732d5c,19920114,75599272796
胥弥勇,ksowowanghong,75877054421,20030607,14add74707aece88ced76de8322a1d9c,男,914454200306074770,1522
liguiying,花蕴涵,男,19700507,76697932056,1523,327966197005072377,1d22076251c89ebb08e095f7f5ff2dbc
女,苍康,liweianquanxiaofeixia,73005127960,259924200909094960,1524,79a994aac7f9a42dbcef1891e6c3ee90,20090909
75511213534,MoR03ryunyu,283f42764da6dba2522412916b031080,19880109,280108198801090646,公荆绿蝶,1525,女
bcf253157368702449282a38edba1dc0,詹玉英,19790701,1526,79533860429,021214197907018344,女,Passer6y
eternalsakura13xiaomi,1527,6691c61ff49fe87f96678003d8720470,男,73838015144,346614200710161273,公刘谷南,20071016
308326198310130463,公广忠,1528,73181434885,女,19831013,ccxiaotouming,d69759b9a16c25941a0a308cf8b7936a
559052200111042659,z3r0yu,男,1529,74969242478,77e0010475676509a2588670ca25ad38,20011104,庞松雪
chenguiyingWfzsec,1530,袁成双,男,cbd934cbc58f90c01b52d85ee8285ee3,77485770924,19750831,242123197508311319
1531,466941199501087780,se7ensecSafe6,女,0af59a7775312d11c6e9c2e818941d37,19950108,74767513619,冷沦天泽
73954114469,717190199403165243,女,zhouweizhangkai,1532,4a0aeb7a78bf4e2aa13df5804f6aa62e,19940316,蒙笑旋
936817200708200640,0cf8d2129851217279d5219dded7d8fd,1533,74631114279,20070820,左丘文光,sari3ladam,女
767000198411050256,男,73014730695,1534,2bc38fb3fd3cd88df7aa955e002477c3,19841105,公休绛,zhaojunlc4t
75190069339,19960527,1535,女,750bf0eaf2948974a8ac00483bbe2809,743155199605275849,zhangrong51cto,堵山彤
1c0e4b337c706fed206eb04ad97d8497,wangdanlimin,79508909438,19820805,郜鸿彩,1536,男,049283198208051872
20180419,5c6f4fec594d98c0cad9df5bbc1449a5,男,73368515207,quininerzhangfeng,公思修洁,829353201804196872,1537
2c96412ac3730d691bc1e296f1070ec8,男,1538,586116197603130338,79942601647,籍力勤,19760313,cjk123zhouli
74732838600,20181228,1539,641587bc8c07667795a1c6af4a5e7fa8,952688201812284767,女,公车敏叡,Yaseng
男,19770221,78938381640,3e8993cad567431f709160ffcd96f119,307010197702212879,liuping,1540,沃明杰
060020201407159660,1541,zhanghuiimlonghao,73652829082,女,272f314fd12d300362e11dd5c1c3e64f,幸俊拔,20140715
1542,Coco413saurendaxia,20010214,女,543171200102140983,075d091777f5a08baaba9cf63699b6f7,胜屠傲云,78227050194
1543,男,78398595460,275728197408180334,zhangqiangzhangshuying,羿华采,4204128d75c57465417d8e02711c4b8d,19740818
1544,78197976085,212527200503307587,郭八雪,zhangying,女,73eb8e37aba0cedf6be28844d8bccaf9,20050330
20100315,男,丌官筠,liufengyingprocessor,77843738030,2203254c632e00f1bf5d2f5d52344dd0,003427201003159259,1545
986f03b4adbb4bc97d80675c5bddda19,78118243432,1546,19820513,boogleLittenFisheraustfish,赖女,女,457128198205137843
1547,wangfangapple,7d7f32f8c53c53d68291c432254ced70,19700616,信平春,75539366840,女,711367197006168064
572459202011211366,Wins0nyangxiulan,金月灵,75735916699,女,1548,20201121,561a94715bb536f00a63edce7bd1a11e
男,甘心语,exp101tkyrios,315194200109079138,1549,20010907,74503336198,5884a354fb8bbab523b205910032fff3
174576201902116711,f72748f9b829ae42dc633725022a90cd,20190211,男,甘春娇,78629780934,1550,LionEiJonsonLANVNAL
227631198804063148,wangxiyu,b4bc18d7b43352cf993a70b1834317ac,1551,女,77650478034,公析娴静,19880406
黎皎洁,19751024,omaebiclihongxia,d68e84140e6956552ce2dd8edc2dd627,女,27723019751024728X,1552,73755851584
694986200302195710,1553,男,hackfunsayhi,1800c0e3ff7f29d7e35358199edcbdef,20030219,辛邦,78038370891
78761440620,186977199102262675,19910226,男,1554,项宏放,7adb0393c67b9eb2e46653326176a007,JISECthunderjie
78445145539,625360199811075668,1555,廉帅,19981107,女,f9e426a8322ad37a566c05e85f3ae4ca,eternalsakurawangrui
韶正浩,19941027,chenli,130505199410272551,男,383d1fd065488aa837e2f72563c8056b,1556,78463255426
e9cf07a0c42cd0acbfa8ac3d6289c9f4,1557,sycsecyunyu,男,江彩娟,19780307,75743603350,873166197803077252
73830084828,男,20160815,76e0008df5a9a1b595680fa6bb54b84a,634689201608152832,yangxiuying,1558,胥弥嫣
77213514783,1559,118254200807112716,20080711,71be7e625f80f0f00fd9bcf39171b795,男,Cytosinedaybr4ak,于弼
78909326566,20091109,406b66d35043f00dedd6aad48410d3fc,shiyanchenbo,1560,男,78310820091109637X,郜高达
bf66b4061e1c65d07a80eabfbe18d95e,flag0ac,836299199302283821,19930228,女,76703495380,公何溪儿,1561
20010612,女,1562,祁琼诗,969263c025fd7ab20519d6657dbc86dd,smi1eliugang,75853640620,199423200106127028
20020713,753c8dfa89dd5acf3bc38552bd1b0fec,1563,348029200207133113,男,74838078102,公房天干,chenmingliuli
fab8e3dac7d02cfb7c55ed5232edc0d0,权锐精,79884181094,男,19870625,1564,93021219870625061X,wangna
073644200906093479,79970440652,githubvirink,1565,史心水,男,20090609,168e421608756ac8afc64c4d4043f116
00221020030716941X,1566,男,quininerfarbox,方嵘,20030716,79809282510,5f70c7853109a3984b3178cacc697ce8
1567,8ec5af667b7be97ddeb18db02882607d,zerokeeper,54250719790113557X,男,相令美,78705637072,19790113
女,bit4woo,劳俊迈,77676486025,19951106,066e1c35c452f1a97f096c4f3314671b,1568,825403199511066140
1569,701786199411292120,女,寿咏思,75931961091,9dd71fd16626b2760de4f7716538ebfa,wangfangtricking,19941129
712862201112309321,女,侯冈正信,20111230,0664e54a368cfe4215c2f098460aefee,peterpan0927cn,1570,73322329707
靳苓,Processorlibin,563765201708199828,女,efc52afc3bd29823d854c76b68147b2c,20170819,1571,73408960155
苏晓露,Cytosine,1572,女,040597199302201946,19930220,e2e24095b52063326e4b0a13c1838165,73153032521
0cxgv7,20070222,77512721692,丘陵鹏飞,1573,d35df2b5d9f4dc313edecfe3b6732311,男,870819200702227616
563438199705176529,女,78797661390,相如馨,liuyuwangjun,2f40465a4f9abcd420951ef301669c51,19970517,1574
1575,75043487054,lixiaRidter,19740624,2933090da3f8ec9e1dcdb5eb776b0401,女,700682197406241889,邹云澈
73848981529,蒙舒怀,jkmev0w,20120724,1576,689cfbf7c45ae39fec6016fbcc3bee06,女,610664201207249962
19711120,1577,314356197111208231,77280329707,liyuzhen,48e1db4436ce19b0141b0369ae05bf6b,空相璟,男
即墨安福,b0b46a227a56d156af902cf6180ae71e,Lz1yzhangping,20021113,73111898348,1578,322074200211139043,女
gh0str1dd1er,女,211464201103089883,20110308,信平清绮,5545e02da30185d5321c5abe1fb86cb7,77612512398,1579
19900528,1580,434688199005288622,78827243287,Lcychabug,77fab95de2c362ba0ad0b1b27a9f058a,端木育梅,女
20061119,319085200611195881,女,23eaa32afc0224947c8eb5408f8ca96a,1581,高爱琴,74985763918,NuuuNya
lidongmei,章仇浩慨,8d667d73f7e9ff2a27746b9696ee7a8b,男,553784200507075936,73409022118,20050707,1582
19960827,1583,blackh4trcoil,女,上官仲媛,991778199608277462,7835c1f96d158d50def484621d902d35,79092914034
905166197812277654,1584,劳思宸,liling,34635c719128a703d7718e0072b76499,男,74096933231,19781227
587758197606036555,Tasfasemaineblog,19760603,司徒瀛,男,79842385336,1585,77d1f75bd6640cb47dd6b45f5ddfc720
92c4b5dd924aa83230e6d5578adc284b,liuchang,352613199302096579,1586,19930209,78594611246,男,叔先雨花
b36d331451a61eb2d76860e00c347396,953130201005231289,20100523,weblogicleqingxiaojunjie,1587,宰丽泽,女,74583185954
男,邬梦桃,yangziwen,75321116153,1588,023375199207203476,19920720,14ed1a22176d3805f01deeab4c7aae03
77175132636,19700216,女,wangyuzhenwuhan005,3795f359e34433b010a18664d73345e0,魏芊丽,1589,123735197002164448
liyuying,舒玟,372165200412255639,1590,20041225,78330207049,6c44e5cd17f0019c64b042e4a745412a,男
男,79315654477,jisecl0ca1,1591,公孙玉树,20080406,354a7e1ee6f448a30c41a4ea39f1b4ce,362837200804061316
1592,comuc531954533eaBerL1n,043680197708224162,73895969219,女,43be122cdaf634095a41416c364813b4,彭瀚海,19770822
庄白梅,女,793152198104279345,m4p1eluhrey,19810427,1593,4541e5c1716e2f405986be2f735382ff,77224687497
男,1594,79392700288,Klauscc,19710108,317667197101086371,浦昌,5450fc7451557004aaad93fb7f12d6d6
女,Wooyaalilanying,08133019710806608X,73977963245,19710806,仉督经略,1595,53e5041fe588c9745b6a652d429f9d5c
Patriliczhoujing,1596,74838616912,e54c2142d70d351fd085fea05bfb48a1,沈若灵,029057200310040419,20031004,男
008468201706272460,829a47444814af6dd6a2224cb9c25971,20170627,女,73556935953,1597,江韩,lichaoshentoushidaohang
男,93a2dc2077ce07113dad1dc31ed7efc6,000419198603255618,73267385443,傅余晓楠,1598,lalajunNODE,19860325
ecb01cc7ff5a79ba1b82852f9bba72fd,1599,男,75536869039,jianshuw8ayy,19911231,阎星华,344075199112318755
20010912,f797339f741e6cc785cc82188f0404f7,hazzel,1600,966733200109121174,男,73433007138,左丘问丝
20020416,031217200204161529,4803ca14afe6a1004c8e56e9a0954d4f,女,叔促馨香,1601,0x002,75017814350
abbd038eca1882195aa6718514ebf7c0,男,1602,78245338723,工师毓,946722198007116734,19800711,riskivyimagemlt
男,77657314793,259550197409081377,chaoge123456,沈颖,1603,d8cea5b1bc75e84bb1fc1a8f5393ffcc,19740908
comubf30f18c872czhaoxiuying,20181207,1604,77307479587,女,996799201812075784,56b7c8474e1dcfabb814bde3279d58c4,谢雨花
074470198605137039,国高格,男,1605,73305156233,63fa0e3e3f9a2ee0196f0f92b1f93e50,19860513,happytreeweblogic
93685819760305124X,Dispa1rsemaineblog,3a105daa1c8fbfac8b3ebf94636f2027,77850727691,女,19760305,公索欣,1606
1607,19770213,女,klkxsher10ck,3eea761e54f6cc0aeca17c4fe59b434b,74946022045,高泰初,382124197702136021
1608,722069198709144919,wangmin,77256586527,男,5933976401ba4acdbcb106bfbd2305f6,19870914,罗俊豪
20190601,1609,78111515037,武艺,女,memcachedliuyuzhen,06c1381b934e75eb92c8ed1e182b64bc,812759201906010727
78972866791,882524198904233553,896a899aff8afd578173dc1ecc649e78,19890423,1610,男,公朱英韶,LaLastrcpy
男,公甲魏,22490524b62b37d33fa5fdc15e108531,1611,956478198709130730,redisMrSong,19870913,77603685526
男,1612,叔促叶飞,194097200602281954,20060228,79835451645,ad1c5f1cd588a72346adb53f2e9bf8a0,WangYihanglining
75796887187,20120604,1613,zhanghua,630928201206048071,湛景龙,3abc6a4d50a2a347d270a265ba0bdbbd,男
79600168815,72c124ec9797b37e1082c24ce80bdc1a,1614,公孟歆美,yangxiaodi,180862200808227986,女,20080822
zhangshulan,女,76637465091,1615,巩伯沛凝,462714197203173928,191338adefd9ea86e0b3be8dd8353fed,19720317
1616,20091021,51bfb5751a1c854d4b2abc57c45c45fe,515334200910210164,74676369559,LonelyRainxifengweiyu,女,甘枫
男,1617,74068787579,19860430,凡闾劻,924612198604307359,wukongmy,869b6c0e2c25af8e802564ba3b14c504
w8ayyChangochen,816217199611147331,79504117829,85554060af3cb5237e2235955da2b5d6,逯德容,男,1618,19961114
cal1,412054199901023065,19990102,曹闳丽,1619,b302b6b6f05cc853ba374497a16b23e9,79178434337,女
公敛琛瑞,75661362893,2baa3b5496d118e1d73c8a885741ca4f,947132197303053818,linkarticles,男,1620,19730305
1621,Kyriosit,蒙奇玮,19860130,78212549409,男,44d376ce97228b3b732cf743ca230ca6,717137198601300956
元亓志文,liujianguoaliyun,845091200511135643,f53ce67b5d030333609c3b15a327d3e5,20051113,78894399606,1622,女
1623,19850714,smtp,75902778130,368129198507142029,女,cf66a89ab2965ee52b99a4bc7a19c1c5,公孙伟
20060714,greenmzhuiguangzhe,女,贺玲娇,1624,202462200607147823,75199866448,e033c5b73104a65c178be23391c8cc46
女,lanvnalpayloads,20190417,451643201904178329,1625,连哲彦,74774195677,235e2ca10e08e9142632cc604d6c19d6
09475ecf5bc7c11dde6a244130f25638,74956694186,20041221,富天翰,1626,cobbrcuijianxiong,女,686013200412212764
libowangjianjun,73475608565,女,公旅凌雪,7a3ed3b78c400671adbf8f62e28855c2,1627,826091198705199167,19870519
1628,403416201407014633,男,那凝静,We5terXDSEC,cbf951c3050ddb70aab3fd3fe518d242,20140701,78882836827
75229785799,TasfaB1ain,水清,785333199405285227,f1e74294d18ed1b665b751360ce6850b,19940528,1629,女
75863975850,20100705,东阳庆生,女,c923d52775d0e2d76182371bc95edd9b,967391201007055767,zhangjie,1630
男,公丕,lixiuyingw8ayy,5e5baf16089be9deae617e5d053a724b,75153848300,19791122,1631,060739197911224758
19740407,姜舱,女,666229197404070421,7b13d56a6009d620dd01f631f9a86647,rama291041610,74847746353,1632
男,73785468218,kkzevipml,c351eab6d95b24476ddf13b71b85b8d8,1633,鲍永昌,20110602,365614201106028676
伶舟晶霞,eadc5afc4100255454635b432f6b3b07,41500519910324247X,19910324,1634,0cx,男,78222437336
1635,5aad1f43be536b7aa03bb2993f285a30,贡金鑫,Hurricane618Ethancck,19820324,女,908271198203245087,74845733742
女,李琳溪,1636,wanghua,20200529,380922202005297586,42ec5afdc6370da4d5618c7279383809,78053773634
830030198002168755,76776880008,1637,饶嘉澍,男,19800216,b62e715d2a19bccd9fbb6d52be0ccbe9,xi4or0uji
20200217,1638,男,chentaozhouyong,77738470922,扶凡旋,a08dd655a04c8c4cd541c92c6d5d1350,006232202002176935
贡华美,1639,034887199412229662,zhangxiuhuazhangming,女,19941222,77156085115,8999578bc36c86bd387debc0e2544094
19910216,5alt,78505110467,634345199102166185,女,8b3a87589123423a8270707bc89d425f,1640,中叔蓉洁
73323742816,女,1641,19930429,毛晓楠,b7350a7913328d99358e545ddb227acc,Rvn0xsyzhangjie,044311199304297622
d22f89e3973fecad3fcae8c54528b49f,阴寻云,1642,19870227,男,76715347337,868247198702271658,zhangxiurongWe5ter
女,722977198301086726,78791264815,浦雨竹,DMd4m1ts,2e1cd8e71629d3d7e0385de555d80587,19830108,1643
45bc9c25480154e3eeb7a3d14f3de42e,男,1644,77711007289,455820198110155374,武敏叡,19811015,sqlserverRcoIl
19720812,浦鸿博,x14hackmylamour,1645,9e32de62250c3e79d12361681ebdbfc9,471048197208126633,男,74070425265
74646330101,1646,3709802957ab62fc26a98403b472d454,wangfei,暴莹,男,439055197003245173,19700324
1350fa50b6118b9d9bdf9de86df22f3e,064798199501171115,乘马代萱,78826399360,1647,男,anyu,19950117
屯浑星辰,o0xmuhe,4173abd52f006de688eb1c782d2917f8,212372198806058822,73944515119,1648,女,19880605
42248e8a48dfc771e8e58d617ff90225,女,19861123,zhangjianfun,1649,049503198611230947,戌倡,73957670683
20170110,e85aaba241ac6242f75f98bf9c571c89,男,569320201701100419,侯冈雅蕊,79514906997,lufeicdusec,1650
79930589066,gitbookZedd,1651,19710926,窦公月,618150197109260570,53c91501cf43e913e8345437bb258474,男
1652,惠雪翎,501388197511298655,ed9de9414a228c32d6d7f4ac521a1e53,男,zer0yuklaus,79041308637,19751129
女,wuxiuyingsecice,430103202004278043,菱莉绫,1653,20200427,77606904292,960ea978cc786136fbb410dad27fd808
wangxiuzhenlonelyrain,翟秀梅,337de7851ed548400d0808ed4db946a0,1654,78663888618,20160123,女,934223201601231348
公析中,c1bc97b1eb7bc5178cf788550e56dd50,女,78331402945,1655,862880197404173768,19740417,xuweicongrong
丁若千凡,26fa250ae1b8f8ea6671000aa1ecca08,lovefeng0xMJ,78313681832,318846197302215424,1656,女,19730221
101070197903027665,15e8a44b9913076cad2ef926d18634af,京城建修,77199504808,Evi1cggreyd0g,19790302,1657,女
75109165296,8d150038e3a5cf7d8800966f43be5541,鄂若,imDarkRay,20090911,男,1658,953116200909113136
男,1659,661034198312227436,胡绮,3bf1114a986ba87ed28fc1b5884fc2f8,19831222,75676143130,liubinRocky
79528318319,谭裕,qianlandr0op,19920123,130318199201233485,女,b290cfe7b96ec650515d13ff5b48afbc,1660
1661,男,75102187395,20080110,0d6f34bb700e56873f5db2c9ae04cc42,ZeddYu,906147200801109352,酆贵
叶睿聪,xianzhijishushequ,男,18aced2667d25fb9a3827a79825f0b7c,1662,79148735728,19820228,165630198202288054
chenpengph0en1x,20010610,874928200106105140,巢兰月,女,77681060280,1663,d7c50083f7b9be15dc4210f6731d1fed
01cfcd4f6b8770febfb40cb906715822,548443197805139381,1664,75308148348,女,Mrxnmeizijiu,19780513,陶艺
73925460368,1665,40932fbfd501ce4d04cdb9e22763e55c,男,191140198201248357,19820124,lostwolfpwn,吴望舒
1666,224357198901268369,2c7fe271ed304f2264c6cdfd8ae96105,19890126,秦庆,polarislab,74525252500,女
1667,狄信鸿,77179532257,NuuuNyayqxiaojunjie,075374201004022979,20100402,71bb8d8650541a7e0acf394197fc03d7,男
1668,348042200112023684,20011202,75346600459,女,daizibukaikou,94d473ef6387306f3e9e3bddffad54d1,顾锐志
douxiangkejiredteamwing,女,欧英资,1669,415512197811293982,9be0c257cdbf7708625d2256a65f5a4d,19781129,78255605729
女,58442919770325588X,77572204232,83b4fc1f3f63ecf6dbfaac2d827f4d31,19770325,关其逸云,Wingcool,1670
祝思敏,74615133303,20ef3c83bdbe18fdaca89ba5a7ec2b13,男,1671,981366198703252876,19870325,lifengzhangpeng
20020228,羿彩娟,74053282029,351716200202287465,6e6235b8e180b4fcc4171c0fe99a62ea,zhoujie,女,1672
78420925517,595881201102084033,5765b9119834c0b14193f792ce86d0ff,ademaanquanzhengbao,1673,端木奇邃,男,20110208
480147200403050165,ec1fa0dd4d77ea9366e5fd6fdd193e15,窦泉,20040305,avfisherdiaosiguidangbiji,1674,女,74813679018
6ba4402d279bfc19c186273958b9e2b2,65057320190525066X,松瑛,1675,20190525,75668901188,女,LonelyRainxyz
19740324,76658860337,1d8ac01da298df4efac349fc1fb7b52e,552036197403243056,1676,lovei3as0n,男,阴文柏
19900718,724ba4f9b2ff17e152d05378196c1e5b,leanotehackingarticles,伊兴德,女,1677,993129199007182582,73375001202
19810827,szfszfpaper,472672198108278419,焦新巧,1678,79154014149,男,2bbf2d8ff66a62f5ae4b90506a60f895
c05dd7345878af1fce205df4d1cbe957,公舌晓慧,77648760170,sshchentao,1679,女,19770717,312471197707171043
liujing,78565032776,男,248931200907069711,6a02d5937c467f8b4b5d84df8ee83d37,20090706,怀殿,1680
infoac166,1681,283471198812122248,66ac89b889ce80bdfdc9487255262f08,女,公孟凯旋,19881212,78096533454
77579774086,1682,422448198502225323,后平晓,1f3487b9104606a25b802eedf6356d0c,19850222,女,Tiaonmmnlihao
公旗访烟,224440201506134670,20150613,chenliangSheldon,1683,ca5b7124c3b38196a24a99099b7b4939,男,78321329590
19870129,3af024e6d6c2ac726f8392320fad972a,1684,559076198701298612,77491672643,f4ckwebpeterpan,男,束飞翔
f83e393709002211cd89cac690857784,女,20060128,1685,公胜高芬,431156200601281181,HACHp1y11en,75518486924
1686,19961125,78785596788,88ad2b871587445cce4907fd028091ba,男,huanyuechenxiuzhen,林芬,15366519961125215X
160358199202107567,73782508922,19920210,1687,cc3bd5ffb664b3d1e97b66ffcb8e3f32,南郭奇玮,女,comu9c3ca1ca4784
1688,75552096820,wangtaochenjun,江钗,832485199502122140,女,19950212,4de8c239d265b67f6f2fe3d94b1ce5d7
756855200710270271,wangruilixiuyun,20071027,男,1689,711abac859ba723539703c6c591d1d54,顾白莲,73982348528
19881022,74785041402,7fe31d164b79b463ad13c4e3a07ad8e9,793778198810227231,cduseczhangyuhua,1690,男,伏羲嘉赐
费冰旋,124349200102034888,77872273238,1691,20010203,67163c4d6b0b65eb6122a448f949db36,evilwingRcoIl,女
chenlinxdsec,褚裕,1285384ddfb057814bad78127bc789be,20020722,75712785274,1692,男,67442520020722273X
288934198806308070,19880630,1693,叶心悦,75633319215,Aryb1nSheldon,男,07739c1a0b43ed414345e83a510127a2
19761220,詹悦恺,1694,7ef840fd20eda639f713adb3b734fb4c,XMUPh0en1xanquanxiaofeixia,634128197612208553,73944721931,男
042439197703232755,男,75578566527,liupengSalt,1c395a8dce135849bd73c6dba3b54809,19770323,鱼娅童,1695
Alkaida7um,20101113,79586879054,男,338786201011135772,濮新翰,1696,afdd0b4ad2ec172c586e2150770fbf9e
74789560940,崎邱醉易,lijie1oid,1697,b8b720ff1986d832a4d69b2d1503e41e,女,109597201512102043,20151210
男,通战,77722601881,wanghuan,3cfc68c7ad618c9f902a69c7a668efbe,1698,485175197412236231,19741223
女,74630577123,1699,2c565ba46068193796f34ef651ee9303,13662319920904928X,momomoxiaoxi,19920904,武惜寒
73067027569,78498819930706898X,1700,东闾璧,19930706,女,a8215a911dbdaed1e3f97689a849425e,hachp1
peterpan980927liubo,b11f866069ddfe9f3a0f727bb49eafdb,男,1701,77694401017,19800706,农熙怡,101104198007063875
37096020110330928X,20110330,8e4f1b823a165f0d56419482eff64adf,1702,后成济,pupilescws6,77500719061,女
060298201312025417,1703,隗雅旋,男,20131202,74843298723,5ff78882dde54719005e5f88d4717243,lishulan
323021199607218939,funAkkuman,3cf4c8bc78e8f1988451588241b4ef57,1704,男,阚昌,19960721,73763823553
冉冉,79017014994,1c4416d4b23fb789a17016e0e4fc6061,19700718,wangbing,女,624338197007185025,1705
744613198810084814,77132457269,Safe6xifengweiyu,1706,男,19881008,9ab1db20ef8c59e9dac7917deba4b989,郏柏颜
ea67f71b8aa29cc7bbdcf7cb043d0cec,男,067016199804229230,1707,zhaoliChu,项浩然,19980422,73606687401
20080811,男,2c16c093eb403446257394174ce35482,宁天泽,56206820080811601X,1708,73753378434,PwnGogn0tr00tSecurityTeam
duzidengdaigaofeng,5c3ee2b31ebacdc6542934fc538f1336,1709,98800820090225845X,男,鱼谧辰,78412926127,20090225
885222199601312826,堵雁凡,1710,b564a8a0e053781fb54d9827867cc384,19960131,女,76777122681,eternalsakura13
shiyan520wangxiuzhen,20121204,09d78616fedd85fc8cba3b5df4ccbcdf,仆固冬灵,男,299409201212049837,1711,79814084537
常村,76944ad320bc8e93724807677238dde9,19830724,867818198307249178,75590456270,1712,男,kkzevip
男,厉思源,ddfff44d0de8a34e4c4d4a60a84ac5b5,nxadminSukaraLin,78982962966,20010214,398297200102147670,1713
98804219950725021X,19950725,Ph0rseMochazz,935d7ee97151e60a1b3aca301e771a18,璩勒,75871243438,男,1714
07f5d73d4bc1e2f17f0dd78080bf239d,dongnandaxuewangluoanquanlianmeng1phan,1715,75632968337,厍彬,43126919850330368X,女,19850330
563c62e0ef5dab67c21f8240530299dd,1716,男,79022350144,柏侪,19880912,581325198809123616,tangguoeternalsakura
56276719831007511X,shasibite,19831007,1717,9377df0cf259e22d73041efa8237cac5,弘明明,75050298519,男
78708583393,c7606c45a7d824c644866eeb92bcb52a,1718,lifengying,女,549415199906049021,19990604,寿薰
元亓永嘉,20160826,034978201608262252,1719,78303636943,男,magicbluechshentoushi,fb40ba09c9e8bb6e84fba1cc48193a1e
75769744513,jgeek,8b0bcdadb8deeb776340cd18fef1b944,1720,255255199701304022,19970130,女,昌祖萍
1721,余英达,183b9beeb71009b34ecf26e208add53f,334723200503277079,75166175510,lilei,男,20050327
74553340995,916265201504256713,3c9bf04e2319995de7afb1e1cd8eef3f,谭敏学,1722,男,20150425,managejianshu
1723,20010414,imsafe6,504643200104147076,盖明德,8d70d8ab2768f232ebe874175065ead3,男,76640336740
yuligenaishayeying,1724,8ba9d548c555649e9ed06fcfe4a53f28,77421658229,538239197310199115,男,蓟欣嘉,19731019
19800307,公山蔓,1725,女,55d808e07ffc0a4352af936552aab2e9,77543804933,711719198003074180,FeeiCN
19750904,359bd37554b812f2380ab5bccf9c7f67,沃嘉歆,008594197509044636,77499230526,1726,男,wangkunlonelyrain
19880902,1727,凤昊,女,8243fa99f0213a9a8616c1ff439a0ee7,56149019880902924X,75993273293,haroldretme7DiShen
1728,金欣合,19800129,905137198001296424,sari3lwangfang,ff2397b311f3ba90e99224c916c4d6a2,女,79151054165
73594666827,女,177903201110135144,cc86d902357eacc2457f97f1881ffe60,东宫笑翠,adminrama291041610,1729,20111013
1730,曾奕叶,20121027,483714201210271829,78577327523,zhangjianguo,a333fb81bef15810a3614fd3898c681d,女
240bbbf0df7b441c95d3285cdd45e4a6,1731,20065519981030904X,19981030,73000778545,d4rkseczerokeeper,寿元忠,女
20060302,851465200603023726,78261400159,女,941c99cf24c40227119b97cd166962c8,公孟永嘉,imagemltVsane,1732
104869198004115579,73657007703,19800411,1733,男,meizijiu,卜敏丽,31f66fbd071fcd677a3bb82066374e9d
sayhidr0op,20190120,345944201901208925,76727262502,晏参,1734,女,78e8325b0e152d4de01f726b07051ea1
19740505,8a8efeea38a47096bd9ee1bd2c9a4ade,公冶颀秀,147276197405056676,comu121bf0f6b3d2zhangqin,76605527108,1735,男
7743324c92fe0d75d2d86c9650870a66,li4n0hpasserby,799722200704289432,20070428,75548011413,敖元德,1736,男
男,钭倚云,399ed0b8916427201bbaa05dfcda1b0b,73432946785,511990201609280918,1737,feei2kb,20160928
a4ef20be153be862a14271f676da374c,乜宏盛,chenguilan,200332199402236338,19940223,79872751493,男,1738
蒯宜年,19990127,a313d0997799886525a5eff60c8f714d,78043740588,359325199901271581,We5terYlleny11en,女,1739
d9dd433c44131164ffff8418ee9ceb45,石娇洁,1740,mali,74085430973,20030129,女,909946200301297385
1741,mitah,9e72e08ae5b93b88864abde64edf0e3a,男,77275378788,19840526,272180198405266911,戌崈
727d8a6f03baffbb7839bdb27e6e3484,1742,P0rZ9it,男,457294198112024312,蒲秀英,19811202,75361326220
73621460674,vancir,d78ff0ef526543e2174540afdfea0154,南宫韶仪,男,19731112,1743,272974197311121457
1744,女,20090730,4ido10nl1nk3r,伍律,251890200907302149,1b53205fabacfd66a9ab588c4156276e,75794915373
1745,77147713385,b643818d37d2c20d94c8abb6d19a04cc,76214519771119172X,女,19771119,webbaoziwangqiang,东乡子珍
1746,7d17a0ff176b261549822c56233ea163,986351201105312159,Luhrey,宁映菡,78072198359,男,20110531
1747,男,79015982649,668499198408043734,19840804,工偻映波,guestliwei,3a70dd549d771f17c2baa2fc95076641
20190913,blain,1748,165823201909134210,ca23750279fbdffe569915acaabf3f1a,寇英哲,男,78266265645
eb3a00a0f2c5de3919a9be809fd4cb65,310206199810218830,1749,男,19981021,高毅然,75790890352,liyumei
女,wangyumeilostwolf,74597412960,95400519700518702X,1750,19700518,瞿沛岚,d8d939d4d72061307c6fa798e257a76b
男,19700316,ChaBugatum,aea56f3bc769697a176378edbaa2f0b9,沃旭,77122617170,696401197003161576,1751
73017667139,50aae2598518e29bffaf57ee9f45d8d3,邱夏璇,19840430,女,239263198404303467,lileiexiahan,1752
196503201904128828,cdxyBibi,通元思,1753,9cd81419ce635a2796b17bf5ed3d4dc3,女,20190412,75132535886
19820915,男,f18fd2308d60daf3a6aefdf957ad8863,728398198209158832,蒋祚,75986353554,1754,xiaomidaolgts
024309197901256154,1755,男,4ido10n,19790125,谈黛娥,73725554623,2367efe1d4e4eb047dfa28af057ccee5
fupinglee,女,20020920,1756,02f3d2cbaacc43cc6606b06e59c895ff,934862200209209763,77840854381,麴沙雨
75380236282,1757,twosmi1eliuqin,男,25311019781018581X,郑紫,19781018,7df79a322adb82e2167676a7650adc37
718657201602295755,c3581516868fb3b71746931cac66390e,黄生文,20160229,wanghongmeizhangrui,1758,男,73320314455
e0cffef82d8fd268ed36048a6e183252,78555867289,19760517,1759,计康成,286336197605178269,女,WinMinKirins
19980504,user,1760,乘马巧玲,849853199805042382,女,75747234881,891f8e0ad4df5bb1d701eb5421ffb5c2
19700203,1761,女,75269664355,f5edc38492d32a75df7541b4a689d6ba,JoyChouzhangwen,449637197002030623,仲孙飞宇
956acccae8970e20f8ace83e8fe81b76,游梦之,1762,huiyipiaoruxueKingkk,79325008943,19781009,59664419781009475X,男
wilsonAlkaid,77725906755,975865199803155069,女,19980315,聂亦,1763,089ff8185f85f5906e4836ee3fb7d6e3
75560387901,19970221,855298199702212463,475b9bca2b9eb52d6f4ed42877a477d7,Aryb1n,1764,女,寇芮欣
薛芯,061700199305166513,c529d69814877353c6e45d178c777828,1765,73056730905,a3uRa,19930516,男
lipenggrt1st,20050409,52c45fc2ea6391d3a615ec2d10c42e25,韶雍雅,78501720294,67452020050409482X,1766,女
女,1767,公金筠心,6d1b46b390fcb37371b5c24b55c83c3d,anyuWing,789523199305044989,73109667630,19930504
kn0cklonelyrain,1768,e3cdf70a99c1d6890c54ad56bd4a5de1,650102200802054322,女,79639741927,同蹄船,20080205
高华灿,73973503809,19910814,71bd2384f3a737fb9c0c7550862bbb29,1769,42367419910814628X,chenmei,女
男,函井访蕊,1770,77815294930,1aa0177f12b35690729c3fa35f022e60,flag0Processor,19890630,358277198906305117
19821029,女,cytoomg2hei,公施问丝,1771,77520417267,cbc4e86d0e89457585c8ca941d617c50,409535198210290226
浦晶,1772,dfe220d68c5c2227c1e27bc318bec420,p1r06u3k0keoyo,846434200212040877,75033419596,男,20021204
2ce7528d87097b79ed6d1ba72a45d90b,19870906,77410767269,089358198709067879,thecosmos,1773,男,司空桂华
9a25213dbbeaddeec4f639e480701af0,78657403732,1774,男,513324198706025119,phpinfo,武才英,19870602
19950507,71168719950507993X,何秀曼,47044ed32945a74c5f1d7497fe2e4c5e,1775,74569618417,zhangkailovei,男
wangaizhangrui,75163012858,1776,20181207,女,24301520181207034X,殷茂彦,fc60636822885f184ffda3e91bc282ba
19980921,女,wangguirongrai4over,74941079155,96699ca7cd06b75d3a79df508e668332,1777,段星火,801802199809214829
260000201306108954,男,1778,公晰烨霖,79818441105,louys,20130610,6b5b62b49e54431b836da49002140aa2
女,1779,73971101146,水亮,19780505,887ed3cd325b6fd3a5120cbbe2464326,525297197805056027,jinglingshuwiattack
男,叶宏爽,365722197711237675,19771123,1780,73285010034,61bf6c5ef89a584be553c776fe883141,liyanglihao
20040519,624049200405198937,男,f97b015fed10c61d77ec8132e84802e7,73291268396,o0xmuhenetniexinming,公文元龙,1781
e8840fb4b4a7c661bb037641528fa170,78374290904,404notfound,19940503,衡雪枫,男,363527199405032135,1782
1783,女,207745197905092381,liuchangNiexinming,19790509,侯凤婷,3c4cf296e90749602ee36ef201bf8d48,73567759061
女,1784,73214393543,e147385e0d354908e70b483a211cc2d2,neargleplusls,19951229,屠岸雅隽,99871519951229404X
耿宽,78062400248,737441197109235582,4985b00e655ca8915cb84221238ed49f,mitahtest2,女,1785,19710923
女,19750925,07b68be905ddc7243d684007163d9fcd,Hcamael,072107197509251467,1786,77597867641,弓雅韵
160859198310098986,1787,女,twscanf,卢翰学,19831009,3c1b3d790e3320bd76eb04b83737e3b4,73971939712
女,公孙羽洁,1788,74946251431,LaLapop3,19960928,4cdbcc502f4ba167af7509442d5e2c5b,642680199609280361
eac9bc3ce0c3bb409966a418674af689,19850304,heikejie,女,75894379461,东宫蕴和,1789,721317198503048621
769909632d046c1f747b046d7f18aaee,20130621,男,73651418957,a3urayulige,1790,174078201306215639,公金羽
989047200404071057,男,终萍,77545527803,1791,20040407,a31ab59ab8bbbc9ee6efbe46a5100b75,liuqiangHACHp1
153347199604222842,retmespoock,19960422,1792,女,76691189125,毋善,68c9afd12183219cd5e68359d006b64c
74885216290,c76e74ff32e8c9e78dae52d1c8d60aca,19860812,姜紫寒,740147198608124088,1793,女,burningcodesJonathanSalwan
20060615,汲宪,101b8221bf9b16ebd77772ba5e20514d,男,1794,78933215612,blackh4t,863968200606150771
hazzelcomview,3667d8456a3ef74d2344a05ad4285b65,855262200311226779,敖傲玉,男,20031122,1795,78877364207
1796,shengqi158,傅项禹,男,58610819890319205X,19890319,77355498302,0a72193dc7ba3f430a835523681dc8b4
闻子,282634197109218233,男,696a05c5725b016674e7bc8d9e34106f,lihongmeiliyumei,1797,19710921,79545806645
1798,fefaac12947ce639c98ee81f632c5686,75086638718,女,汤恨天,19991226,comttk7,732733199912264463
liweibrucetg,1c1bf7d1faacfe51a70669502b0c215f,女,1799,19970128,911172199701280521,仲孙白梦,78777610695
77740397911,8f1b13c9630087237e3f9ee0256cc6a5,1800,20200308,921542202003082667,车秀曼,女,silverlouys
fuyunzhaoluSecNews,a8dd9a1348e02419687af6571e5f28a6,昌布衣,男,20100914,1801,73160646399,737361201009149336
冷沦傲之,liguirongshasibite,78379711572,女,85274d2bced076c2c0e15ffe2029c471,1802,657771200810129082,20081012
355869200908108766,20090810,女,J0k3r,向旭,75113852454,1803,89e5b3b8d2e5c520749237f534e6c236
423756199511145052,19951114,1phanharold,1804,男,文阳州,73388338529,d8bb73823c3242171e8550422033ce48
839410199411307970,男,19941130,富绮波,170b9e8aa4fced726202c6b12ddc8bc3,79528135650,1805,a3uRawangpeng
wangdannetblog,842537201902088013,20190208,74822685711,1806,989b0a3065867c7f84947b29a1b09369,男,相嘉勋
753736198705255723,edb22f1d9f067fd11c6dc0cb13fc01bc,zhangyumei,19870525,1807,女,向云霞,74645127079
614675198012098023,1808,78916703523,女,窦公迎蕾,f3870674457c533a2eb6f8958d138df0,19801209,lixuemeichenfei
fdaa296f54bdc27dccd3bae95f29db7c,1809,祖辅,男,Sheldon,20110908,829115201109080035,75108438852
1810,吉白思怡,dayudevice,74568054536,451034201701165262,20170116,女,14c9be03e2d37a6d83ad70f90ecc7e51
62570619920524578X,73385095368,8c3c9edec18ddb460ac5bc1799db0ae9,fengzhiqixidiwanglijuan,女,1811,19920524,何丘清妍
skysecsecuritywu,3ef240a97db0573f7a6fcd4141605bac,868676197405118410,78133390343,男,1812,19740511,雍玉宸
男,巴嘉谊,75823538094,242241200909209473,1813,zhoujieyangxue,20090920,fff9fc386a16258b98e1f89f7d6bdd71
19791120,212093197911201628,女,78473609551,1814,Gorgias,a02150b1221b864cf145450e999a5e32,利方雅
20120813,skyofkinglovej0k3r,701447201208136068,77223749926,ab3c1767731af721b8f96d44423d2c5e,茹飞虎,女,1815
6a82bade47f00816ccfd687bf5a73aab,252134197109122642,1816,19710912,女,zhoubolinliupeng,78070092404,鲍冬灵
imapburningcodes,417797199702159544,19970215,居竹悦,1817,女,73202179334,78d99b51c4c87a3888d74640f27c6743
redteam,236153198201203940,784f36831d255c6f9dabb52110e7061f,崎邱榜,女,78628945921,19820120,1818
即墨思云,wanghuavirtua1,1819,19920514,bec0e5145d2cc82acc252198807dc2fb,74019488348,862276199205148588,女
50891119950523035X,northityliyun,73435366307,35f894af1bcfc7771331253279db21be,1820,男,19950523,水勇军
246286201609203329,屈门弘深,女,20160920,74889896621,phpinfozhangping,f755ee1c38ed30ba2404aad411301b71,1821
男,19840620,1822,461f66340ae69e702ee2e9c03ec7719c,77284011389,mozhucysm0nk,481200198406206373,共叔佺
19980119,邰伸,89d118414ed9f0d3a75cb9d0b6dd7986,女,607573199801197144,test2lovesg,73241527994,1823
35f11e1a816bbd37b959131fe86902d1,男,75231416912,20130331,zhangyanmars,511344201303315419,边秀婉,1824
312015202011087266,女,CaligoZhackersb,1825,14c53bfa1e4725d5374e5b7b093a557d,20201108,77860817501,许修明
77313644944,lishulanguochandaxiongmao,0b9eb96782d83beffe01af029fd624dd,芮元亮,1826,19790227,女,632422197902272947
江愉心,1827,105cdb24fc16ee0e339e98e1819d7102,19850707,女,99038219850707732X,jkmeprojectmoon,75216596364
祖烨伟,yanghongwangguizhi,女,8ba794e8f01f4de776a9ac6fb7190e83,78345031184,160716198008287166,1828,19800828
82922820101015058X,20101015,女,苍和玉,zhangzhiqiangbackCover7,1829,8af9d77613ae51e35b9d8feb9a0dfc71,78679241366
马孤晴,684685198807315357,7110f12db5b68a22a3757f28421becce,funlitao,75263245846,19880731,男,1830
20010717,1831,水安娴,男,941092200107174612,a378b82d737568bace3a6b2cc8fed6b9,flanker017linkarticles,75176932167
79900202999,1832,女,公晰吟怀,liufengyingLaLa,ab02339b0b9a8201cb90271ab9d265a1,20000116,084720200001160582
441561200410197627,zhanghuiliuxia,1833,华鸿羽,75752320935,ea014e46980cc820176cf9701646d60b,女,20041019
20110816,濮千亦,108c65b869065bd13ccaf1626c8cfc3a,825077201108166638,1834,K6jiangsir,男,79304822776
19870601,1835,蓟芳馥,75540148404,女,b59c67bf196a4758191e42f76670ceba,113848198706012266,Jirairyaliujianhua
61088319891018326X,黎星汉,女,73363415279,286e62d1f215bf5bb028eb6c9b2bb677,19891018,1836,aiyo
1837,女,chamd5bendawang,19780927,78303249065,7ec05d36edda3e621fd61cab6b448327,252587197809271125,詹灵竹
公师阳旭,c69f1944c6c5bd1b9bca7baa42414c32,liuna,20130606,女,357670201306069326,1838,79037026466
19980702,男,500793199807025032,09369689f0058d96ee706ca62090337f,1839,Glzjinhackdog,边志学,79119047739
192719197007273186,19700727,1840,rickyhao,49445ee9e8d7894174ddc18fe0e2d4a2,阚博敏,女,79973110896
a0b5f785838156484958774f65f9e1c6,73749961612,女,wangkunlidongmei,719631199211253766,1841,19921125,工师仪文
公师寒荷,75511551825,978f6f608df5279d4d85e700d83ac873,912277198007103051,男,1842,19800710,Mrxn
公正慕凝,75128989853,1843,男,Hu3sky,484037201501123938,4e79e7dccc22a84e1f3050e29ecf1e37,20150112
78276965187,20061113,男,huangwei,f8aa01767631f5a8ef8a68c2b5b8a0f9,公休胜花,686484200611137477,1844
1845,男,e1ce9a84865c14f9366e451def7c4aa9,19960527,71087819960527121X,79302668888,liuyuhuac0ny1,厍胜怡
男,75193988239,duzidengdai,1846,那宾鸿,19890322,346008198903229414,bf6d71fe52fb89c8171f0185fae0d340
59e519a5214e22c1b25674097aedbb6d,男,庞彬郁,658262201207012279,78022563179,huanyueliuqin,20120701,1847
傅余樱花,e7a0f5d0361f52e8f48fc51dbdf58c60,TuuuNyait,20081001,男,77695874896,1848,270154200810019039
79352046316,58563b42e0a6d427695236b6272ceda3,19730406,1849,bit4repwn,347400197304060511,吉胡若烟,男
741352200809190666,lijuanwuxiuying,73333744880,侯冈嘉树,24920b9a81c0a1e38252c838bc7b3eba,20080919,女,1850
男,73385775238,201371197806125331,1851,wangbinPasser6y,19780612,f80a4347661e6c5137faa0a723701766,濮雅阳
12af1d9068e6c1985124f22288aa9087,klauszhangguizhen,19731114,73587535824,仰建白,女,679017197311142025,1852
wangxueroot,女,79352555637,20201021,d8578979bf6f79d6544439b34f132461,1853,宋莘莘,766282202010217768
1854,626799198404232121,57f442637e14db39432aa3e007091caa,19840423,相开诚,女,liuyingsauren,79875354774
1855,19960125,78728082076,符襦,404notfoundGlzjin,0cfa20667c6a512ff96c2341959e75ea,男,961779199601257937
公建白曼,79197978960,befe436252c7ab40765ca45f6901eba1,413860200901049342,20090104,1856,limindesign,女
79036983367,1857,lalajunNODEring3,19981106,3ba16c93899964b7d22b76af82a40cc2,贡一嘉,男,485548199811066112
20051005,77701261984,俞妍婷,207808200510051057,lishuzhen,男,1858,39dc70b631fd8777a22bd2e0240df867
男,19920807,440130199208077813,73690020890,c7829af2460c69e5e8ab6d0a80cd77c3,尚冰烟,kerling,1859
1860,74710492137,公孙朴,女,540470198012213461,1c8526236734b3d15a6c54e61f174649,wangliangjiangsir404,19801221
t1h2ua,454871201408176067,76753288036,5ff646eef4193b1f7064816c70d50d21,20140817,女,公宜年,1861
iSafeBluechenqiang,75931088355,男,233943197302102632,阙恺玲,19730210,1862,15b6df1cf84d28580210e65128f66bca
grt1st,1863,20161225,62cf7e9961440e7d4c3a7819e1c50c0c,惠敏丽,75075105295,150625201612258381,女
19860201,071954198602012075,男,公旗碧凡,75245063509,1864,liguiyingwangyun,36acfb39320b7d18860b7a9af1ce42e4
19891027,男,ba0zik1n9,998052198910275433,73205347236,545ed796795fbd3592fdc1b0f87c6467,申珍瑞,1865
20030507,7678a778df61396f20e57700999b07a0,964318200305074187,女,1866,Pa55w0rdwanghong,段勤,79081631468
20020513,1867,男,liuqinadam,86659c24bd1398cc3b0dddf847630e3e,公扈冷卉,387645200205130559,76665524627
382377201005181743,e34c8191cdd456be5816335b312a4365,20100518,贾峻,79392244203,pwn,1868,女
b758d0754554a0cd39ebfc265f828753,20020506,t1h2uacomarchivessnowming,73173603448,菱颁,女,103982200205069260,1869
1870,851835199508018273,6e66cdebb3252cbb70365a4d5798ca7b,男,19950801,Jayl1nxiaomi,77628988136,冷沦掣
841323198805298225,1871,73754861867,女,KxCodewangrui,19880529,宿征,9f7f8e3622cd9310e9ee096537f4c28f
chenxiaobingMisaki,1872,78245282850,严义,f0b7cba066b0bef5f54e68c12b649b6f,223094201503123382,20150312,女
1873,bestwingmongodb,418599198508150368,1b811961b2908dc5f359197b224dd44e,73720415642,女,谭丹梅,19850815
融眉,352319198606244718,19860624,2dcf12a1701a07dd2901a59a12b497da,男,1874,78590445508,jiangsirwooyaa
龙恨寒,736850198603284867,1875,女,mianhuageLittenFisheraustfish,19860328,73657794299,3871baddd6e0cc9b3d8cd411f450a36f
男,c7296f691fc949a0cac004ef24738984,Decade,930239197808295275,1876,19780829,糜冰萍,75058122356
bc087cbc995030cc9bd86c5c159bcdf6,meLoid,759012198102217839,男,1877,19810221,74655259506,曾丽
昌奇逸,75110474815,女,85c424f562a7e16a1d26625a40de9c5f,yanghuafuping,20070616,1878,808491200706167124
yunyuzhangxia,1879,女,77660628663,20200205,韶晨旭,356060202002052080,f47143c35c8615048610bd53601acbb9
73221293127,1880,1ce7b62c4128b91c200bd9ee33f5af4e,公施醉蝶,aye,女,597998200607193542,20060719
男,公文月,19820611,78561970248,b76aba2730c9f151b8b0dfca21730155,802947198206118939,redrainbPJoanna,1881
19771215,慎勇锐,77364089190,女,667454197712154465,301cd12bdde1e65f5ac5be12b716f94e,1882,wangxiuzhentangguo
女,lijie,1883,77557030867,孙文石,a62bf85e245d2dab954d7bf17844570e,427570198709094663,19870909
姜志学,女,1884,huiyipiaoruxuehuangxiuying,19831201,3fc44fddce2f58ec26b3871190982993,062517198312019629,73581179968
353109201509042710,1885,zhangwenNuuuNya,b0af3dde4c8993211bfd8e5b4650b12e,男,78087528659,富姝丽,20150904
1b22fca79414cdc5f6cb597e473af611,1886,79685414604,古龙琼岚,gloxecxinanzhilu,20080801,女,483458200808019084
75350788161,abf0f4f6165c52d247dedd528f33b958,bsmali4lengbaikai,865684198911238425,1887,女,19891123,公金惜霜
女,扶正平,32c5575c209967631806900be04f3d65,75758007695,loudongshidai,20010130,1888,759526200101305445
20010422,女,d3a569c7d9818ead5c272466ab8f9cad,韩刖颖,1889,75168906502,361132200104220864,Tracy
onlineyugod,088153199102078943,19910207,75516977564,011311475a4c6e6aba81e28b3b593310,1890,冷雪羽,女
yangjinglihong,719fa879fc583314475346b475b0be68,1891,19960618,傅高阳,236767199606185926,女,75111969362
女,戴贞静,1892,19750817,cc79a507df0140cac26b70acb84068ca,73414707395,machao,117051197508174540
75337826607,女,1oid,e6ba3c3771fded5c34f322cb245fe5e2,1893,20200629,079937202006292664,公敛佳妍
19961028,女,1894,496289199610289567,chenxiuyingwangjian,78149361824,d04f85f0818094938e4408811fb16862,公齐嵘
73779687389,巨母俊侠,866912199403036851,1895,eonewzhangjianhua,6f512acbb73db0ad33d89e8b8b702cc1,19940303,男
comubf30f18c872c,男,幸安安,1896,b294fd49bcc9b8d12d71e4ac693e83e4,899979201806156152,78068399865,20180615
公行斯伯,19790829,607230197908295849,b7d754a3fa6a93fbe0928669f648f850,zhangyuyingchenlong,79061322148,1897,女
31a0e923e8c090d5125f3104c6bcff27,20010614,notwo1frama291041610,1898,滕昕,73237498700,906423200106141444,女
lcxwangbin,296104201402143946,7cf6736ed83bbe4a5fc2d7229a1c3729,20140214,常沛,73906947703,1899,女
011409201407103523,上官冉,d8f257544da1ca2b5cd7e6a71356015b,20140710,女,75221032611,1900,uknowsec
548362197012195723,Virtua1onlyfree,156eced26b3060e44a62f4c0bdf6581e,19701219,1901,女,76798581526,公祈琮
19850311,33166319850311976X,1902,zhangkai9jan,f207bdc8e8784044b45caa49e43db91a,73143562945,女,卜雅静
616351197504286477,1903,男,19750428,zhaoweiTiaonmmn,78349733562,20bca81aa31ef0517c55df1782dae467,阴菁茹
73572172461,晃欣畅,254a99f25459cf1f5504137a0925ea02,女,1904,19980809,xmanblog,734375199808092589
1905,liuyub404,谈水,d02d92911ac6310e059e24ba1af7cfa4,20160907,女,075720201609078724,78289313164
公荆琇晶,395433200507200480,darkeyerprogramlife,74525602194,20050720,女,00f4d08830b2dfd31b23d1b2b13f0e4c,1906
78120974685,公檮代曼,188056198611174610,8039c65c5e9c7288d8edc36af2edc404,1907,zhuiguangzhe,男,19861117
31ac536f406ab4fed30a80fe1407848e,621027199502280565,1908,79162174379,桓仪琳,19950228,女,adm1nguoguang
wangluojinglingFireBroo,01ae553225d74c7a2bfc4e69ab1c54c0,邱高懿,20200308,男,1909,76635496779,817102202003084010
班锦诗,1910,100818200412095710,男,wangxiurong,75837522200,75b21b69b99a80eb1bb983e6c6aed016,20041209
79631637075,800902198501054080,19850105,女,cc16173947f2399e46b55124f667d986,公舌琪,1911,lipengSarielD
7dfe75346dc614d2cdec1f6126565934,束代萱,1912,977210198812212781,lijianhuaanquanwu,女,73191177630,19881221
1913,lishuyingxinkong,男,210099200211282317,f69d9d521657cf5758f992462c25d8bb,20021128,郑流婉,76615913020
242434199701233652,73880044916,家琦,1914,男,y11enliuguizhen,8dfa1a56c5e067abe8f963a97e6cb217,19970123
逯鹏飞,952606199506054969,neargleHu3sky,19950605,女,75216419573,1915,828b947265d746d3a772646f22190bdc
周俊人,77273113190,051872200212010238,897ead4c731e9dc0cab3662912c21329,bPJoannawanghui,1916,20021201,男
1917,贺问薇,240824aa0487bca3bdd4deb847954b76,754742200012294146,20001229,女,74798283108,wangjuanoracle
1918,635478200905096749,bd786ae107f8634b8e9ff618300efb64,女,78048239127,20090509,zhangkaiapple,公息清嘉
inpenetrationtestinglihongxia,1919,女,公旗娅童,76718780785,249743198101206727,4762c35c21a75b877cad9c68a864b1f2,19810120
男,0akarma,73701514437,f661d8afd515e7c5ece0057e524e43a8,539752201210198332,朱承文,1920,20121019
女,sherlocznianqian,乔金鑫,78870902153,1921,f61939121132185869d902a301c6a3d2,19711221,638074197112217740
公良正诚,75223154743,女,19840830,897461198408308280,1922,zhijie,9e83f28628bf7ac11fa518fd3f263cb2
73616735703,倪恬,5d953c8ee02e28a6221a3c05c855bae8,女,531935198008195544,wangbingzhangzhiqiang,1923,19800819
lunlunwangrong,81c557c2bc8010f2b6bfb848d52eed43,273616200905052853,75045598434,男,20090505,1924,符洋洋
75720242854,1925,d0a8d40ac07c3a12278b78d46302af3b,女,19730920,blogshuangxiuying,428810197309208066,苏鹰
misakikatadayu,1926,车行,c6c0fe0300d48ce24d36e1efc17c57de,74573323933,20111231,19815720111231287X,男
74685545364,722627197309110861,d87b9fca80466841204b07c3b3da1fa9,屈勇,女,lilanyingyuag,1927,19730911
女,956706202004135084,73472770237,44dbb337d419cbcdb780479c218a5d0b,omaebic404notf0und,工师水风,1928,20200413
73096985855,女,19861029,1929,司悠逸,360459198610295629,saurendaxiaWester,1ab727600225a3734dda67dfa6a7d31a
358070197108132629,19710813,lidongmeidevelop,女,茹尔芙,76c051f9c6e891edbfd939ca76129b68,79689999642,1930
041371199011252467,77698248142,女,牧海女,19901125,1931,wanglingflag0,bae4fff331bf84e5252c1f36c4b9d0c6
20000121,77547121134,1932,男,meizijiuHexman,吉白阳伯,163646200001212458,e03eec2e32072b6686050b3de6351590
女,linkarticlesKxCode,1933,524159198505241861,19850524,糜舒,d9deaa493908c2d7c74f5745f3b3f974,73192058687
1934,tr3jerNu1L,19750216,女,乌沙羽,76640536596,07651319750216104X,f7afe34f443ce3e7edc2f96d10ed957c
77488182752,施凌蝶,a611f282a8756da56e56a8497c3178c6,525565199908103572,19990810,topseclifei,男,1935
女,同蹄文成,1936,chybeta,73897044139,294876200410264282,20041026,3d09713bc2e2bbd760718667da8c1597
女,xdseczhangxue,23060c34e3cb28e3db7a51fd1a439364,20130608,1937,75834375621,饶伟娜,515107201306085365
d3ed7532c4c60f905358737158488f4e,1938,whereisk0shlRvn0xsy,77454490410,19891211,戈璐,268662198912119981,女
rcoillishuhua,1939,男,80490919750927791X,79897207620,19750927,6b06060bedb2a139edd13763b10e96a4,暨晓楠
lileihebic,1940,746424198612312775,19861231,公索珍瑞,73781804208,男,5ad23bbcb26733b6a2dcad6a85f993ab
75775347947,94022420121124982X,1941,国平良,ren,20121124,女,974551548c78328fa3f8e7b1456a25f0
43585119850910334X,公石弘化,huangmin,女,0d2eb40fe280793c67073385ce51ea4f,73699554942,19850910,1942
男,1943,388929200208282811,公金敏思,74940092601,GinoveLaucyun,4c52a1d215423df60e61da8cd51a8a58,20020828
1944,男,385096199709291831,lijun,1359cf15c1df16800f400c45af032941,79160797298,公房博雅,19970929
1945,公施子昂,79329830234,20020103,85250020020103587X,rdpILMI,男,22b3d772dd52e4750a33fdef0fe90d01
女,1946,78261723834,e32ce748ea506082cd3f9a678ade1b2c,developerszhangdan,刘德曜,19950806,908582199508069328
bestwingpwn,03c058141095e5110c516c8ada5cb0e4,20200405,朱奇玮,1947,78677790953,男,883327202004055075
78045068724,zhanglanying,女,027274200208102543,1948,宓北嘉,20020810,7bb560f7ac2f516064cdb96e7648ae60
e3e4a0c23c49b59d8a28f15340378529,177078197510054549,岑夏岚,女,79505654832,XMUTSECadmintony,1949,19751005
170190200109209979,20010920,fe9a90c52ee7b2a808e2c0743af0e90e,77579509415,彭英喆,男,Winter3un,1950
f6d3f85ce2e55bd6327ad21cba5ac897,yangweiwangsongstriker,19981026,693930199810267962,公丘仓,1951,75169983710,女
1952,73732726246,2c3274d94e790606f1d50c00f8521c48,南门含蕾,dayuaryb1n,女,242979200003035240,20000303
laworiginli,男,041961200412165271,20041216,罗光启,1953,ecc3905ec756d37369041d1c673caead,75591946640
296028200003095511,男,73088816664,明娇洁,20000309,4d4992a0445a745727625e574b392008,iswin,1954
ff80667069ad7faa6a71fc9a32349b61,公金小枫,男,19840308,616628198403085278,1955,K0rz3nBerTrAM,75841032393
75369647477,zhangxu,女,1956,9e562d91d2a2a3fd33a8ed8cd03cfbfd,19790416,毋楠,447820197904164243
509226200604261365,万灏,1957,74087668493,rai4overwangyan,ae03fdd509d644847736126859e5ab8a,20060426,女
c4f163bc8150ad3ecc4c5a764ae21c72,1958,富彭丹,638973201905299653,lucien116comview,男,20190529,77712398914
1959,女,743595202008090042,73489963398,20200809,kangelxuwei,毛虹英,27be684221e7da201d67d3547e7e85b3
74004449144,ebd02c76a8ed9099f4c479a5c35cfa52,从琩,1960,36479420070315666X,20070315,zhoumin,女
周静雅,726237201004153389,cauc,cf35d21356896bdae9e855378daf0a31,77799019893,女,20100415,1961
公休蓝瑟,男,wangfangwilson,75547052851,6b9fbb34c6c45c7b7643dbeeff30d4d5,914212201911025950,20191102,1962
1963,74001527086,431469198906228021,nianqianclub,公良逸春,女,5cb05cc0d5b2ad3584032fa2262ce5b6,19890622
658538201209196071,78952750207,8624d72049b95a72ef88c05717323299,1964,20120919,男,beifengpiaoranmisakikata,公成竣
19960117,男,75854509070,东方漩沐,052825199601174552,8b482cb382f1bc2e84b5c467eed366dc,1965,k1n9
20130725,女,liudan51cto,1966,空相苒苒,128f2258246247dbeced0e7bb56b77c2,741188201307254367,77190038316
20120828,0546469810e55f5edefa60f4bed4c0b6,73100032161,丁康成,1967,riskivy,573937201208286236,男
78179897863,259d65e6e948a196dbf151ac2d2e6f1f,Jeary,19790530,宦敏思,498907197905300280,1968,女
男,77550799078,157ff0d404af9662826e9fa62a4fd595,308238201905252958,gorgiaxxlixiang,20190525,1969,衡慕凝
008383200911143848,66796fa78095b15eeadcb9973b4f8619,古高岑,20091114,75193467611,女,huntingdayliuyu,1970
901031198602196536,8cb9c262174539d5189bb54e8874e095,19860219,exp101ttest,崔含蕾,男,74737757181,1971
75045228289,a61aa35969309b9cf6bd7d9ddcdeea60,女,19720813,506995197208130228,李彤蕊,1972,xiaoyup2j
f6a870309ca230117e70660dbcb4f619,19771115,75156572675,女,1973,公娆,026238197711150621,Sakura
陆正阳,19780131,2ad8b438a98ed5954a492528642cfe59,1974,女,993920197801318165,79128129523,CaligoZWhite
952334199610115863,关龙超,79089416247,1975,Ylleny11en,88ebe139c3075a4ac7a0b8db3717ddfd,19961011,女
男,eede005df4a34d2aff924ff1d32b207b,934379198112197735,lijialaucyun,仉督望舒,1976,19811219,75980466862
78224488916,nanmingDe1tateam,19831116,女,b318cf3bd36c85e81e7fa9407a5f4c11,946417198311166165,伏羲彩,1977
公宣文昌,1978,女,78153115464,123377199506274043,masterdiaosiguidangbiji,19950627,62b882a45d21c1b9bb1b8345eb0b2e01
女,毛嘉木,1979,486138198008096269,f168845158f8435cf2d8c4d72965a452,19800809,79335536209,hpasserbylimin
092792200107266328,公思火,77400328318,1980,cce61d5365e11ba83c3cff26d821c78a,女,20010726,zhaoyongchenjuan
20010323,63953c87f59c4fe4fb78c9f04e103bc0,1981,74500299116,753190200103236176,thunderjiejiangsir,卢妃修伟,男
男,wangguilanwywwzjj,75534792807,1982,332074197912250753,柳银,19791225,391ae7003b1e7b6895ad29408c673a35
chenjunliujianguo,78342536028,091934201503176464,34e235f5bba8ebdd250af349e7bbe24d,1983,20150317,唐善玲,女
167175200807235438,舒书意,bcaf77fe07b1bde52b3a62fc4601eae6,rj45mpsk15,73825227546,男,20080723,1984
19920512,lsafe51cto,1985,78886071138,8ca3e06b41ca5ce45ffb6f0a79af3bfd,女,公祖浩慨,720632199205126445
男,仲孙之卉,20200717,9ba69bd8f0437a2b60cbf24f3a4c28e1,Wfzsecioin,147625202007179916,74068721945,1986
东宫葛菲,男,4o4notfoundzhangyuying,f8b7b07bf6ee25299c5c614f87199750,77455572112,459920201708307276,1987,20170830
男,7c6f9bb459d2945d8e9d12bd0e6cbe41,74771659289,堵如凡,huaweizhangyun,1988,393331198806264513,19880626
64c0eae2b215e42a3a195061beb1da6e,78584671120,1989,女,284275198104235845,侯银柳,Tr3jerCongRongtr1pleWfzsec,19810423
92465d0aa498b50dffc4cef0e5895d40,77473198228,万国,1990,男,20131221,wangai,091943201312213732
5ee0c96a60fda9a67d3e156e73263ce9,乐羊子默,77567361156,19711022,1991,女,796132197110223746,zhangguiyingwangchunmei
74613126205,90ce669fd764254694ac855b9ca67ba7,937687199611152287,女,易子瑜,19961115,meichuandikurickyhao,1992
男,74968095666,d781443f8382c90609bc0618f20b7597,19810704,V0Wavfisher,568240198107044658,堵之,1993
e451e9068b7284698b4ef1b368bca050,女,公仇书仪,631285201908154645,tonghuaroot,20190815,1994,75080796119
Rj45MagicBlueCH,636764200108290222,20010829,2941381a2382e3db8623772c110e42ca,女,崎邱澔,1995,74856719496
工师雪曼,女,897484199605121027,1996,19960512,sk15scanf,76638018081,618b945774f3a339f09cdacd88b9e4bd
b4ccccf94604b46ba60d43e84850886e,乘马佳莉,女,20130617,971920201306170048,52stu,73055198218,1997
wangguizhi,e1048f7b87a51f9bb86908709c995b55,629984198002133760,1998,19800213,凡闾含,女,73675685368
hachp1Mars,75191322019,吴忆彤,509652201210310573,e9b45998dd83da910890e4db3692b989,1999,20121031,男
女,79102111350,2000,655342200406023328,20040602,胡毋心远,WinterSunpostgresql,91369f8e2c7161eeb5fb7ba8e45c315d
2001,054167201912277871,V4kst1zliuyuhua,男,元亓儒,74610106465,535f9fc07d157b4d87e53bcb7b45ce3a,20191227
女,77300300381,739b1a76af12bfbf87af7b415eed003a,190365200005056021,舒全,2002,20000505,damit5wangna
19721210,377637197212106331,1ddcb92ade31c8fbd370001f9b29a7d9,2003,74732298687,暴兴怀,lichaozhangshulan,男
2004,19820120,xssavLz1y,982380198201206819,出连博明,75184285342,男,ebaccfebaa452d9248fcc0d279f25769
2005,祖菊华,19740130,69dc575d34e3e8078c969c3e1414d05b,545829197401302885,79527757086,女,n0b0dycncode2sec
郭俊明,男,482444199709072416,eaae7f19cd2d0c94ab7ed0f709515a2e,secicewangshuying,19970907,2006,73929116124
工师翰学,230914199307053352,19930705,73832977896,2007,zhangleiliujia,04b98d2426a87d5bbfbb2729d64d4009,男
975788199401113834,郑嫦,jboss,2008,19940111,男,d6dee365e083274fbcedf91f1fe7facc,79311877595
627846201902072122,2009,工偻芸芸,97faf8f61ca07a06f7bb999737158d4c,20190207,viplyy,73123866892,女
桓歌阑,628499201010147776,20101014,qianhaojun,77420485684,男,2010,d2da871d686705f711abef13c2ae8a45
f74858d52a4edf66b499913931ed7aa1,79044490373,红修明,zjicmDarkWing,2011,19820412,352479198204124838,男
sm0nk,乘马仓,9cec5a2d7881a85c159b3b8acff18b23,74713668379,937141200808021431,2012,20080802,男
98fc26ffbbdb76d64a9f00990f6cd26c,吕访卉,73151698093,19781217,2013,男,redrainwang,806339197812179674
19860819,5cf1a2fad0cf8dd5e5d94d29687bcd7d,2014,629027198608196217,wangchunmei,张高卓,男,78902193950
Cotton,2015,6f9a3ac72a051e688456c2fc44c8a42f,靳妙晴,19961028,77117004204,男,41953719961028713X
男,5bdf9b3e673c6ec0dd4a9b0e53cf9177,77464937259,SUS,19961123,信都燕子,256677199611237031,2016
2017,shiyan520bl4ck,cfb31e1d0c1ce0e456a9a596e7ea1533,245269200611266810,宁桂华,20061126,78965932002,男
75167683281,memcached,273921200411066013,20041106,866da155b5f6be7e382470a8e03105b7,孙凡柔,2018,男
6814066d3ac33be845e39ecfbc230735,2019,418986200309238877,20030923,76784837834,qimaidoukanluorianhkgg,男,庞秦澈
唐金鑫,978726200103122985,RajChandellc4t,20010312,2020,77791111060,207de2979abdf2026b84fe7c0ae9da2b,女
79b97606cfa973b537cc3722ffcf9b67,77823756232,2021,女,24955620200601628X,wangjunzhangbo,公车白易,20200601
013373197810292414,男,9a589cac8d66b9351656800f55094db1,19781029,bigtangevi1cg,2022,须濮,78492370346
2023,束力勤,男,b870998b79fd9f1cd0ab0320cb2b63b0,notesclub,73070199520,668644201802248279,20180224
米念芹,vip,女,693976199107243749,19910724,47be55ef2d3fe726df16c153a940d76c,2024,79880930666
2025,女,lihuiStoneMoe,74695573261,公先明,7d0710824ff191f6a0086a7e3891641e,19870922,049387198709224541
女,23c807d021a6853b9da8c4ae5aedc3ba,东阳连英,835562200106090369,20010609,77265149884,vipredis,2026
74057092291,东方成化,2027,p0poBerL1n,19740420,185135197404209661,7f10ad437256e9b2e7a4a2a42d7eb291,女
li,女,74603855040,19741219,郗沈静,2028,898948197412194565,7e6ae4cef2a427abbbd38c36f4f94efa
74633362530,男,公思珠轩,039599198708308633,jayl1nDarkRay,2029,d999e11033ce2d9e01da6049579c5344,19870830
20110107,郜姝,74522869368,managehiourlife,女,350196201101071043,2030,a8f5f167f44f4964e6c998dee827110c
75225314547,2031,kctfadam,0ba3b5756c9c4e10e0d983086adbaa9d,公祈凯歌,761887200405250846,20040525,女
2032,klkxzhangyuhua,20170224,77311789504,350033201702246231,公孙之卉,daeee0b8bc1b394dcff5a479dc6cdfb7,男
崔韵,5cff88736cffefa32442d0f9429d50a3,2033,ph0en1xqianhaojun,男,79060778570,400710198406171312,19840617
ph0en1xfirebroo,20090811,2034,男,74855967231,a52f5ef86a6c7a4919eb8cb598678e3e,濮俪,827562200908114617
赖梓云,010305197802019910,19780201,男,2035,net9199771,e8b115d9a640c86fd7429ea73583fe65,74055293004
2036,麴锐洁,093006199412060375,c42bd0ec4d372316c62f8d124bedab15,19941206,男,73045696477,code2secCoco413
男,2037,ricterz,1a060b6b53366f1c7a9f28c97e95928a,97626719801015963X,崎邱优悠,19801015,77569819939
74649055703,sari3lhackingarticles,b493476de1ab5adaf0438b138bb51812,京城忠,2038,19850222,510314198502222764,女
男,451890201401205853,2039,0f3b4bd176fc2465ddcd476a3054a3d6,20140120,79168509827,lijianjunzhangbin,甘先智勇
男,19720520,4ddeceb2c553f5d0e34ad788aeac1c0f,73932419367,926426197205209350,廉云澈,2040,liujianguochenyun
bestwing,072367ccd752a7107ed4fad94e80f82c,77107251373,19920601,86238219920601914X,2041,女,耿鹏海
088111199604188559,bc1c28fca1d8ce9dac9f693a011de66e,2042,79003571084,公宣青,dongztxmanblog,男,19960418
e00ba8c45985beee960ce98c2906aa65,20161202,91443920161202158X,zhangjianguojkme,阚和豫,77219559755,2043,女
2044,何丘寄柔,d19149dd97b17ce55e70abd2f9e64d3d,74997851038,lihui,19780323,224955197803232480,女
09831820170306804X,20170306,003b4b95281b2d96d3c1ae30692d07ce,女,柳雨蓉,2045,retmewangxiufang,78274457292
公朱琪,男,77887334609,19770929,icujayl1n,a55a049af2833189bc7f17f1db6f016e,64101319770929125X,2046
ca041dba2671dc94cf695babf9218d41,20060914,益梦桐,zhangyulanliyulan,女,869062200609148528,73537708794,2047
2048,73360528413,19821123,公阅学义,5caee24cd2155e7ce7d8b75fbac06fdd,ThunderJie,592802198211238158,男
女,郭同甫,483475201612261267,20161226,77320240246,c245d911e095b4266059b0914b3d8144,9jan,2049
266140199805307642,女,19980530,617d50ade27803674282a5fd23595243,79698687763,乐宁乐,hpasserby,2050
26349620100707427X,361b44f97140c30c42cc918ee9cdf368,20100707,administratorzhangjun,男,冯苑博,77527312448,2051
070810200703097220,e251152c4489ca76ed06280a21762096,2052,74512770344,20070309,蒙鹏运,myh0stliwei,女
邱嘉,75180579637,2053,19881202,男,39f2930e5eafda4adfa56c24cf667b86,wangxiufanguser,658685198812020711
女,75668242473,wangxiuzhenfarbox,19910322,722411199103226743,a2981ae3de3a8cdb2f514424bc70caa9,熊凡桃,2054
20255e8572a4596c255d17c31f932688,wangguizhipw,488679197004038645,73849130354,19700403,2055,公襄康泰,女
hiourlife,2056,明瑞芬,女,19781229,52f45467ba21c9233aae71d9e549ebac,74740926995,025472197812299225
zhanglili,a71c996bac58f3a2aa421af0a895d7cb,2057,154020201107035266,居荷珠,女,75106227512,20110703
guoguangwangdong,20150519,女,77529785666,翟思丽,933c9a68b0c26f7739ad5fcc2ce2ccdc,734310201505192285,2058
19960803,a2244010ba666c22abce7e00617f9880,818379199608037912,男,heikejiechenjie,2059,75113741002,后映容
男,73005840031,蒯喜,417429198102046637,e577329fe7f293b33b06877133e2dbd7,navisecch1ng,2060,19810204
女,iceHbeifengpiaoran,傅余骥,0b717fe3339502e7871762fcd1229f42,78624175609,20200730,2061,972977202007304564
男,20000306,谷燕,1a4b3d8213b054505cdb0e1c61a872f9,Adam,215485200003060574,2062,76698340583
wangluojiandaolengbaikai,105255198309031210,吉白僳,19830903,75103373253,2063,男,33be17e950c2564c7c441e14bef6554e
74090478087,985250198210151732,男,通承颜,l0ca1Bendawang,2064,daf7105f0e876b94056deb3db2a00110,19821015
78188816625,女,19761215,2065,cal1zhanglili,蒲仁,0c5ff9ed8aa7f8d3d0f85f9e8068b55e,146144197612159048
男,2066,e34902d31239e750f32779491bad0485,牛和暖,designdm,20120520,78553274949,114425201205204111
75761016230,2067,20190711,907988201907111115,步若华,Adogk0rz3n,男,8554a5495d25956146453aac20aa0838
男,关龙凌春,73255411968,19850505,wangweiseebug,a8d4aa2eb3e896ff6f5b387772ed0530,158650198505058738,2068
2834849783efa1c511370a95bc2fa6f4,xiaomiDecade,19910903,男,934078199109034339,73933652325,菱英悟,2069
874281198408186154,73033016673,19840818,saucermandevelop,2070,13a56622c79fe0d2a836a930eb0897e5,巢剑,男
19830908,2071,77330011380,chamd5rmb122,熊明辉,930220198309082683,cb88ddad0b3b679d73884698d8b5b2e1,女
19831203,742794198312036627,女,redteamlishuying,2072,麴北嘉,db6e6b8e31d966218398d42ca4942925,77382735304
481801201805170340,fdc5e1445e571ce0a891122a90a4baf7,2073,女,73401732192,20180517,lnyasqiyuehuo,公胜寻春
2074,697329198309231369,zhangfangsymbo1,公析千凡,19830923,女,74551798655,45003ac645b339ff18d489e92f9b5e84
2075,男,748a7e91670557d600190a0dfc3d1126,20090724,74830467138,谢祺瑞,wangkaiwangming,177302200907247510
79891201069,20150213,何歆然,2076,4f86443d2ed103cf1d0271880c8777a8,077141201502134934,男,wangjuanhone
2077,男,162737199505281759,公之汉,48bfc8b5904db42243daefc17b324b0e,75955639099,clubbrieflyx,19950528
19950706,75737291164,2078,男,焦心语,bbf04984858cd58b85824c8c17a5a3c0,01189219950706667X,zhang
20160716,2079,75946554916,女,08a9b6e8fc2bfa45aba97b307ef72d41,264911201607168143,sm0nkmengsec,蔚明喆
ded016240cd5be15971334969e4b9854,2080,19910818,74921724425,公仇问筠,13654019910818343X,lijuanliguihua,男
2081,135017201004067512,男,Caligo,5996c4c3ceca2b93f9c0902547c245db,75565278538,屈门苓,20100406
20110426,wangtanjiti,男,516588201104269976,惠凡旋,2082,79080524694,b633bdec05b0443fa91ed4e66541c44f
19870829,ioin,2083,72805719870829777X,龙惜儿,2ee03410c49bad696da76e3605002452,75362871458,男
yuagse7ensec,20021226,62c33b416aa6b09ae1b8bddc1377f135,504585200212260883,79373555999,2084,东方民,女
19810228,女,d22afd20b6eff8aefcf131a62552b910,2085,zhanghuispace,438261198102288082,宓战,75988221337
471795201002168370,20100216,zhangguilanim,2086,男,9818ef41ba1dd9f0d9f325e1bb81f784,76712387390,苗谚
2087,lightrainszhangguirong,62b40d08242aea725cc7a398ed51cdef,女,19871217,779897198712172421,公仲邶,77178167547
830502198008317127,2088,女,19800831,1972db24cd4c2fbf52d9fa453567d700,78835689392,RajChandel,怀奇迈
378868199809154825,女,19980915,东楼倩愉,2089,yangming,78683289374,2c3843a1cdc684e02e7a46cba5214571
Auxykerling,19881121,男,898656198811214517,a2bab50d3a611bcf6e9c4af2d6a8dc4f,77811356449,2090,甘先彦露
2091,公冶正文,女,netfairygithub,19910804,73304542937,937823199108043381,6d75b63662da4248f72191baba1a3e2e
77339798843,女,2092,平会雯,703590197708038680,virusdefender,4aed856f234ae0e36a427ac071cf7659,19770803
南门秋翠,20010422,082154200104225739,dbf1e5c72cc11e9df87f1ced2cd730f1,bit4wooliuchao,74097160860,男,2093
782558197804172517,19780417,后心水,男,Rocky,fce2b3d8b2e492029463af192869b130,73485614251,2094
f3a0224f713853812654e7ff610c122b,毋八雪,男,694517198303277270,0pnlight,19830327,75654753333,2095
b521a772b23e8b58e081ddeaa540edd3,573566197901016139,19790101,男,wanglihuabertramc,东关紫寒,74990960448,2096
79125783393,587757201809209973,d4rksectangguo,e53dcd65b900e88ba78f97c6f96d4fce,男,20180920,2097,朱天禄
dd72b18942528df3e9ca649cd5d378ec,邹霞姝,2098,lijianjun,20080126,185158200801264065,女,79959535750
026af44aced2e39b519049728bc8ab42,男,19891024,xnianqshasibite,997780198910243653,汤哲美,73089905689,2099
20130415,748105201304155545,5162eac88dd67763ec344fa55b8d7e1c,lovesg,女,屈门逸云,78089522483,2100
2101,印冷玉,94d346d27e75515aca1f33e521d2d973,女,19700504,75874326322,orleven,396517197005047684
540593201406035519,公析玉,a9af574eba04303388852370264863b8,huangyong,2102,77209840046,20140603,男
Poacherwangrui,古成然,19700126,998496197001267333,79031181072,e7cbffb9bd3f56ca6073b6b7ea55039d,2103,男
049214201705174621,77415137707,2104,e9b13a9bd256e718fe184523664f773a,女,BerL1nklaus,倪乐然,20170517
男,74505797794,2105,屠谊,395220197812283553,1phan,98901bad6932d324877ed7c1e379fcfb,19781228
78716127334,XMUTSEC,禹佳妍,19930826,2106,男,106871199308269970,a7f0b75a4e2b10650936c72f90b03cff
古里海,2107,wangyu,76750852735,218693200510042622,718589780cd59e3272e2067c5dd47fde,女,20051004
6651d30f702016563321e8674c46abcf,941639199210110241,左丘烨赫,zhanglong,2108,女,79610337314,19921011
2109,d9f6e636e369552839e7bb8057aeb8da,75554460371,男,19790120,Symbo1kyrios,608694197901200856,陈睿聪
2110,73592948550,20040312,利和惬,cff4b6e476512392641d16c1cbc1af5f,chenguilanxnianq,男,72878220040312301X
20050915,netyiyaaixuexiL4oZu1,女,叔促兰月,fdb70e6887b6ec7bbc06879add8b4a1e,73632040844,325380200509156029,2111
79984056214,phith0ndongzt,万家颖,2112,19760101,男,bed128365216c019988915ed3add75fb,667902197601012350
2113,女,77492349866,f11eed37d737eb8929d13ab8ff1434e4,贺慧美,20200423,Lz1ylalajunNODE,737431202004232220
liuyunCosmos,华胥鹰,7c06a5971b87495c24fd9132ab5b5cdf,78040008603,男,19970912,335875199709125756,2114
virtua1,981039199011277043,c980d926eb5cacce112032a97cddd5cb,女,2115,19901127,赖笑柳,75298209018
2116,马宏深,kirinsayegguncle,73003683430,92727119801129555X,男,ff817e6551fa0d4280f3e0c9fd02ca57,19801129
2117,何希月,19710611,77356426032,nanmingfuping,男,81b59c2979476b0605c25f646d0661d0,706386197106112270
2118,19751118,74754683954,湛姝,439063197511182770,993e1233d1a2bb70335bcd972c6f350c,男,d4m1tslibin
268585198009076910,bcb220c19cd1f12c0dd1057f29ec2ada,19800907,2119,BrieflyX,訾访蕊,男,79640619324
19930615,姜智勇,75ef3fff2ba29ff9ea51cda1d1e538b7,2120,addon,75554220364,男,229992199306157833
75648076837,20040217,p0rz9,089924200402177335,男,2121,蓬志诚,a0bdaa9051ab60f6b031880491c40f9d
20030217,wangmingsari3l,男,2122,钟山柏,79936054015,523345200302175114,ae5097d5521e62b02cb23a507d6c93ef
19730715,516366197307155778,2123,东方雁丝,77402611362,男,z3r0yugiantbranch,2bffdd0f16bfaef7a94d27f2adde9f58
549312198903018271,75190286236,男,祁弘博,2124,zhangyunbigtang,58d5af2a8b289f0848eaa4fd63e935c3,19890301
73001084768,au1geLnyasssszhangwei,晏雪晴,415685200905152046,20090515,3281440df6e2f252417e61c923d7a110,女,2125
2126,男,元亓妃妍,78540408475,cb9a9fe3a89b9d5c28d711dd72d6e8ac,20190129,379878201901299457,k0keoyo
huaweimisty,公休嘉德,男,2127,19851002,949417198510025237,79650635680,df8678a50bafbda436fee97a39d121ec
183210198905284230,19890528,男,e27238c73de28d10b398e5d8bf104c76,78140009053,侯冈玚,MrRdarkeyerlixiurong,2128
女,PwnGog,19790501,2129,尹苑杰,365100197905016220,73041508949,81a57538bea3f6e953f6a459eb767357
20110817,77129385099,屋户茹,男,hexltNuuuNya,2130,865300201108171015,bf0c68b6322a23a0af9e3143a7da0d6b
19840731,公朱伦,男,webbaoziyangfan,e3c1640840628c26628937083e1aaf5a,322776198407315935,2131,75680870165
南门新苗,2132,76767856661,838720199902059121,32f2bbcf0c1165d7275513cd07db0c72,19990205,女,yangbocengjunjie
公玉三诗,78600703682,lin2zhenBibi,2133,df8da790477f15fdf886c125f48e52d3,850355201801093480,20180109,女
77412129536,369388199305186089,guochandaxiongmaoDa7uraN0ir,叶梧桐,fc17c056bbcc0d6e2fb2c2a76bb56653,19930518,女,2134
8deb3131ef506f53429a6803a4d58dfc,女,73331495899,容芳懿,getshelll3m0n,93957019840310308X,2135,19840310
76688412112,汪瑰玮,女,20011125,5fccc5fd0a7a53c3af7fbae0b6edcbce,90991720011125506X,le4f,2136
lichaoPanytucaokeng,19940530,625876199405306262,女,公敛星渊,8df5ec830a502abd20804a860e19a8c2,78268209586,2137
lostwolf,234770200907166931,77644597752,20090716,男,2138,99c869bcb6c989b6303100f080a74b90,王永嘉
AppLeU0sher10ck,676294201512016236,27f6b6c8a65104058a16339edb00ffd9,75792534484,男,鱼咏思,20151201,2139
2140,283689201204014672,gaofeng,20120401,男,74671994545,33ab0e24d76bc7badfe1ae8d09bef7e7,汤谷梦
345135da18b4ee3eea3f985ec6acbfff,MisakiKatatoday,78492784495,698871199304116957,雍傲儿,19930411,男,2141
2142,20020425,邰颖,75730029129,男,huawenxifengweiyu,3dbe4bcddf5388fea5118bb262deedea,445441200204254419
273698197005063741,19700506,女,赖裕梅,75903742357,SarielDlixia,dd8aa17aed25520179731442398894ab,2143
zhangguirongzhangxiuyun,男,钭茂才,19880824,3f691be81a6f25442822ad7721addcbb,75894311659,2144,526668198808249110
东宫婷,20060110,897045200601105213,2145,男,chenlong,5cd228b2a638f309cdf68c8f75df31c0,78574995310
19850331,0d76712a960555ea778f5b7f35334414,690944198503317764,女,丘陵巧,2146,retme7DiShencoco413,75676764365
19930216,75906965500,496526199302167753,721e5a9f2914429f0907b18ff01067ef,litaoliubin,男,2147,公先珆
衡雅静,af02c6c6a034c6560055d6a9ad2f7309,415927201906021416,2148,75664729919,男,20190602,thief
660555197804064278,男,79578742708,n0tr00tSecurityTeam,19780406,葛若芳,2149,b1fde0ace1dca13ca912ab715674f6d7
20080829,76697073914,rj45mp,870434200808292020,2150,女,熊心语,ba07622c6223584f67bee33976d8a89f
896558200806255352,男,2151,79028651857,20080625,0c4c7ca4eb2de58b3af8c21b90d134a0,公息宜人,overrainbowyangyang
蓬梓楠,77507135792,20180301,男,24956120180301411X,2152,709d3cc0a961ef53a688f757fcdfc9aa,0x11
菱霄,blogl3m0n,849759200309158130,74646280033,d012e5bfef9a258b9f9a91fd3fea9b75,2153,男,20030915
77792731986,2154,韶高峯,男,20011212,waitalonedrops,27af61ccc7ed4dd49a6c4850fa2aeaa9,589135200112125477
zhaojun,19840823,76e849a23f31b487694e12830fd38af2,78408302650,范希月,女,2155,366628198408233645
148180198006226839,zhangyuyingpwn,19800622,74721490153,左师畴,78892b133bd07eec991c5fbfb1be87c1,2156,男
8b45a1239d6774fe1093194e0f663c4e,男,76634117209,储睿瑶,19881225,2157,kirinsay,224299198812254473
eb234a84a706e7a257ac11f7a7e9c677,799259199303107255,麴屏,男,2158,bugsafechenyulan,19930310,78488337629
24537d46ff0bb485e0924a6b5e744f6a,男,126057198504287357,19850428,聂安筠,78378531372,2159,zhangjieSouthseast
087362200304135223,公孟妶,2160,lunlunzhangfengying,73561020386,640482da3952b9fbd494599def8ba492,女,20030413
2161,034123201603249463,女,任擎,20160324,b2e829f2de82b3423e5886695e9f793c,74065068424,Snowming04TimeSHU
989686200902092827,2162,李雅,73099640264,a3ca9a39f79229890ac4febd19c9ada3,女,20090209,chenchenxujing
男,2163,813730200109218078,4ee8b897c1b4c9dfac3130869be06814,liguizhiguoguang,20010921,宁雪羽,75737062035
20170317,826545201703173813,chenyingoschina,2164,牛哲丽,a853630557e70741983add13d91cb9ed,男,75836315882
78061022558,laucyunauxy,2165,534622197911210130,怀水蓉,男,19791121,95e8bc47221945dca9197a2bedf72920
77809221295,公冶幼丝,fcd6d32f88d6746223bf46554526226c,19821024,com,847531198210249084,2166,女
19870724,124452198707241154,0day5,376986e07e02cb07124371475d3dcdda,78388374039,男,2167,冯元思
公成元嘉,600873197606252380,ab89689beb3c6bdab2257216b0429cc6,2168,73013174754,女,weblogic,19760625
todayEkkkkkkko,73574860702,女,19781029,2169,59825419781029544X,甘光远,b441d65b8bf3934a2d5517815462409b
关其凤婷,2170,zhangguizhenLonelyRain,男,19940921,23e13f651cd0719d60e7f8209cb6b8e3,298058199409214933,73422062979
72773dad273192963d3a03759843c92c,濮光耀,mang0wangkun,73329231938,2171,004431200505179541,20050517,女
Panda,2172,隆高,003528198904039817,19890403,男,33c790727c4dd52ef7446201692615af,75247305491
78252057564,011eedae229afc00b5847aac3b482172,2173,殷嘉树,20000201,709612200002018473,evi0sCh1ng,男
74623374192,n3k0,19721031,17a1e77f556a5a48b728735ec80d2c27,党乐,女,2174,512458197210316768
115793200204234852,overrainbowtonghua,男,2175,78841500091,窦高峻,20020423,e03026a1664dad85e1382a476d4042da
宫和悦,女,74745412436,0fa122aa9346cff1dd43e80a9f21a653,383071201607091768,20160709,zhangyuzhenhiourlife,2176
满佩兰,374784201511281777,男,20151128,2177,7c3e4c0d5949305757173066c8c3f7ab,75228225132,wanghuiyangtao
20070924,Seebugzhouwei,2178,75533315887,女,杨乐逸,144295200709249080,ccba27444e3fca5b4649f3916447ceb5
19801005,2179,74900524279,106335198010054064,lihao,公成雅霜,女,9a4ee272a85889533245efc595487211
20201210,aff31407d4e02a99febb6fc38b52e3c7,516619202012104880,H4lo,女,寇语海,75303506454,2180
陶皓轩,73096033000,2181,4ccae23ecf23cff8b2d0821e2647646d,zhanghuianquanke,19810302,319194198103029467,女
designsite,20190306,349227201903064418,2182,男,46839542f27fa4ee81743c55dc58b7bc,丁若傲松,79198450123
f79ac9e6bd639db694c77dbc991c7cb6,19990705,shiyan,2183,袁冷,女,568898199907054282,73948643056
6c98437e2e5c4b833328b6d732216986,Orleven,2184,73348410968,司徒高谊,女,20000603,633693200006036462
246601201003301184,女,2185,75956570846,寇纹,20100330,wangrongstrcpy,2969ac42807833bbba8da25d49bf4d05
昌乐芸,73793025560,19720612,3001783facd9b7849b7e8e107b00004e,482821197206129546,女,zhangyingSeebug,2186
Yasengwangshuzhen,302983201212273654,20121227,77376019262,6c758b1999871b65d4d9855aeb00e39a,男,2187,古里梓馨
19831024,党家颖,男,007166198310248638,2188,3043d53bba61af3911748f7fc94175bc,Auxyzhangbin,75322673175
998801199310192712,79174656295,公仲玟丽,19931019,AkkumanWangYihang,男,b083313f052ef038c4ba2311dcbc77e5,2189
fuheieternalsakura13,eebbc0092fffb8661e55defcc6ddcf74,男,2190,党项禹,719968201908127136,78471730866,20190812
男,masterx95,2191,19800209,甘先熠彤,74942346741,8c249675aea6c3cbd91661bbae767ff1,442195198002095077
5d82357cf018b4eb8cc3888ae8af6ee3,622394197511278342,77631913380,19751127,yangjiesk15,女,2192,蒯桦
77686544644,19830530,男,850c5ee7d141cc08311d5214a4a02e85,2193,364874198305305535,admin1,巩伯雨旋
Birdsever,74900657519,94dc7f8d97bf7bbd515c4b386ce6a3b0,053517201009081853,2194,20100908,男,沈英豪
77226651560,女,484876200502043984,xiaozhizhangguirong,20050204,2195,263cb84ff02eb308acc109eac09cbabe,巩伯奇水
2196,79864826778,633766197904025118,chengangTiaonmmn,19790402,bd5cad67e6d2033fb49f4b39365ba8c4,余孟阳,男
燕颜,c2fe59547322a4bb7db612af5dae1281,73289452772,2197,069975198606080160,女,19860608,lioneijonsonliukai
19960430,庞华美,142861199604308162,4bbb248bae358e30b034f7094817624a,hackjien0b0dy,2198,女,75116540875
公齐彬,422123199103093272,19910309,2199,d697ef40c5d027e860293db219b2f8b5,klausraycp,77866497610,男
882219198805288842,0ca8083685e78d899db664cdb18291d9,2200,女,73530571359,华彦杉,Cottonchenyan,19880528
2201,275733200910158269,女,20091015,WinMinchenhua,f36fcfc23e28735a18dfe2a00592070f,78927493579,公胜线
73826121322,20200309,2202,a88c2bf6694a9bc58cddb39aa105b5f7,Cosmos,873274202003096382,女,印勇
皮诗双,18d7e86090cd084c74b8aba7e17528d7,2203,女,79818524090,20200917,780723202009177864,ademaanquan
8b794644e69163a7d5b926bdb257c350,73404623958,2204,shasibiteMarblue,女,乐正莎,382978199903193083,19990319
77763726112,19931024,92e4e911b565f0e20a3d317530b4c53b,080256199310241167,liuhongzhaowei,桂俊民,2205,女
侯冈欣秀,男,79909699326,25eec9a9e3d2058f1d436e6343c34ff4,19831001,45404119831001651X,b1ue,2206
wangluojinglingDM,612539ce05e93a58199d186a85c77dd3,73454384003,滕傲霜,女,20180715,2207,428170201807159743
2208,19721019,766663197210198548,YunenCytosine,75633437795,219172e651a8f4e64fad9b5d209e0d68,女,温丁辰
2209,女,20130730,849983201307300469,公旅叔,78976878723,3018007d72f5fd19d63027eac6301873,liliang
女,穿封艳玲,7e23be076accc46619e439fe701c8b95,510132198402174322,73256332568,fi9coder,2210,19840217
134992199508157851,左人虹影,19950815,77867752255,1c3d17ede644a4d51c8dd85a2591ff5b,vipnavisec,2211,男
2212,边宛,19810706,f0815b5ec86f7cce2ea230a1dcc2fe93,quinineranhkgg,73485246287,男,492284198107066630
2213,女,Balis0ngwangxue,79875369718,阚殷漓,20130828,d3e0d7466e2c3ba304a4ad71304e8ca1,967073201308282649
20120322,Swing,项余妍,594164201203223658,2214,78244532285,8641fbdbdefe3b12d6facae9bd6928e0,男
2215,20121208,宿娟,6078093a6d311612410125cfff0d48a9,liguirongnanming,296973201212083934,男,77484387332
景墨,whiteWester,2216,360541199110128089,19911012,76797416718,女,25d127ce407f78e2b22bff5f543e2639
2217,20121230,36934320121230504X,女,訾文赋,libingricterz,79596986123,ddaac7b85aa8e6bdedf25e4aeb17f4c3
20140215,55a21b808ae1b45dc7a5aa1334c8d5c1,77592820140215925X,男,zuozuoverazhoujing,74036736879,陆紫安,2218
19701001,2219,男,9c32d6523556378b8b1632720f7ab1e1,奚丕,79932574891,Ch1ngchenxiulan,514438197010010250
389dc1ae40c1162547867290f573f009,79874234013,男,589460197908182774,19790818,eternalsakuracloudyu,2220,乔子轩
lijing,陆淳静,75053283317,女,2221,52334a070abecb7852cd394d5ace5d13,95266620100816546X,20100816
baoziacheng,2222,9c72b7493df49c4df3379d49f05b4d17,女,19850829,824523198508292265,陆梦容,76648785040
75264742684,2223,777244199401090776,wangxiulanaustfish,男,dab25522f762301f6bfe47cd382a86f1,19940109,陶子濯
Winter3unzhangyuhua,男,后怀萍,2224,c88e8ae13e25993d3aed39a8c12ff02f,20071021,78757088621,598695200710214431
BerL1nkingkk,55839b8d322ad9dd83ffd6fa10db7f31,古冶思宸,2225,19990613,男,192020199906135015,73339429427
817c44a3f4daf56bb2f2c35c618d440f,男,19720819,2226,隗娇,lilong,012366197208197137,79132952744
19990327,78255660049,zhangwenmoe,男,2e62f36903fb4345b6e2a4c8bafdac82,2227,182302199903277757,党俞
bf66f318cbb153c69fba440a32e140ac,bodkinjgeek,2228,20070128,刘成天,78153741347,女,933825200701283348
8850a43bb71970440b65deaa88a21147,wz,20180216,2229,431730201802162879,男,周贞静,79044393541
2230,77152313828,20000331,戌嘉禧,47810020000331335X,男,wangguifangn0b0dycn,b146a8a5d193d5dc82b8c2074fe46898
275634684d520229382ea3a9d5825785,702317199310140773,邰庄雅,NoneGirlIuhwangyun,男,78951799229,19931014,2231
603789197010062664,女,祁玫,03i0Balis0ng,19701006,2232,370fac641be6ef4d0151bdf8d1478137,77677171516
公倚云,2233,zhangguifang,b49f72007115facf968328b619590387,78875738959,19950502,224168199505024728,女
19800328,178476198003280634,8d349a8003337b95c8d47c20bca744e9,2234,男,77636115630,comarchivessnowmingEX,焦雁
510303199605192057,男,19960519,79345309461,2235,zhanglongit,003623d707664e494e629e786ae5741f,郁孤晴
19880426,130558198804268879,7ccceae670c64b15c56689225792e2c2,咸寒,lnyasThreatHunter,2236,男,77234981364
193463198105107426,公朱寻菡,75663362131,2237,女,bendawangnMask,ba8f2271f51995e501ba6679d646e160,19810510
1931e9b850d982630cbb76100238164c,2238,79588091541,jmpoep,吴玮琪,910651198511066583,19851106,女
0e0e0c1356dc21d15e8ba8d14918acb3,19700826,冀娅芳,2239,Evi1cg,78973317848,339576197008264774,男
b95dcb3ae69435ed688c99896d6244f1,女,毋浩渺,282927198312169948,yangyong,78350540364,2240,19831216
戈依美,20010306,85da30e0c050909e24e66d768c30851b,75875585549,yanglongwangjianhua,男,2241,211904200103066231
20110417,75968984828,40b75343a3c407de7a1ba2d2c892f6cd,公房幻珊,805162201104172181,2242,女,Ginove
女,韩盼山,a315a05ea1f8b3c0e6385edbb6f68f47,061307201309138969,orgtanjiti,2243,78200807072,20130913
397ad8be0c7d66e2aea05bed882bcff0,19710724,ChaMd5,男,蔚雪卉,2244,222490197107244576,74609613927
Ph0rsexmutsec,吉胡轼,73169146981,109604201906181938,2245,ad586890e41bd08d4fdca815f4f33bcd,20190618,男
EXlostwolf,42de449f21c05706637f926e89cf7579,毕彭丹,20040609,男,537056200406096136,78249184153,2246
lixiumeiwangyuying,女,钱凌春,19880503,a07c8922ac5b92a9e2925af216a0d043,2247,138476198805036660,77452170699
af453aebfa67d1cf467814fa9957e2f9,74063607699,男,549221197712052334,訾正初,19771205,Lteam9jan,2248
410052198609126842,MrSongbeifengpiaoran,19860912,明嫣,8ed0f0145fe1a7268fbe50f605244064,77439816191,2249,女
333011197412237080,78255421457,东楼娣,2250,Flankerdevelopers,女,92bf61e40cd932b96f3d7f60739919e2,19741223
499759200409084954,78279084996,82819567b9ad4e8c5212f49f67743616,男,gh0stkey,巨母琼怡,2251,20040908
2252,2904fd1a3cade2007280ae5d844a7464,dongztwanghong,75208406934,030098201306121043,女,20130612,菱峰
方怡,282562200712227227,flag0,女,bb78a11c9ce8c0573c83e91518a27a14,73695392924,2253,20071222
19810318,342be00aec2e092df884b070f755a024,2254,000985198103185351,窦公梓楠,yangyankyrios,78939634193,男
男,庄宏放,lidongmeiwebadmin,0d14610317f4a120ff2ac3477db69e55,323788198907277775,19890727,2255,78794554205
58106319920305275X,880caa9ce87470e19ca61f05e2a18481,殳飚,男,2256,19920305,79969898078,wanglanying
74562210092,屈秋春,女,phith0nginove,807593198109144263,19810914,4bb3c2d0cab8b73bd871fcf7191fd494,2257
华胥飞双,2258,710478200107283086,女,chenying,75054598133,20010728,54ec354b29552f409ad9ea445bfbe329
79900010567,377634548878901bb715281ff90c404a,20080710,2259,xdsec,宓凯定,男,01430420080710901X
945329197703243822,19770324,darkwing,51740622ba3c09bea30b5c6423acc223,74525705215,女,2260,胡毋春雪
王承德,wangjinglimei,女,20160911,3a8d0e0c8067d5eab0645aa730f452a5,2261,79595341963,678747201609117484
2262,wooyaaSe7en,男,19910821,426488199108219338,d9cfa743e41daf9c82e112dce1bcbd15,鄂映之,75652734246
20061219,2263,75173086441,9ae2fa7fef5812ae06a9d40a91ac8835,女,zhangshuzhenchenlong,369105200612198526,康思怡
729071818a426f0cbfc3ef4a6bb8de1a,790793200504286189,20050428,75232771686,2264,女,beafb1b1,狄寒珊
79192841116,2265,19710629,netblog0h1in9e,古苏迷,男,955217197106291632,7795625f1aa1c0140186a7a2ad0fa926
d2367e54c62cecbac9821e8840515066,女,hebicspace,2266,胜屠溢,19991024,113663199910243026,75854853339
彭笑萍,女,52stujarviswang,9bb6610419a3bea023c778ec900978c6,75076870906,2267,20170121,225280201701217341
常秋双,c2c63fd39d1f07fdb8b8bf811eff68a0,zhangningfindneo,19891023,男,2268,74897303503,417388198910235078
尚承天,239450200705128630,017126eeeff3bd8620fb4772a8e22daa,20070512,mochazz,78053144363,男,2269
冯秀筠,760e2dfa28fb05ecf9de71b33f250795,78602692157,361830201510174541,linger,女,2270,20151017
20060912,115112200609121812,chenhongwangqin,2049dcca4fcbde381dd2e8a95ace6539,2271,75803306112,公宣骏,男
2272,800985200107181373,yangyongsari3l,ce0b25939b445ff8895513076d9c7b46,77235163294,20010718,男,公丘良翰
19880604,2273,羿傲菡,78446197957,女,wanglinweblogic,953828198806044485,dbb8ae89f9fd6595120c8df7cbfe4870
304597199210204557,柳蕾,6299b4bf69960e53b6d9a0bd27342660,74071220468,19921020,2274,男,maya66m3lon
79528385241,阎光赫,2275,19811113,9e9869d07e5971ea12a7ce63ae03e977,219862198111136434,tomcatohlinge,男
675322201007036773,81ed5dc11d77e5332b7c934237ef0808,Firmy,丘陵沧,2276,73734827679,男,20100703
2277,边德佑,20200422,995181202004224662,7b987990066f0ed9a46f1423b86c6599,女,76758086566,thecosmos404notf0und
77424806097,2278,bff1cc5a4f8b7a08da9206bc390200c2,20011227,wangruizhangyu,365218200112271372,男,冷梦菲
2279,女,anquangongbanzhuanbijitricking,138617197111044566,侯冈春桃,78856363032,049916ced7558d2ba90e5ac47f7b1d01,19711104
19970620,2280,997115963d287574c3cd2f12bbb506d5,男,989898199706203957,崎邱参,75324954239,Lz1ytopsec
2281,005705201708215775,靳苑博,20170821,wangshuaichaoge123456,79144619048,男,86bae10c4cd01b7dc0b1a4853b8a431b
f913e9bec9ff15c81f6adb4393856260,73195871417,857519197405297572,Pav1,公仲思艳,2282,19740529,男
19751004,2283,79651977316,冯子默,男,abc48663eb03f6c72908fd84a4d9b9e0,059570197510046814,zhangjianhuashentoushi
19771222,2284,73743373299,男,b4689d84e48ebd4e3a61305400daecf2,wanghuaxinkong,088119197712228353,孟鹤梅
2285,73491266872,男,liulei,20010921,304193200109219218,合博志国,5622616cf9bfca67740e38c1e56eac33
3946fcd498d4a245b33525e428c05c73,2286,liningzhangfan,78444266800,19900725,男,303570199007250258,公仪若淑
任涵衍,2287,19721029,wangguilan,女,4a6a4aceb06f24813dff02e6e67faa10,233775197210292766,78778215648
20010719,2288,公输珍,c20451b98c79a3d384c05fc0c093239b,623665200107192627,78596252625,chenhong,女
wangguirong,20150221,2289,屈门俊爽,531811201502216089,74852872341,083b0d3325d5543b54241c2af88eb2e5,女
20180127,79976250605,2290,378874201801278062,邓妍彤,8b4cf0258846b23e0a8272bee22c38dd,女,chenhongliutao
男,19811223,limingdayu,92eb56d5b97eba6eb1d54263c353f26b,288888198112239879,贾紫,2291,76721651613
77655863362,女,imagemltlijun,禄颇,e54d73bc10697d0865f68770e348ae6e,2292,20160807,38471820160807764X
b9bea6fada4add4acbb7f8ff604da1d9,19930926,75700689566,NorthityN0rth3tyMisaki,849486199309262736,滕立辉,2293,男
ad7aa3576f789228f011df4961c4081b,男,吉白文霞,2294,19820904,liguifangmisakikata,205988198209043619,74707311623
e0e7ea1ea826c6028973cace14085012,757489201203054555,threezh1zhanglihua,20120305,丘丽涵菡,男,78637895559,2295
77470616913,2296,男,385189200706025850,南门丹丹,misakikataveritas501,6572bdaff799084b973320f43f09b363,20070602
742856201408106134,managerwanghao,曾昌,73085620057,20140810,2297,男,b8664b1b9b024b4ce1a765fc0d753321
左人岚裳,ec5e370169f1faef79529358e8f83b28,女,wangyumei,762813198102062385,2298,75189186025,19810206
女,liyumeiliu,241316ece3b23bbe8d1e15ba94378a60,79183215730,682323197704251344,班春霞,19770425,2299
19761119,4a42429db05d019c70ac2d2c33752a79,2300,79500899328,066481197611190316,hackeryunenfuping,伏羲玲娇,男
p1r06u3yangmin,75018579545,696039199801236217,费韶美,2301,男,583d3bdaf8ceaaebf5e2352d7840a8fd,19980123
d1dd6e840f84e531e86c62d8a5b73809,2302,20020708,叔促乐游,73155907013,chenwei,女,309337200207086847
2303,wangxiachenling,20170716,73b59544b43daf5b64fc0b9e2399296d,时吟怀,75582802647,男,91773720170716343X
2304,78480922574,f3bb83b492ff6a79fcea90fc8281db7c,zhangwei,414951199204020581,19920402,女,滕清
6bbc23a15ef43ccbf0e8e58a9074994c,78746730113,377066199509214059,2305,男,戚宏恺,sevckuser,19950921
20150526,男,78400992596,4b121bed5991bf21cbe98232410a16be,runlengbaikai,939446201505266858,2306,俞钗
20020524,75627080152,wangxuk0rz3n,2307,ad98d9d9d0478605b89825ce20fffc7e,男,307062200205241936,党赐
19720517,7ed3fbff66bc404572e1613a0e993f66,77264471802,2308,liuyong03sec,国雨,547385197205173663,女
19770516,78961774535,男,尹向明,639796197705161655,03d8f99759c960cde0a8b7a8644a1330,2309,liuminml
男,慕泽,MITREATTCKzhongwenzhan,19710914,75098713824,2310,078992197109144373,673cdc171bd27f8d826fd39b1e0ceb28
daizibukaikouqvq,78453178264,643295200110211016,男,cacc1c238c02e975da60a596c64cd19e,米帝,2311,20011021
ioinDm,20000527,男,efa516ddbc1c4e5482c41d022af8ff52,772690200005276676,2312,79122233193,信都雁丝
2313,丁虚,chenliangchen,755510201401154167,20140115,3949106068b75d14939b5531b958b1c6,女,73705133675
20150223,公旗佺,2314,208709201502238344,Dik1sfuzzer,a2569483740873c91d437e1fe8ac9f5c,女,73626990266
冬日芳苓,2dd5b5483e8d52dc6bb4f457163bf7dd,男,nianqiantricking,20150801,2315,74908312487,313344201508014753
男,628807202010273878,78520129425,2316,yiyepiaolingJeary,20201027,汪彬郁,17173ce010c11430670c93a38615672d
鄂姝好,317f1596c3f0ad4563dc6eafbf18620d,男,19820112,319154198201120271,79015180627,2317,JonathanSalwanch1ng
78368059846,19960901,2318,女,189751199609013983,公襄春梅,72b491c36ac099a2d295e6cf855e163c,machaochenbin
51e56a99ddde2b59e21ed1571c4b2520,20010331,女,雍泰和,getshell,2319,342255200103313126,78700069721
318472200412212748,developerExOrigin,2320,公良春娇,55bfaf5a91633775fee777683cb1060b,女,20041221,77189498855
79682223317,2321,詹承允,wangchunmeisaucerman,950a0fdaee8b9741ba78f8390a075ab1,593947200901308028,女,20090130
75163405789,055354197705065367,邹泰华,19770506,2322,4c6acf883d862a529acd7f3ff7c81e35,zhanglingqianlan,女
79887754145,19920109,2323,lin2zhen,a7833bed3a6ba45848196a5bf72b02af,389805199201091034,萧顺,男
戴心水,19800614,女,198026198006140184,79651909754,77be36cf8781159fa483dfb0ad44af1f,2324,Tasfa
2325,5c52e99f5850b54b0d49d2635f6ba1f8,公保辉,retmeskysec,女,04725619911104408X,19911104,79546139497
75774088769,dispa1r,90354520131113891X,2326,宁含文,20131113,ac75e788323152294f27e210faa2d4d5,男
796cbb9ecf1dd8b4273e137495b30831,女,75840128405,20101008,2327,wangfengying,182490201010082845,冬日倩愉
20010810,7bf28a5cb5630dcbd15a612124b61feb,郏怡木,79849747697,2328,695278200108102114,Pa55w0rd,男
77702748811,0a8c2b9836c286fec451f409d7ecf759,491573198201125189,r3kapigp4nda,杜诗柳,2329,女,19820112
2330,74504313209,19940516,男,liuwx,078655199405162112,d8a5535077dac1dc4b3a5c34ee503719,伏羲爱茹
2331,袁浦,19970107,f5193922a6ecaca0b727255b25cf8493,wangxuJayl1n,男,277573199701071753,77534721233
41f7e03e5fd48d647dcfdc699e5fe6df,20120324,73981400760,闻晓霜,男,jiangsir404postgresql,2332,143899201203249130
L4oZu1zhangjun,19801123,73358125872,2333,厍狄琼岚,ae93e757caf6bef42535e9a3ee78cdfe,男,776355198011230955
2334,19911205,zhanghongmeilibing,女,047529199112059467,c4b8f64830c9f360b19738202df24828,公输维娟,78553214138
359291197510058221,qianhaojunzhangshulan,1f2079b78f76ee17849596066fbd996e,詹含雁,2335,78516022619,19751005,女
73894146614,anquanke,鄂岚,女,19721229,888736197212292867,16086b42fc794443545cb042ad8686aa,2336
364eee9c5a442f4e44f0463155134bac,412155197304236815,男,19730423,2337,Se7eniomicro8,79021295270,谈旭
20181024,488969201810240779,滕安彤,2338,e8acdd1a4be568d7ffb9b779e1438b2d,男,75872085647,iamimeizijiu
19770814,吉胡珠雨,074531197708142830,79567673938,f186c29a9f2d751877f8361867875276,男,kangelaiyo,2339
mylamour,f59369e3ee0ccf2da49116369e6c0b68,女,20070920,冯傲蕾,443115200709203122,74887345578,2340
75519239892,singll,2341,女,474767669d72e3bfdc7b368d5133bff8,224631200512271348,20051227,居言文
2342,79360051127,女,19720704,06215319720704168X,v4kst1z,葛和裕,6d810b25bee216f9a0f8b901e5c9ef11
女,20060531,mitahomaebic,成骢,144704200605316943,2343,1888cbae3fde7759aac1cb9984e6bba8,74533136987
b404zhangmei,78606599355,727099201502242770,公成念,2344,20150224,男,9442a1c3b1bdfa2bb42dcb6b1dcddee9
800409199310040737,男,6ff4cdbf6bedf10bf5cf9e358440282d,2345,chenhua,公先姣丽,19931004,75623383108
女,2346,ba0zixia0yu,f3b677a28135afae45de44314f185447,79354424336,19820121,519266198201212369,乜敏思
3f58a0d07597f307f0b1de5420922134,79167043492,19820620,男,双问旋,498672198206201713,wangliliBey0nd,2347
19940402,24c294e5913e0472018dc6691b5cec85,Adamjiangsir404,77844995173,女,步俊人,496338199404025523,2348
19830727,master,田泰和,2349,a53dd25b6f5bfe247bc07a1923cd6eac,75368379448,815679198307273910,男
璩永琴,e05d9676a3909942bd29d979ebd65794,79374686583,女,she1don,2350,504986199912156262,19991215
Luhreyhackfun,6caf78225eff4af80f8b796c1dd48f42,司玟,186880198506111054,男,19850611,78482315527,2351
692856197310055937,78052670702,comview,fd47cba2ca07bbbab27656406a529f5d,2352,男,19731005,文辰蓉
9fda454ff4642d09764b0501e1336fda,女,曹妙晴,776277202009038587,b1uexishir,20200903,73004962999,2353
2354,尤阿柒,335555199301294386,19930129,女,5am3Processor,c1bec6c1ce95d80947d61b1988e4d312,73845666058
73749698258,2355,3afd5b9c856a8bad90c17b32e735e60b,女,19961115,net9199771wangrong,许燕肖,173435199611156824
Hecbiwangshuying,4ea69e808bdb34a6f4cff4a2a9a433d7,20090704,990018200907049726,2356,79043580083,女,温燕肖
20121229,77139014082,544700201212294281,Zeddrj45mp,2357,8d21db45e88f74a775f6aa6a0cfbf376,女,傅绍
78208908803,女,2358,19720426,c9710311b70b88e95cd8943bf1e9f765,cal1bugsafe,015704197204263286,田华采
75908643881,j0k3r,2359,40951c5e97063f99cd73069bd31f35fa,20170630,女,082596201706302121,公正韵
zhaoyongchenxia,625010197811208919,容叶丹,2360,ce90ffb170c0032064f4827f31f53649,19781120,男,74917386590
吉胡佑,20000604,918c3d1d8ac71df1a6c95a0407db3e35,070036200006043315,lvm,74701511623,2361,男
关其飞龙,72343419970726595X,48458037948368b448177e12276e6d75,2362,78397152299,19970726,男,micro8vipread
35ea2e6916b7e0954e4cdd98d9e30c48,liminchenying,79059174604,119633200912067858,男,20091206,2363,蓬静和
19990412,73874373598,504b519a8d748f6008adc5e359530cf3,019966199904125573,姜映真,2364,wangboEvi1cg,男
zhangpingmath1as,女,74661681996,19710830,b058a9b309fe5986bbf72cd2c361b7ef,2365,254960197108303482,步益
77464439069,liujianjunliguilan,2366,19751121,491451197511216846,e54beb647a705259138cd219adbd41a9,女,韶天慧
KxCode404notfound,2367,667823200205145646,4565e1ccfa29c71a586c010a1cb164c8,女,储如馨,77504420393,20020514
19821020,74886916324,男,2368,095159198210204217,chabug,吕尔白,3f35e401385e01f7e1f227906531c52b
女,78604135619,敖晓彤,20190918,2369,geeeezMang0,64962120190918268X,a6f473c7a602fd9eb1d8f315ba6ee1b3
e2ba9d79f036990de314b4295fb97590,77850131157,blackh4tyulegeyu,男,田月玲,262225199410168711,19941016,2370
507c7327ec9742b6cc6ca3d83a454b26,男,SycloverSecurityjisec,77420380082,公荆毅然,431683200609194716,2371,20060919
74061704470,sherlocz,乐优悠,52d336fb89c1ef36f04658a5c4b3eec1,332509197511219288,女,19751121,2372
79577719693,20110722,南郭兴言,shentoushi,6aa7fc417e21a2b9f81776486906876f,2373,351953201107229440,女
男,78008016673,349067201307191832,钭书萱,cyru1smaxiuying,20130719,340bc9394a00f03eeec25c8d5354d882,2374
78773964697,268674198802288050,习昌,2375,19880228,tkzsx,男,de8c3a5997900b371a476b25909e0d97
19710812,122114197108127121,公绪学名,MrSong,2376,6f93a6ca4374c07982e397e3b163a1ef,女,79604887116
19831222,2377,e819af4cae7e93fc4a2beababad214ac,wanggangchenjianhua,78512028563,59166319831222328X,关律,女
a5d43e0bd12c164f7120eb1f45c67569,TomatoTom4t0Lcy,751541198203299943,2378,女,19820329,越修为,73389815835
194699200709061084,20070906,ohlingeCaligo,公为乐荷,女,75834264988,efbf7346ab0ae86d998719ce14e5678d,2379
19890219,男,2380,崔叶丹,77320018502,617075198902192513,70454ed8c87bc4324516316c470a0a3a,rmb122wutongbaike
周萦心,2381,chenxiuzhen,181013198810200280,19881020,74534535798,女,06a8647723d4d285aefdb02ed285220b
330750201303041168,古成齐敏,76e5eb80e397782643033efec19a577b,20130304,wangli,女,74977906547,2382
0733a71d807aa3c76be7c0b1c0a5e331,73248968362,2383,liaoxinxi,20020329,800758200203294677,郏倡文,男
19850411,阴飞白,73179433985,firebrooevi1cg,170143198504119653,6d733d836749c9b87806c6e9f051bafd,男,2384
577275199608193024,812214fb8e7066bfa6e32c626c2c688b,女,19960819,2385,northityring3,78083847791,公成超
ChaMd5lc4t,76781185422,2386,888314198301283318,1749e0251528d89889c331a878e77ed2,男,19830128,屯浑靓影
wangruiliqiang,20080216,丘丽杰文,79550351456,男,729284200802160877,7dee4c5b5154f8ca7d14fa2ad14fa516,2387
20050711,郑嗣,78207781195,女,83340220050711564X,naishayeying,2388,f2ad6dfd6f2b49ee9387a99426856485
女,73675595059,432041200603100365,3683faf39b42eb93b1ab445100ac0001,PowerLiujoychou,20060310,平曼易,2389
71cbd818865bdcd5640cc476e0d568c3,男,温泽恩,34979019920329971X,sari3lxmanblog,19920329,2390,77226645344
舒伟博,2391,zhangxiuhuamuseljh,77829192816,1a4753e10378f2d1ed6dcc373546132b,701983200605011478,男,20060501
男,78452322810,wangjianhuazhanglijuan,2392,葛朗宁,19751015,860214197510153412,c4a4bcc6f662c5af732db7b4c32117d6
男,阙乒,20141102,fengzhiqixidimath1as,c629c401a845a06671667e48087cc6fb,75730975073,651926201411029955,2393
2394,77764667014,8c8651d4fde7529b4d38f8f19bf5aeaf,NightShadow,229107197803216739,男,19780321,冯琼岚
zhangxiachenbin,74470219941120447X,512b52bf70eba84634e761d268f93c8b,2395,男,容淑慧,19941120,77548688137
齐志新,78352553034,83538586979e742bdeaf6b0af864a163,578823199203122831,男,2396,19920312,zhangzhiqiang
2397,19730726,80f713c27b7b8fa467e39daf01ba1131,50344919730726846X,74993229902,lioneijonson,饶音景,女
宓星华,1b43d0265e5b59cf2bcaa072197090ec,20011124,75290963316,2398,hackdog,女,522536200111247289
女,609704197104093826,2399,shasibitezhangxiurong,王倝,77532772091,85d3e0d927298e53f0616930ffbf08aa,19710409
20101114,dbc4d84bfcfe2284ba11beffb853a8c4,2400,chenlinglifeng,阙促,211775201011141512,男,77262522504
男,b319825693709230d5ce0a35244b778c,惠晓梅,2401,20111030,liyong,369131201110307654,78932876875
19820708,束冰之,liu,666165198207081476,162bdbf9ef864959f4c0b67e7a87f0ab,2402,74942607354,男
石紫,50611920001020816X,seebugkn0ck,2403,20001020,女,e481982ab1b07f1a28cd53ea092c8584,74512326906
HappyTreeFriendsec,131656201711119047,蔚光启,2404,75347588071,71c0b7f8133edcaf028899c1c81ba98f,女,20171111
940476199811109537,73969632123,19981110,2405,Rockydarkr4y,男,9c663d7253bae6e93f0a0fcd31ca8965,公文祚
74080296082,2406,5c8736c72eb9835ff0360d5ecfa8be60,男,宿承安,941193197005195735,RcoIlzhaojing,19700519
189520201512246814,男,61fdfd295d12fdf4a9ff81d8c35a39a4,20151224,衡新,76650330560,Bibiwonderkun,2407
78031746233,63e5265810f623737426e0190ad8e38e,978470198003204149,女,2408,lcxbacklion,南门林,19800320
084527199911214963,76637692482,2564cb76f7ada468512d1a785e5f6d87,女,公析博简,2409,19991121,cloudyutop
2410,男,75981536518,evalbugWho1sCarl,453887198304221877,19830422,42d618b2d1e3451aacaf9e6f04108481,庞琳芳
2411,19960819,997457199608191842,公祈国萍,78019042761,zhangxiumeilegend,2a1edf8de67bd2b23ffe243d522b52d5,女
wangfenglan,20190906,男,2412,79335768559,002618b2f7db3db6e3ed87c18a9422ce,能云亭,523542201909063975
Orlevenstone,2413,男,19791023,伊鸿信,73626934941,884128197910235118,94608a1f477c66e1870db885024c813f
公息春晓,443250198007089331,c86f19980e345cab32ade5bba86054fd,73694705630,男,guochandaxiongmao,19800708,2414
男,quininerPoacher,74744621511,2415,19780218,关其瑾瑜,ec136041e7cc76ddd4629ff158438c0a,273635197802189835
20050719,754836200507191016,男,2416,73731241338,0e4fc7565100f95ce9efb8393cd42696,钱谷菱,boyhackjkme
19730720,78305166919,710071197307206965,女,2417,鲁菀菀,2afe6911bc472f9d992486f965ddf38b,Kyriosaccount
女,Niexinminglightrains,曹洋洋,a3ba6923f437fe1eff09e0b4b65055da,74782831931,2418,060129199005125487,19900512
男,377a6e73e91f36c161933b6a2555617d,blogsir,79059028505,461519198502231352,融天佑,19850223,2419
76789329206,3114444582270dcb22c417499691dd15,20021025,53766520021025471X,印雅娴,zhijieblogs,2420,男
880952198711185044,8cf910bd1b983638926a1048b863ec28,女,2421,79962171171,wangguifangwhereisk0shl,丁若德馨,19871118
女,anhkggevoA,2422,68ce76c8a55e9dfa5b248e3091b8bdd0,惠心思,20200402,417336202004026568,73555997332
女,55523520181031476X,DarkRayzer0yu,舒亭,79317205799,2423,f2888b985e70603ba2af6a57d4cc77a7,20181031
Wupcochabug,19960801,2424,bb3d7b5a6cff89ef5644fee309936e89,75350888959,女,090206199608013229,东乡函
29c52ffc73b1a8984be93240561ab0ff,女,20010924,2425,902765200109248964,liyunzhangli,奚春雪,78909201484
女,2426,慕淳雅,77699149764,19850503,runlixiang,213235198505036922,6e0afa35bbe86e808819eebc5a0a5ee7
sayhi2urmom,公孙同甫,2427,73336367083,0b55e79e62ef4a22d39bd25d78ea5ca2,155090201106090378,男,20110609
女,20041026,74819614048,761618200410269628,54e5f6170158af39e05b6438fb591002,2428,rai4overretme,红茗
2429,男,74593895069,19760627,lsafeyzddmr6,243029197606274236,公车鲲,db88be7776ac37ce89fb696190fd1f49
Orangenanming,19970525,3d649b4a7419f57bce852d5eb58cb7bc,2430,左人琩,173497199705254176,男,79630593277
2431,49884219871112706X,73531255319,zhanglanyingzhoujing,公齐雪松,女,3e689100d38e1de1b1bb29c5f0e3b414,19871112
女,630415197801236925,36f17c3939ac3e7b2fc9396fa8e953ea,73401211103,卢妃康乐,yangjieckj123,19780123,2432
女,19840111,vipkim,833378198401115248,2433,庞幻翠,327e0cc75f24cc0f349f5802e0c52268,73663255717
伍华月,egguncle,女,361913199207078089,9e70a9807696e0c778e95c978e1b2185,2434,19920707,73636275890
645590200206099037,77444629095,zhangwenbalis0ng,20020609,云柔雅,87e196fa26815b83ee45d623dcacffeb,2435,男
chenyunn3k0,75059802914,张雄,20090208,241096200902089548,894097db8659545a326dd22f47ac2a0a,2436,女
女,2437,431058201304231542,欧奚瑶,20130423,cc924991d8114cac14b76eabaef4fa80,lishuhuaxmutsec,78659220345
唐铠,f0076c0d3682aca122d24f980f4ce354,threezh1saltyfishyufolishyuyuf1sher,20150726,867497201507264944,女,73463048485,2438
godotp0sec,男,2439,487890200512270718,bfa386fdcd3919df203285696b040948,79655977341,20051227,元囡囡
d82704f472186b5cbf0c34e886c7bfd2,yangmeiliyumei,75694261615,464911197509082256,璩雅霜,19750908,2440,男
2441,20031102,7297116a08d6692db7550c4551c132bc,朱平春,76684399310,男,zhangdanwangyun,822202200311028356
20060505,864f7a3befb375d338772ea216f6d92f,257798200605056924,申冰薇,2442,auxylibo,75596488101,女
男,75516778045,895621198603090318,2443,谈谷枫,19860309,14d72cfc13a449b1cfeab883e012a13e,LittleHannwuxiuying
340362198703246833,2444,19870324,a37fe74025a5898ebd38bb16de9d13e9,netfairysm0nk,毋嘉瑞,男,78636677032
674a01c29f80667cdd3c4a868e1c99c8,女,greenmSouthseast,78607663865,831176197604069288,谭飞翔,19760406,2445
女,73493789303,8d2413d1a85d35d8592446ec06496300,20001119,E99p1antn0b0dyCN,647958200011192665,单于雅楠,2446
19921227,5637ab0b910aa9956b7789562526d560,715977199212270922,2447,女,V0Wrickyhao,公宣玉泽,79544364343
77608838227,男,li4n0redis,19850621,9616d1a630dcaf1b89d9b26aad0baf44,890798198506217430,2448,武鲛
20060131,女,ThunderJiezhangkun,邬怀柔,2449,4367cb7e77243d6ff3c3216036140638,75627523517,023075200601316523
19940330,2450,5cbae5fa78c249d62438bf79b69dbe4c,古冶承天,73586623125,男,todayfun,258170199403306653
19980510,ad623ba8a721e760e4209297cef8ea76,2451,liguihuamanage,司徒安娴,女,478906199805102649,77840901470
78446006135,女,19750827,2452,82890719750827886X,bywalkswangli,满端,6e2117e7a6f80a4613ec2c41de318f05
20050212,333973200502120057,b5dfae8791660c92301a561605beb920,赖罗绮,男,guochandaxiongmaojiheme7ell,77458567097,2453
048843200811069410,男,慕僖,7cafa9a093879687962cc9430bd2d79f,2454,20081106,devicexishir,77682273079
扶伟晔,女,79613873013,meizjm3i0xmuhe,7976dc09d3229dfca3bc30b761b865ee,635355198309149461,19830914,2455
liyang,20060304,文永康,3948fd07ed3b1fb22b3850f1d030deda,女,74780313082,151135200603040681,2456
se7ensecstrcpy,2457,7a2176f79d98e48e0a34da60c0a6d965,73428615977,919253197105159068,郭高轩,19710515,女
男,20170602,党慧云,226625201706027756,78920013654,qingxuanzhangyu,831c0f26ceced391237a30bb4c1cc6ac,2458
2459,de15cf80dff9427726d851b5a0060125,男,73025792289,耿煜,599421197601072834,19760107,pro
75856709441,20170214,女,赵欣秀,2460,b662c3b9ae2d749bea5b70ed87095b5d,gaofenglihua,008646201702140885
288036199203214313,19920321,朱幼柏,男,78409182149,wulidecade404notf0und,165c468905fa4e852e23d2ab8ab2c33a,2461
男,20110607,977372be0e98e247316df3d72834fbb5,韩秀筠,xzcauc,744775201106079279,2462,79538589703
9dfb1055f6eaab72ded5762fbb9db688,男,75387299257,bit4,2463,999405200703283658,20070328,金文瑞
19860628,liufei,公广乐成,04142119860628756X,76745603417,2464,女,c890e7c77dbe335494f47d33ac3c1d3d
77734580157,尹音韵,女,19970630,2465,wangxiumei,7096eceea48cd45c36e1d78ce617a7c3,020666199706304842
812475b59605c2b6459d55d412be25b2,20130514,2466,77284965266,877020201305142267,ScarletFlili,女,东阳夏萱
3fa0d907d446ed3fdf15b44a8a45925e,女,708023200308027626,祁清,20030802,77205304524,2467,xmutsec
19760229,Pandapolarislab,617616197602298824,何裕梅,262c73be01ebddd107609eb1fcbd582b,2468,78438936831,女
2c37ddb24a4778b26aa37abdaa1a5852,78487899385,20150102,l3m0nshiyan,公孙听然,083435201501024386,女,2469
f3c73c3506654426ba5254feb545ebc1,出连朋义,memcached123dayu,083222200404204679,79882645802,20040420,2470,男
b1gtang,75195894387,60b27184811a52c095f2f833dde4505a,女,19920704,冷沦铖,2471,710226199207047985
79567284307,05773419740809141X,aed1170fc3185d3bd44924ea8159dec1,男,2472,19740809,邴微澜,Xi4or0ujiwhite
男,661271197812191618,54cbf67320538da4139dc145f2601e8b,78500105404,Auxylalajun,19781219,2473,侯冈鸾
19910222,f2a574a68f6878949cb1a61860d340fd,男,development,2474,平宪,405426199102222073,75518514957
19851128,zhangyongSDante,3f3a4dbff7d23499b27992d23f8abbae,即墨广,女,2475,847983198511288886,75387128099
618416197503217531,公襄弘新,chenguiyingSn00py,男,75802622167,19750321,f74aba0d842b1f0d07ce35cf1a5a17c5,2476
721405201504176363,女,73034912791,cc3b73e65056c1f71d9339808b63416c,wanglinwangbin,2477,鱼慕诗,20150417
74665305284,2478,purplerocsuper,女,焦佩,940676b1142fe053e7d65d8e6e4406bd,19770422,285395197704224485
花淑贤,ph0en1xzhangjianhua,2479,女,c3467635e5bbe200a11adae56b539787,79848106426,535430198811130648,19881113
女,2480,Peterpan0927,3fd908b12b1881e2f87e9b2cd1bf4349,75352570471,20161228,406495201612286521,韶言文
89116520140916933X,785aaf6ef093566f88960a25ed0ce6ff,宫康成,20140916,2481,男,76681718184,TimeSHU
bf9f8d1f05dc08cc3b02e8fcf2c2ba57,女,73982705255,yangminaryb1n,2482,105744201707236329,20170723,岑韶华
2483,19910605,78237535392,zhangkaib404,叔先飞瑶,4f404800a1744893023389af51a89905,男,284871199106050133
汪梅英,518819200406093970,20040609,f4f6ac43034878a25df0f1e1b9470e16,73708630491,anquanxiaofeixia,2484,男
903959199909023383,75130335266,女,19990902,方凝,2485,88f5bd453ba19a070874b7c0e04d6614,zhangpengweilavera
女,史旎旎,ChaBugwulidecade,ba57f0f1f8c1b7fa9278b421ced2c6be,843375201401072329,79377897426,2486,20140107
2487,liuminauxy,671033201304082812,公文伊,75548360589,20130408,8e0ec074b32e4f780ff07b8018395146,男
216597199508086178,76659227266,纪经纶,2488,19950808,男,liuyong,45e806c6d904cb60d57ac2eaee6fce68
9987977fec71cf2ad969808ea676ab35,898480199805282939,mylamourligang,19980528,2489,73340133982,男,卓吉玟
lilinwangshuai,逢斯琪,600813198005024284,4e70458d8b28c786fcbf77a60bd38ca8,女,19800502,2490,78578338092
725127197812096038,2491,相玟丽,19781209,73996431997,huangminliumin,男,86cd8584d7b2a85ea51e38b3f782d87a
20180406,p0pomali,女,印承文,8f4c8ead0461e0e71b37f3a2bac68636,77342860887,44322920180406902X,2492
女,2493,400941199412270384,19941227,wanglinchenyan,75239197920,钟林帆,301a93bf62d4e99a9197a2194f612e65
74825852815,郑渺,100676198105136642,Snowming04lsafe,19810513,2494,b0194eda84f5fd165b5fc2d11a228c85,女
wooyaa,祖香萱,20200104,2495,女,05b4455a23800f6dcbb8eec58561085b,77520243758,446679202001041122
2496,女,96901637356e95f212d1706adee6c7c5,79590684866,31828119990617768X,liuhuan,祝彤,19990617
2c4ab3b16ac06c5e2a05365f4e4916f2,2497,20001013,男,74960439817,smtpshengqi158,187285200010138210,郜立诚
男,wangxinsanhaoxuesheng,19880922,2498,75674042101,461942198809225956,c82881a123f6348f6178b2e689e1a6d4,满正祥
917193198910239675,76694626427,19891023,2499,devicechenhao,男,高子丹,664d13c6853607112ffb17a67e045c54
933048201606135211,78100301839,20160613,空相莘莘,Hexmansunxiuying,585665cded4536570b596e8db852c36c,男,2500
胡毋润丽,2501,717056198409199230,79032971436,19840919,5444010c0ffabc447641116ddbe7e60d,dogzhangmei,男
daolgtsmaya66,2502,221890200707053349,20070705,女,85d3897391ec025d12ee2f181f1badc4,尹生文,76757187622
75185384439,545638654008cb6b3b11fd731fe12568,773771199711279251,developersfuzzer,男,2503,史玉,19971127
828682197206077484,女,19720607,幸童欣,77375939736,2504,97e81d657c9492f25964bc7263b60af2,wilson
19980105,女,78926091882,2505,车飞龙,abe4ccda2d0701fc30ed1354349e5d6c,132984199801058623,NorthityN0rth3ty
linkarticleswangying,804150200511159071,邬蓝尹,73822577400,b1a17e09635f68ca7f80a2fba9d791aa,2506,20051115,男
skyofkinglovecomubf30f18c872c,2507,78484568232,男,同蹄卿,484776197008185530,19700818,c12178eadbe0c86d750be8b138cc3372
346015197401088833,男,范飞鹏,5878af53fc75a447a9563a90103d3d7e,77834645294,19740108,lixiuyun,2508
77132142087,男,Netfairy,空兴昌,2509,e0548d3bf852c85d07a0c9bc627480e7,460052199111104332,19911110
905495200101125470,2510,漕白易,78096155372,20010112,男,wywwzjj,1c73ade958528058a24f872eba15439c
78656362227,申红梅,2511,zhanghongmeiYunen,女,20120422,78178920120422564X,a24b668ea7ac74a9c2c0e9723cd9599e
533996200503139237,男,y11en,20050313,2512,0956fc201de6ec5748b784612732e2ad,严新晴,73264474220
590541200006047287,贺淑然,74828121364,20000604,re4lity,d29c29e233965239995e1d117b26dd67,女,2513
00206519921126215X,zhangrongleqingxiaojunjie,78995219563,19921126,9d07c6d55c8d973a59e58002beb9f7e4,男,2514,蓟凤婷
公成鹤轩,a02f7763f6c697fac70abcc9b9f95bc9,53945920011128137X,maple,77486884368,20011128,男,2515
76600379365,8f3871868078adaf04091f8d4384cf2b,男,20060725,邓婉然,BerTrAMwangning,2516,658374200607258573
dd1ada3fd23c988d49131113f58738e6,FeeiCNeternalsakura13,79662684720,717713197906125789,19790612,2517,女,公齐嘉勋
桂建白,76680939917,19921020,1df2c6936b626642575c9f4934374874,男,92297319921020085X,2518,zhangguizhenzhangjing
26941ca2092b07257f77539e7cfe0d7c,19730218,2519,75394053047,男,古千萍,CarlStarboogle,489563197302180775
19970602,束曾琪,anquangongbanzhuanbijithief,79391125791,358ea56c9baaf4795c1b512544d93105,2520,916038199706023360,女
ac3863bd7f13dc7ee8299d94f7512a42,040718198902225459,Cytosinerickyhao,男,2521,19890222,75544011093,司高昂
20130605,987073201306053643,徐天慧,女,2522,9dc9c01dd439e5b7790513e35e6ec880,74526794474,MITREATTCKzhongwenzhanXman
胡毋欢悦,006c555cf8f339041d14a7cc9e34f2e3,luomiweixiongblogs,2523,037678200509055348,73323694344,20050905,女
丘丽哲,LoidJrXnm,男,643420199603195151,2524,19960319,73591840680,e57fb985494e4eea765d4f479859432a
78252107881,61406d7610d7f24142d71bfe6e8c1348,女,20160817,王官封,39642920160817346X,2525,wangyuwangjianhua
844968199302249213,2526,宿子惠,xia0yu,73701063362,19930224,男,879a62f6c644f8f79e899fea81ec1714
21ca93b0a89b1b92925b61e6ec9945b6,女,75794493648,864375201711222948,20171122,2527,feeiliyong,梁梦茹
73699284527,mars,廉曾燕,19940922,2528,男,2a0cde53ff0f4ae3ae89e524b3676649,64573219940922731X
胡毋北嘉,男,298762200808045717,lonelyrainwangdan,20080804,78539683213,05f2b2819e9ae2b2a2738b27ffe01171,2529
2530,20041213,292672200412136737,chenchaop2j,73830073857,男,车星河,6e38e63ce0f19068507096304f08424e
dbe58b379ddedadc311fb6535f038546,赖野云,beysecyangxue,19790515,男,2531,77152601648,730230197905153979
牧凌晴,79874546539,2532,390347197310231842,19731023,4fd935f99d8d90c2fce52027803804b6,zhangjianb1gtang,女
2533,公祈逸美,todayP0rZ9,856881201302091179,男,44ab209195cec74ab11021af0e6aeb94,78793016377,20130209
雍修竹,2534,73616692733,591525201707104980,d1b2cc725d846f0460ff290c60925070,女,20170710,YirumaL4ttIc3
厨人好洁,be5711309ee6fbf4cbfb830b570805de,女,2535,tricking,20070429,78238663959,060172200704294962
2536,申纨,a3eca86bc7a91abc4a721c9e4d866279,lingeringMozhuCY,男,20050605,979120200506056935,77280197624
693459199911301627,76792341526,厨人岚岚,2537,boogle,b6dabfb7aeeda0c61047e85a1e188c58,19991130,女
女,JonathanSalwan,公丘文霞,c9982183239da09efb89929a21ce2d72,040592201910031563,2538,20191003,75641470536
385642199409280771,武凯歌,b88b340237f967eef6ac0bb15d08d5f1,男,2539,73668686400,lixiaohongxz,19940928
2fdcaddc4750542af47f3d0fc8b85c2b,nMask,男,75723965858,2540,19870509,743818198705097834,文星晴
Peterpan0927XDSEC,07d433034cb68bcf4412686295ad3e51,付里凉夏,女,2541,74990842414,20050515,290465200505150144
20111202,78504892346,中叔浩,373558201112023741,def08a71397aef5cef85a9100a7b5b13,evoa,女,2542
34077b14f977c4704900790825f5fd1f,605956201807071810,松曼,20180707,Imagemlt,2543,73950917215,男
776089197404118086,b02335ba2a9db43da66f4afe6d3e74d8,女,出连兴怀,2544,19740411,tr3jer,74871666437
2545,白盼芙,74848059349,男,Cytosinedwfault,2e56b953481afd3e6b83d30cfe4cc46d,139450197303151119,19730315
78237352512,460606201808240275,男,dongzttest1,20180824,2546,白宁乐,bb7fb8f30a5be11a676192fa7aa8775e
那弘,79311991147,c0ny1chenhua,2547,2dcf5391e0f63015597b44cabf0b493c,558107201108261516,男,20110826
blogspot,74558604282,须知夏,2548,女,20040320,a9d22cfc74f7636f1421db0b710179fb,576003200403206786
767447200603064449,0ec244cad2fe6afff8e6d4c10c060238,wangyuyingchangochen,75200008897,寿方方,女,2549,20060306
894914200903160236,20090316,micro8zhangshulan,79032142941,田木,男,2550,435749597994d8596a7e5d6e84da3fd2
聂文瑞,2551,男,2dfa6fdf619dd49d51ad1dc0df5a3441,78881213699,20170323,892580201703231137,shiyan520
2552,罗嘉谊,2a123587816a04588eff4bca31b1caec,liuguizhen52stu,226218197812102268,74029703692,女,19781210
720521198505156719,男,2553,77204440399,融伸,941032d8dab1e4a39c50a402b3e8bc23,19850515,chaoge123456zhanglihua
123491201302265842,女,370f9f2403d95f0905e1b854ae45d868,76720825722,zhangyuyinglorexxar,2554,20130226,左丘展文
77444056682,ef4002d0926fc0544be3be8292c534df,33959220160208605X,zhangruizhouwei,2555,20160208,公祈漾漾,男
19770211,204781197702110482,2556,0c635475b01d4d05ed56d155770f7ebc,MengChenblackh4t,女,73701629311,茅玉轩
东楼婧雯,2557,男,74751462603,1ee9fe9698e9297a89a85fb0df01d814,19830926,ibey0ndkingx,739053198309264919
021764200805314850,PwnGogbrieflyx,20080531,f6fafed52f2100b17933fa5975c68f29,2558,隗紫萱,男,77602197013
test2JoyChou,20010329,2559,男,76706850650,67de231336d8d5b970e6e3f71a82c605,861300200103296355,贾彭
2560,20050708,winf1sh,832428200507083783,杜怡木,79505901460,女,9a68dca651934955d93fbe968d558ae1
79820199096,LaLa,伏永春,19860503,d8b6af1665d2ad3e8ae209a0abfe34fa,男,2561,530754198605034236
女,2562,wzsiteMengChen,c2a0a1df7010d851a26fdd3e6dee66c6,78127867689,726468200510283240,20051028,许鸿轩
2563,家诤,Decadetwosmi1e,847301199412070854,cbb478707c922b47292c1a1def728e3a,男,19941207,79971434688
416221198809175747,庄曼妮,94d8526f54cde4d283a8a7c24c313b25,75741766158,2564,MitAhwanghua,19880917,女
678818198908107242,0day5strcpy,19890810,2565,75641189481,女,2d83e825ceecd0fb3744650aa893f11d,古龙飞章
华康适,男,2566,79690723495,huawenzhoubolin,184524200905220531,3e19ba6ddd76035e9aaab4111526aa97,20090522
73356039753,19771221,2567,3cd8798868c08677d261c9135fd1a8cc,女,backCover7yangjuan,詹玲,375293197712215822
75e9a5c9c23408d3b6ecf058960ebab4,弓炎,19830902,73447194737,xia0yucom,女,034776198309025849,2568
19710820,Hecbiyangxiuzhen,462510197108207126,漕兴怀,女,fdc7801915f15c4cf13db0114756215b,75022597323,2569
隆新立,20120109,2570,274058201201090065,pupilesliyulan,60c6e7c9c99c83a212e882a7976c9daf,79607364351,女
4c289448509534c75cf950b2fa28d3f7,20060128,75184520060128495X,籍紫雪,kctfqianhaojun,男,74088955976,2571
22c14f311a60486b36f79f3bc962be66,MitAhwangli,男,郜冷卉,77262391196,2572,067380198304043651,19830404
男,a65f84acb86170ccbe8360002db4eb59,webheavensec,75044002620,19910409,497274199104098019,2573,戈浩壤
552759201211187813,男,2574,易傲儿,79170542946,e8a666df071cdb372da3f2a3c4968890,liumingblog,20121118
75828457650,丁子濯,db53819236844f1767a4753cf2302d25,346014198701234423,19870123,anquangongbanzhuanbijiaccount,女,2575
7fcfc7bd0598b51f655740eb0b324810,042849197603319014,AppLeU0wanghua,79535296327,19760331,2576,惠国政,男
2577,c86762f50cb220e967831b08fb0e76c6,19950709,LteamMap1e,75680150694,男,龚葱娟,83830119950709433X
国骏,backCover7,2578,20000730,78253557693,d0f0116a969a2169e156e8e9b2de5d8b,女,854888200007303448
498728198402066838,吴允,naweianquandaohangCotton,2579,19840206,男,616de4fc90b408da4e5ca667bc22bb74,74070225459
须飞飙,604352201612310739,20161231,32ac26fe4ee450768e704282d657e8f0,2580,74946482195,phithon,男
男,2581,qingxuanzhangxiuzhen,79928038635,20140410,853422201404109136,8d7d25be2f583cffc1aa95714878d2cf,公车雅逸
19820208,9e61dee1cfec054cfcf02bacc5e742cf,75680707890,happytree,2582,女,122891198202087387,农骥
20050730,男,bb2989a58251fca2d9a3286171216425,75524901090,612790200507300235,2583,greyd0g,晃妙意
56362719931028448X,景博超,lijingliqin,2584,女,02dc2271115d0d5269025d1b7bb61d90,19931028,73317002351
73786022288,男,19840727,2585,雍嘉澍,239517198407279317,honeliuyang,0dbe073b534328852f358e1b8fcf0c76
男,tomcatchentao,623dc7fa3b8125409a605e426f8cc06f,78696960868,19780907,慎蔓蔓,2586,68934519780907721X
78950750516,40b642492ae50378cd194dfe5dff9253,Coco413,2587,女,710916200512114145,南郭渊,20051211
75310703737,58051d818b37f290fd2dc9ee995aa13a,19840820,女,尚明德,2588,459663198408209745,XishirXMUPh0en1x
19770715,2589,wutongbaikeMuuuNya,74910114778,公扈霖,421486197707153848,fd49fb0750824475eb1663251f9c91f4,女
20050704,3d1eb148f16af0581a86b7622ade5b6e,900338200507042125,侯冈树,liujingPav1,78470058024,2590,女
73944192033,女,戌雪羽,ProcessorbackCover7,19970704,0ea0bc14cf81672747296ecd2a51df5c,2591,557548199707045362
2592,balis0ng,b533abbf863b1983dfdb1778d0c5e250,45042920160330197X,20160330,78907146825,男,谭安澜
19870306,b42280d3b3dbbdd628cf7a5638c02d3e,广丹丹,zhangshuzhenraycp,2593,78829280974,女,384597198703063262
2594,单于示,20150215,0bfc99c85398335c9f35fdde2425a884,73674557026,wangyuyingbywalks,744774201502159442,女
女,2595,吕代亦,liuqiangblain,20050723,77288487174,996020200507235324,f3a4f67e79612e2752c31169472bc178
2596,于玉华,lijiankerling,370156199409207050,8c5258214183a65109d3319ea76e92cc,19940920,男,76610515163
2597,19980804,女,林浩大,5976e7c3b354db05e5f07bab111e4fc7,4ch12dyriskivy,760681199808040063,73671305000
meizjm3iflanker017,19831011,2598,女,75276490436,99766119831011612X,毛弘光,2f4d927e1c0debad7153b3030079918f
chabugflag0,9a3d480bca90c7d54ec990d5617ed10a,男,20040829,78073486496,550958200408290257,2599,公刘熙怡
002201198311133245,女,19831113,dc1d50a79cdcf26316f3a20b3950b0d6,78017151096,公仲振,yanghuayangtao,2600
73245405929,lalajunNODEyangjing,元亓建华,2601,865983198504046071,男,19850404,195d91be1e3ba6f1c857d46f24c5a454
符嘉福,74709818563,2ee9f300750c1bc979399a71dce913f4,男,chenxiuyingchenlin,018761201502107475,2602,20150210
272e7b02a23578284113b15ba99ba770,养童欣,secwiki,400609198105126023,19810512,2603,73206363561,女
sinaapp,45a4dafa1ac1b413fc6d45db2ac820c4,056420199507070917,男,19950707,73353349413,2604,项裕
348672197408077880,女,2605,19740807,75867924129,冷沦歌玲,Apeng7364chabug,278777762652924be8cce30f59fcd0c3
蒲俊楠,kingxliuna,2606,a3431e792cd3374c82fb4ae7a60fbfc6,78994162533,男,595125199109185372,19910918
19770830,2607,79109143949,suifengdevice,孔家颖,466553197708305612,c636c8846f0425ae6107c9d461a968df,男
damit5,男,77117320048,640967197202027174,2608,19720202,64b024aea2293d4d9cdefaef92e473d0,谭寒天
男,19960529,2609,喻斯年,77522854120,339189199605298779,a2f6ec46b0fc4640ec96fcafbcadcd19,404notf0und
2610,wangluojiandaolonelyrain,506377197605011462,女,74657968327,e4190331484b35da449a4c982d584bd0,19760501,姜承颜
19700304,曾泽恩,女,lmxspaceBey0nd,245939197003049121,2611,c729428e525a535e29ef999387224db9,73170639241
09f099381069f4f40aa81c11e2b1d8bd,男,2612,134284199203020231,sanhaoxuesheng,凡闾丰羽,75059091092,19920302
189872d2cbe88f98fa973163a385ba55,042903198805028742,终蕴和,78729269677,2613,19880502,女,0dayLittenFisheraustfish
2614,rebeyondliubin,池劻,女,20070819,009244200708194149,93e5ddd75e04dee5c30528560b3fe27a,73282277417
2615,19770117,849355197701178556,greenmn3k0,男,209d439cb668c11fc8657c4d90dee1d2,费和豫,73707603073
简从雪,2616,女,74098139674,20080704,0cxyangjie,423693200807049141,b7eac7a6820909253cbaa7a5d43be3ff
女,郑宛,b4864a048c4f3899196ea6eaa917422a,73889102059,2617,L4ttIc3anquanxiaofeixia,124801202004108040,20200410
男,李群,stonemuseljh,2618,75802277160,20100912,acf048fdac6edb8906890e76ea893271,391422201009124851
男,5af8a0c173e16f63faeb2afe3ed3eaf0,brieflyxomg2hei,73126756778,公休以轩,19721006,2619,376879197210062578
19960601,男,78971747577,291dd64f4c7f045f4505ea99df8b28e6,公敛冷玉,2620,one,969852199606011816
2621,20041213,937312200412135546,73294801885,4ido10nSeebug,54bca449ff9c5b955be5100db86987dd,女,工尹嘉禧
2622,283080198111154057,男,19811115,yuligeDa7uraN0ir,谭琲瓃,79584845011,19c1484c11e90ac14625f31e628975cd
73453571186,20010509,imzhangyun,2623,270171200105094443,女,施博远,e19bb4b839e83b2f6b197f37243deef3
lingzahuopuYokeen,177847201808192926,女,周泰然,d0e348a0862817b56c0bf48a40f05e2d,75655078012,20180819,2624
wangfangwanglijuan,女,752536197208133323,19720813,权欣悦,78889166088,2625,6cfb09e7bd6a596a759346a25cb22e20
鱼忆雪,2626,131006197804139965,19780413,73935794732,vipreadAtum,ca61f5e39f9d098cb294f951be9e6b89,女
19860826,f09bea1fe04179a78df39796921fff50,蒋芯,73261137503,409851198608266812,男,iswinsunxiuying,2627
男,19720526,295758197205264150,2628,litao,4d3552ab687b8dfe854be2d393e0f057,77222055510,屈门健柏
780183199511026665,wangaiSecNews,75696417415,女,2629,邓凯安,19951102,6d4be821fa69df218cbccdb1cba472c7
古龙建中,311637197304250270,941bbe06bd478067ce3758a0607dd3f0,19730425,79529317802,liyun,2630,男
78879365801,20140314,460652201403140645,b350076f9059d86e713c9367ff7d7de2,nianqianDm,女,2631,禹宏峻
女,2632,514588197110073426,19711007,刘玉萍,75641888159,01ac3393ee4a178c9e0e65aa6d383d0e,sher10cklixiuying
030303198503241381,2633,shentoushidaohanganyu,19850324,杨诗双,78ad351a6887ec10da6e06b5f2678265,76726949940,女
20180508,2634,6dbce41f9d5b141a5101e08f384993e3,wukong,男,73089421604,451406201805082716,车玄雅
f8d238b0fe741cf7ce280330ec7c85a8,冬日真仪,JarvisOrange,325681197408105466,73543511218,19740810,2635,女
12c8aa04069c12d2eb25d2b8e0319382,wikixiaotouming,20000911,73776474663,2636,宰文耀,女,435170200009117463
曾苏微,zhangmeidarkr4y,2637,19890810,男,513495198908106110,79689031329,63619f4ccde04c58f9788efd4a99ea46
wanghua1oid,俞冰夏,073522198106087210,75598368762,6ec3295742ab7e68bfbd0cee47f2fc4d,2638,男,19810608
20151203,男,liuguiyingFeeiCN,2639,靳冬梅,806150201512030452,036a85a4ba9d01a12d6a06279a1e9e68,75213573560
20110903,鲁慕涵,liaoxinxiWinMin,女,77221605047,2640,147f55775ebce22aec5159041070a46b,65566620110903724X
78734351307,675079198810062636,男,2641,liliMrxn,叔孙斯伯,0667dbbcbda15b46254567d40688927c,19881006
男,chaojidaheimaoH4lo,958560197909098711,19790909,2642,8f91f4ae9d8dc3040336383f951b866b,边涵润,79016524645
cc525a27c40b11dc128ca49ad2a0680d,古龙怜,78841692393,550836197105269452,19710526,dogfun,男,2643
659556200102048529,2644,vancirzhanglihua,公祖维,7250d1b202cf0e24c99301aa22ea179c,女,20010204,78822612623
gorgiaszhangbin,7a836d9211f4a1c1cb959366799d27d3,穆华月,79108799634,男,20160328,313252201603282777,2645
19910315,4dbcd180443ad88129d3842bf36dcc8b,邰凯捷,2646,345515199103151326,女,omg2heiGinove,75982831921
702563201303276217,afa366ea6dbf583452a1dedd9b2ec35c,男,2647,20130327,詹楠,74027207540,liuhua
9b8ea8267c0b795e69d3acc20afc56ff,76645570436,shiyangorgiaxx,283714197710051068,古成丹,女,19771005,2648
004938198001184314,70008b6ab5856ef163d033d1dbf01d59,77626493582,19800118,wangxinzhangxiuying,谈雅蕊,男,2649
仲长畴,77720ed147141ddd2c759ecf163d14d8,女,chenyingtest404,73780308638,788246199505315664,19950531,2650
7911321eb6bde83773d8016be5a506ce,zhangling,73339941035,19791224,濮利,599071197912246522,2651,女
598820201604272747,75753720254,diaosiguidangbijir3kapig,阙谧辰,女,2652,30c49e52bad7dcf6a29ef6b361b8bede,20160427
2653,19730616,b0b3b27ef28caf36622941692989ec45,女,78607283496,古力勤,732778197306167640,foreversongprocessor
2269d9cc92c226b60e6a53bc5ca30622,2654,19900416,935425199004167717,De1tateam,74041850927,男,厨人涵涵
79999734648,344013197103175782,a94c1590ba70b5e3b960d661d17cbfd8,19710317,吕淑慧,女,zhangguiying,2655
20120519,aba57640cd5776c4fe3a95240b5afc4b,司弘文,fuyunzhaolu,860598201205196179,男,2656,78713212016
74823673590,555209197504104578,19750410,舒妃妍,529258a2b1e63135ee2d71a08f8dab01,男,2657,liyingsycsec
19780616,男,韩晋鹏,2658,154200197806162156,bc77169033e8b14d4c14f52b2f91d3fd,79847668948,zhangjianhuaNorthityN0rth3ty
75113840616,zhangninglijianjun,19821215,2659,015025198212159460,彭陶宁,47feb2c902ab98874b1b1ce0d0b45a60,女
systemcyto,19870615,120284198706158689,77557427649,ee77ec5aaaf1cac00906b86676d8f2f0,2660,女,厍狄春雪
2661,d4493b300a20788b0548241cedcc6648,103450199010093240,tangguoDa7uraN0ir,73583903401,19901009,女,中叔儒
19821018,79306615164,731535198210187025,dropsklionsec,2662,女,咸乐贤,abf9472b154287cf19b950c16f369c57
公檮宣蓉,270f451497eaf1feb9a9e7d9144f290f,75069435104,wanghong,2663,44580620010601094X,20010601,女
73018351938,2664,0h1in9ezhangliang,762999201311123615,于冷荷,男,20131112,a9a4e0dd2591d1e338522172e8fe8ed6
superfish,74768292504,2665,b4a91abf8673c21779c3fda74a30efd1,19920202,男,厉创,603546199202023932
741794201801184843,女,77894141754,494ecd709f4b8c75ba2267d16a36fdd8,2666,dongzt,公祈奇邃,20180118
19920714,523480199207146680,2667,78565954811,greenmzhaowei,7293fdb7d4bfd31e293318bac30c7ac2,申怜云,女
2668,77832127994,19911025,华胥章文,男,c07362ef2846cf037d851ec663cd3314,suifeng,235026199110255058
女,zhangshuaiweilavera,9c28b9da468f973402d04154401e3bf9,边文虹,2669,19980704,75695602500,340870199807048585
男,2670,林姣丽,20020810,d030a6bd27817489e0114ba5aeb22d84,De1tateam1phan,725629200208102352,79831260680
公丘鸿福,19980422,75297405554,646fbfdc557aa07e69027dce0a181822,女,2671,669981199804226320,Chulucifaer
2672,信都烨华,女,75987743808,liujianguoliuhui,23072920061108358X,20061108,a9b7f89c6174df4a90b9c34b65047de7
huangxiuyingaddon,79648790726,2673,71ff23126a58e1382754ccaf606f1690,20140516,厍狄佩兰,男,986996201405160578
75531767665,2674,能乐欣,20140502,pupilesMrRdarkeyer,男,863416201405024710,6f38a4d364f5bb3b5ef70c5e3b308686
20191001,禹安怡,200359201910017545,leixiao,2675,74932685866,20b3ab8d74b95fa14b9d526173fea877,女
77683066880,0426853a4222539d23450f29375c4165,zhangbin,女,2676,22493420200621808X,20200621,慕博厚
女,76649158546,2677,任颖然,19901105,lixiayangyong,a40a9d00f7e3dbd9f4bd1a5106852b11,336995199011058549
79833048672,836883197811289562,籍梦容,heavensecklion,19781128,2678,8e6de60bad75b61277ba0c0779214487,女
78110829536,120156197908260918,2679,zhangyuMagicZero,ec2d50828d4189bf2899473bbccbd0dc,公祈幻天,19790826,男
女,c2e741bebb56ac2c102deed5463b756f,575343199109038727,元歌阑,liuhongchamd5,2680,19910903,75705556055
f96fd012a105521ef2a4a9ce9a24cf99,空俊才,2681,73161337211,女,weaponxwangbing,20070223,706245200702239966
2682,男,026410201004121518,20100412,古睿思,77297932577,zhangyongplusls,a857fe14c973976c6b6849a7b1918d10
779498197103292655,73991271658,yqxiaojunjie,男,2683,鱼才哲,780c619d291849fc287a77e9a1c0bd79,19710329
8c36933a972fdfc6162eab54df91d984,男,78732045689,723639199211121373,19921112,2684,zhangyuhuazhangguiying,喻仓
羿温凉,75883505206,xia0,男,19870327,e1409d57a460e4c170e142c18a10aa25,2685,651322198703274554
79670151254,20130103,逯绮云,639c06efb6e9dbd391a0205094b93dd1,857931201301032321,2686,ILMIaryb1n,女
男,04815ad73d7d2cf55dfa100e464a52c9,jarviswangMisakiKata,75809099641,公良飞语,19860413,425769198604135979,2687
79654004736,brieflyx0h1in9e,2688,19960318,886685199603181178,3ac7fb2bd31a832b6039d41151edca8a,丘丽烨烁,男
zhangpengXi4or0uji,8676c604ea9011f5708e020bf458818f,79636619268,20181013,487849201810130623,2689,乐羊谷菱,女
女,limin,cee63545578d6f1f247b610fd3c3187c,孔正祥,78615655643,016686197004270721,19700427,2690
2691,186b91185ae7271e945fc258e64a1011,19780809,800400197808092554,52stuyangmei,78297057796,康和通,男
wangkun,73765056460,20180905,男,8caf6ba82f51c12bda69ba35609f380a,2692,134662201809058537,苏宋
柏纤,Feeiguest,2693,男,420393201606220518,20160622,1657b6629bb03cd8f24ed0fcc2dd22b3,77706450047
69a275709dee9c68dab5a5e962f158e8,76767421066,zjicmDarkWinglixiurong,女,东关彭薄,20070518,609994200705183982,2694
2695,ebcbf97ec1d80c0388d39bf508039baa,融远航,79949273758,男,naishayeyingszfszf,19781006,964645197810069136
79523511452,2696,陈悠素,19710225,lihongxiam3lon,132933a2d9a6e8ae562c0fa9abbd8de6,685778197102255313,男
女,78405266624,0eff44c362b13fa25fc88a412f5512e1,dongnandaxuewangluoanquanlianmengzhangfeng,353124200801216545,20080121,2697,公乘烨华
Ricky,汪妆,19960909,724030199609094935,7fa63145bc8f462409c0a6a00baca13f,2698,77609205918,男
3dc6ca7c39528da614903a182a5ac24f,2699,75339586979,19920805,男,wwwliyuying,744440199208058755,公胜佳妍
2700,76794211192,c9b5e77b53d989d2bc86d338147400d9,JoyChou93lucien116,严问,276842200012205118,男,20001220
20041027,女,af1398a96dea7085a390cda204c3b719,77745127005,cloudyuphith0n,2701,郗凌蝶,438998200410275284
公旅念真,68cf684ac74fe1e28d29e99c006fc935,76798572539,19721014,男,53832319721014471X,lanvnalzhangfang,2702
巴香萱,2703,9eec273e38d1988076d51beec70d81b5,941183199312011269,19931201,Altman,74974596206,女
19770713,晏苏娟,2704,469959197707136880,女,79659252846,faa8510a8ebc2a83793687b764510fc5,ademaanquanzhangxia
隆泰华,767902201806048966,chenxialeqingxiaojunjie,女,20180604,68bd018d014ee94224e99fc0acc361c2,2705,73937239781
2706,73063339055,041210201912196134,raycpliuna,男,20191219,李蚩,73b61869ab8dcbe1ef32b2d6b9fa3401
男,79569786290,乔成天,19820409,2707,4530896e97cb5172f64cbfd4a7601164,973761198204097410,godottr3jer
2708,byqiyou,73059698179,女,20040416,屠乐圣,a23232b66cd75c8475558e166739caac,734076200404163622
东阳凯旋,748076197905086515,lixiurongNoneGirlIuh,男,19790508,79093046551,2709,81cbfbc961e192e118c50209cd37fcd0
男,冉成双,Apeng7364,543484201809076973,2710,bf0309fc3d9d9460a0d4c3f8a63a74e8,79043565482,20180907
138559201610100961,女,祖雅楠,2711,lixinhazzel,78522487560,20161010,f46d238360622f079e06bfd304508e7b
20071218,屠岸晟,2712,Jearya3ura,034828200712180667,女,334930f6237bf19668609cf3673fe3f5,78231951597
74882840453,08a21b4c63f384e8e91005a32183cf38,廖评,qingchenldl,男,959837197701241834,2713,19770124
grt1stkangel,菱智敏,389b9171954f4787082ac5529b442b39,76738809673,女,2714,19920113,789840199201130324
747054201410168965,DarkRayGodot,女,20141016,78968837565,2715,ee01671aa5f6ef195d2ea3b4ce9bf78b,毛问枫
2716,zhangmintr3jer,19870808,77803455210,3fe3467453e73e66bca3c2cec68d716c,苗仪文,014787198708083216,男
女,75551560132,685061198704305989,2717,公车愉心,Sheldonliuchang,4e246aa1253e91382fe71e7fe73f17b0,19870430
75974178023,ed71058737d26a48960ee898cf8b8e79,2718,19970618,男,rmb122,159470199706180238,丘丽墨
男,75151212452,20150827,397024201508275319,chenyingli4n0,2719,a705bbe41dd586af31af7bbfcda1fdae,关龙雨泽
857281198808158557,b355fd9a0f800151ff95e0757a05627f,xxlegend,79565272220,公施康时,19880815,男,2720
农谷冬,73648329864,971616201111035814,21e05cb1c13dd224ee5dbbbfa3acbdf5,20111103,TomatoTom4t0,2721,男
c1e301d705555f85e14c675fa205ad61,73784448479,2722,lixiurongzhanghongmei,男,20030425,公敛哲彦,288470200304256977
公山鸿雪,2723,20111215,女,77539262344,824171201112154767,Lz1ymianhuage,962a5eb302d74a7abc186885443b4992
男,79933438753,19721022,XMUTSECbertramc,390531197210228670,2724,周弓,86856c1f42b308f68be29818a8765934
2725,冉叶吉,77325939895,男,360672bcd7e53c375a6e165454b31792,20200127,RicterZ,239300202001274410
75843205759,2726,19850721,男,94ec69893bbb4afcab50a90a6c73c218,389261198507213130,pzhxbzBurningCodes,沃霞绮
2727,238850202010077726,wangxiufangliumin,75156690340,丁凌雪,20201007,女,19a63f3ef48af6568bc1adcf57bc459f
2728,男,水舒畅,20180614,lovefeng,a249f13ef1b8c9dd7c1403aa4b7beab1,895563201806147735,74934011279
efb1624fbc340e273b06acc9a8939b99,2729,女,75738847523,69841420060726614X,flanker017shentoushi,王官雅霜,20060726
77228116197,女,ed4fa9a38d5f609eb24e7daefd04152d,710620199011295868,窦飞驰,19901129,yugodhexincaijiji,2730
c1a2851409db0b887ad63374cae5c421,2731,79852588921,20010206,333119200102065448,zhangguiyinga3ura,女,公成知世
2732,xi4or0ujiOneHone,19840221,男,63a4dcd55cd4580efdd1aad2db3163e2,熊锐洁,73342848176,029221198402219752
8ce5114a1a07b4d3d10bde80a0dc62ee,76677249604,769050201911261375,Southseastml,20191126,男,2733,昌半莲
0fde6c0cd05876bb45bf59fe1e38989e,Laucyun,女,2734,75055101075,崔修谨,19810619,711572198106192965
端木梓璐,3efe44919b5a43d24718ee0bb14868ec,503392197412055910,男,2735,19741205,0day5zhangxiufang,74565686025
19760801,弘巍奕,493041197608015722,lixuemeiPh0rse,f0a66aa4f353c9745c3ad4031bbef5d2,女,73784259213,2736
公成雅楠,363715202002242963,74807547996,67981ebe9553a7b4d07848a3d8184e43,zer0i3cjk123,2737,女,20200224
2738,74655037291,水坚秉,9b3ab080f3cf972992ddadfd53196b1a,男,20041130,l1nk3rlengbaikai,333403200411302211
078509197311161343,76700335083,2739,19731116,legend,女,付马驹,205436ef5ec73493853bd3f5c2e3c5ae
511773197901122478,蒋巡,男,19790112,161a33788eb8d48db2785989ca84b870,77587665165,yangxueph0rse,2740
75153598806,2741,毕雅逸,sher10ck,19800413,433201198004139111,587122c2081cc6e6ba238d36b53311cf,男
414589199401244418,75631871737,3cecdc609ad2c635dacafc7bbe3cc0e5,男,19940124,公祈福,lishuhua,2742
男,孟季同,d16d377af76c99d27093abc22244b342,19861227,448700198612273477,Rvn0xsytest,2743,73399633331
女,871636199209200023,丁若韫素,19920920,k0keoyozhangping,2744,3b5a59b7b0d8608516831c2986535b2a,79000741924
2745,73416414876,698318199403241463,zhangxiuhuawanglijuan,5565c889b4e239e1e3e1673d280a434b,19940324,女,程兴运
2746,20140217,0day5b1ue,国泰然,9b2406258aa1bbbe655065facb597625,429435201402178020,73677702927,女
国嘉运,74674549779,男,20040606,866836200406063717,2747,4o4notfoundweblogic,0dc3dc633b66f1383572116486a41827
73080362362,公晰武,75cd274cf6a3e2c603e10fa709c0b52a,女,19840903,2748,Winter3und4m1ts,214371198409034523
1c462ef8951fbb9dc3b0aeba52aabdeb,女,2749,崎邱星瑶,19940703,105787199407037168,loveiHpd0ger,75080984883
73613276216,117823200801293322,20080129,2750,ScarletF,戴丞,6d5ed28659074db7bb648c34a911bb5f,女
yangjunlilei,2751,bad670f05ad869901d90a37aef62572c,公祈楼兰,男,19990929,75952913332,698787199909295535
3274ea714eb38c19e2f6bcef4f8d4c6e,19980202,77617780994,柳姝好,2752,男,b1cx,266871199802020155
78974642612,e49cb8bb510214ab48636b131044f38c,男,2753,车梓露,343627201302101574,20130210,4uuuNyalidan
2754,侍其昕靓,74606651448,ThreatHunterzhangkun,826741201907080956,男,20190708,e616b7c592da5af9b5aa1a2aae71a5d7
2755,女,40567362be8ae953976a2d57d1d263de,77246536759,975731198705140644,19870514,sh3ll,屠岸书雪
614270200604066929,空相同方,2756,d71f022dec6e2f9e4f2e1d396a6d01fd,coco413SecWiki,20060406,女,73068248267
女,1229b2ce7046bffecc95c0d030dfbfec,广雅辰,20150419,wangxiuyun,78094264408,810720201504191644,2757
女,74892082172,20000310,46dabad512bc7ae05f9ce5f66b2b1368,tasfamozhucy,2758,313623200003103283,俞子帆
公晰磊,8b41ae56612d922f8fdbbe9b40618f12,498628197808167014,男,2759,l0ca19jan,19780816,76743938719
19820601,888313198206015757,男,73302725724,牛飞昂,da1538d0e9d7623b31221d7321b5d6b0,2760,hackingarticlesMengChen
385737200411019329,73672059288,20041101,女,景曼柔,9e2fff15779bf27530a3ea1ced75d969,yangguiying,2761
女,2762,f77c6005661aadc30bcd530b6912e6a6,572804197711309148,77797227557,陶晴照,19771130,liudan
liyingOrange,邵文石,75332656065,女,2763,19760218,3d3cb506832e2ecf20b0c8005264fb68,129600197602189083
74991973933,男,2764,990164198310121514,袁雅蕊,6a77d3c76a748eda76f886e75cb7e544,sari3lsuperuser,19831012
20041230,2765,491650200412305551,申怡可,77381128881,iret,男,1350082216ad9cde90ef3cbe1b938318
eb97edee5c25291d6a71ea910eec7857,女,2766,427314197210132185,75219317347,topwwwlimin,19721013,公荆线
79625326378,w8ayy,女,6f8c5aba0cc237c9f5bbbfde8e4e963a,2767,19910825,萧倡,626065199108255321
女,2768,4ec6a56e4015ea183b87b5f33244f964,096320200001305122,籍孒凡,73867927893,White,20000130
77317353320,We5terhackjie,084226197109181832,男,f6b04808cf0f5881b48d4e37798366b0,2769,公施德本,19710918
温彩,593534200309300883,2770,20030930,14f2a014deba08249ad6a1e505ed8516,女,77243308740,chenjboss
2771,whereisk0shl,女,67799827cb12c4f39fe7cc1880fda706,19870814,076260198708141784,79843635462,尹念薇
359170197506049464,liminBerTrAM,79394734913,4c02ed0527d6ca22b529bd7a6aefa817,19750604,2772,胡婉然,女
女,2773,libingzhangrui,118624201210219682,付里馗,78231783442,20121021,111b1f6b600060c1fc0a11022950e502
2774,zhangwenademaanquan,女,d8f254b3472e1e8e8cbc3e9d561ce6a6,茹安和,19741123,73946126510,667640197411238246
糜玲琅,女,20130209,2775,zhouyongHappyTreeFriend,77582745885,790d519c5d94ac35777579e2feb4a774,784398201302091785
73983307759,19741218,女,014893197412184585,bbe883b732f1a42f61608f7166aa186e,伏羲路英,2776,wangxiuhuajarviswang
范贞,496cb376c7fd4fc5453c858ed028cb70,2777,057705197207036519,19720703,SycloverSecurityTeamhuanyue,男,78808153268
公胜和颂,19910912,Glzjinhpasserby,2778,女,537566199109125468,6389eb6bbe1b0524b996a0f62feba1d6,78305539137
2779,Hpdoger,79364882151,20111030,711153201110309218,男,公行路英,83c5e4717bd2fe8722d8073cc4917461
77831727256,女,351846198002160965,2780,钱方雅,a4dbde5720041b4933553f4fcbfa50af,ac166yulegeyu,19800216
男,77672155842,rickgrayliping,项月桂,19830327,2781,008854198303277012,bc55079c81811a2d22f7d18ff68a12ef
889078200111174256,20011117,2782,公祖乔,Wfzsec4DMIN1,78934893820,ee76971984d25138a199ac90553401dd,男
19730805,公孙莱,2783,73538830262,0e401f6cf42d520e5e3e18d42185addd,265153197308055044,女,n0b0dycnGeez
fuyunzhaoluliwen,党鸿轩,20131207,42619220131207842X,2784,女,685bf571a64278cc80813c821da15110,74890657904
dc18fc4b50c74f7dcf734b6b00876b6c,2785,20100129,温温凉,459958201001293746,女,77305891171,KxCode
liuhuasymbo1,2786,20110717,丁若琇莹,78274532545,e0aee23bba1c0d2763d3c38bc8430e08,307873201107177288,女
2787,73847053626,hackingarticles,薛彤蕊,女,55856719730122904X,19730122,2e002114851629b2b5a8ed1d14aefc90
2788,277508197905182475,75064402613,f67284fc4c60101eb2918271753064f6,京城淑然,19790518,orlevenring3,男
2789,20030105,lightlessligang,芮含莲,女,e59a7f0a59e0e79db704ebf6f388ff0f,73972234605,481982200301050846
2790,75554131569,蒯珴,20170923,f4bf44a534c885ad0169f90f9d1c4c9d,twosmi1eeternalsakura,019318201709236610,男
红秀英,女,73861338747,785584201210120765,0ea491ebdf6ffc8c4bdd6965617d2755,20121012,zhangminsecice,2791
2792,19740901,298441197409019869,女,77467005331,Birdpeterpan980927,相健,bb81a9f137bfb3e8e5fd22d951b5b9e0
车艳霞,2793,男,20170731,marblue,782223201707315312,76612889661,1bc0b6bf9d4aa85eec971148170e38fe
2794,女,公孙曾燕,328203199105147125,0xmuhe,19910514,78195951147,ea25ee8100b3481c6bc6f82c04c8598c
52741a2ef93a95bce2c97cce7e27632f,75852822125,594394197104034624,女,19710403,jisecyaseng,2795,胜屠友琴
burningcodeslengbaikai,居彭泽,2796,73020799570,20130130,106260201301300224,女,805e5dbf47d8e5a102ee289a199051be
19791213,康绮波,4907eb39e184fc494c3620de47499b87,男,2797,272582197912139335,77638236811,xunmengwangxiyu
43963ce4fbe4723f2fc7d6cbc4b521bc,2798,男,胥弥沛若,959817200503141778,79907630006,20050314,testRidter
K6lifeng,2799,19911201,乌建本,657851199112017416,男,14c6e6f21eccc911283aabf22fc022ea,79375207909
2800,苗春霞,55d1599091ec7fed363c188a43347025,950970197711199784,infosingll,19771119,女,75390542800
男,公何含秀,19770411,a08ca16bac2066c5595b8a307fe87bc9,738140197704119576,2801,79314927575,chenming
75677519055,女,怀敏丽,FeeiCNMuras4kibabyJessica,828242201002055589,5b5d21a2c4890c39ff1de8d952386191,20100205,2802
元亓岚裳,lucifaerliubo,485d8e4921802bf6cee0ba6c231e9de4,77301735533,748946199106190228,19910619,2803,女
19900328,女,79904354118,邱魁,6fd624d7466a6678d5e08dd14464a986,mengsecp0sec,2804,810203199003289228
75378598246,19780213,743136197802137383,f35ca96805cd974dce18936d2833c55a,2805,wangtaotonghuaroot,毋乐,女
305575201403247652,甘香馨,huntingdayhpasserby,79126511945,男,88396145be8983da9ea75892fa07ff2d,20140324,2806
74848619588,公山飞鸣,女,7409a26702718e0df659912f8dcbcfa8,56158919710909066X,19710909,meizjm3ida7uran0ir,2807
pingmaoerGreenm,131f72d5d80d8eb4123a5476bbb25e6f,男,20190908,78747628726,578834201909081014,2808,祖兴怀
73209286503,80308d90a71d9f2ba4f87b774736b20f,Tracyapeng,男,2809,钭昪,631410200011045415,20001104
项华楚,l0ca1wangmin,99c22e3ee0202afd7d6c80689db8ff70,2810,258290199903043336,男,19990304,74903993054
darkr4ywangxiyu191,75652897854,女,19880428,789463198804282085,befedba2ebde193ea83ba560b0284c15,2811,汪欣瑶
limeizhouwei,665540200802284984,仆固泰鸿,79517504237,20080228,女,99d392c14d73948082f29c40ba653ad8,2812
Niexinmingyzddmr6,d6b10dcdc38f8e4cc2d2304928f6c026,郜水绿,女,2813,95956319751029194X,19751029,78332049603
24f338758fc6a7bf948bebbccfc19356,男,75001086259,006179199304263132,雷永,19930426,zhangyuyingAkkuman,2814
b352da052a705f57afaed858fdccf806,2815,19881106,wangpinganquanquan,76742976217,平燕星,女,459217198811060581
5cd8472ff74ab0952a5686c3e41d6ad1,20090730,77448610873,公仲星纬,2816,男,547438200907308572,lc4twangguifang
dayuplz227,73865583635,男,南郭安安,20010812,2817,28a34010e84b881fb087359c7e280a08,262533200108124875
riskivyliufengying,2d9dcbfdabf7155f37ee94234c209c8c,921383199107290235,男,73069243236,19910729,2818,屈仑
2d67615c27e3f439b7a06ef9aed352d8,男,厍狄霄,louyswangyan,20190424,42295620190424385X,75741066950,2819
女,952418199807014244,0907a0b52b246bf911e34f6d969c8f90,78611603176,贺半凡,2820,19980701,peterpan0927p0sec
2821,19890712,74935509800,807875198907129811,男,zhangguizhiac,蒯树,493e7680357f65b0a7e235f974a2b0f9
c1ad8df5739c4b30ba3314c4e9d9ec5c,liuyulann3k0,494219198112155616,19811215,男,78280722503,劳鸿彩,2822
466773197511077587,a512f35110df461ef7980741760846aa,仲孙飞虎,73860759834,女,wangfeisunwei,2823,19751107
shasibiteyangfang,公先玉泉,79951885431,3e79443678a767e4aebd4e50faedc66c,女,19930719,2824,254000199307196580
Adamchenliang,2825,男,74561848972,20030629,424886200306299116,公先敏智,ef541da5ad56542ddb521fa305ad1429
2826,882d0f5ce6bb5ef7032e62c85f62529c,20030715,995921200307155279,男,79981730943,凡闾永贞,lifengliqin
谷奇正,716930199604303477,73799833605,男,6893ea02fd55c76ec4bc2ff8136f39f4,2827,liqinlijuan,19960430
19880918,2828,8ca6f4f1afd40c44318b2838c119b9dd,79039607600,wangxiyu191yangjing,罗欣彩,353323198809184538,男
19810627,女,e83c130a465e30a5691c49f3d2704f9e,RickGray,郑良翰,724294198106273649,74640343156,2829
f7f1da68c66394f84f496c77a4f1e182,柏媱,2830,64469720020712335X,男,lijianWooyaa,20020712,74950252032
女,4bef1d106128445e01f4ce2cef6fbe3f,649266200710306581,TomatoTom4t0RajChandel,2831,屋户鹤轩,20071030,78672595938
lightless,2832,男,19710523,533034197105230251,fd5b839f6257b549a2eee64ec2f0590c,78877027607,益芸茗
752fbd344e0bf872e9cdbd1549bcb711,75061440701,lishuyingzhanglong,19880616,104826198806160259,男,宿彦红,2833
73095253646,bf2db7e84db6abe194c1e22e05e1782c,2834,754061200605272816,20060527,男,zhangjianjunwangguihua,公文绮彤
20090407,75805898537,6c854061e5ef5a334d61fe369b1abee1,093670200904070878,zcbmhf1administrator,2835,卢妃明德,男
78786624896,19791107,8807de4a79bb6c67f76e2c17fdba8a79,934854197911079933,男,蓟一凡,zhanghong,2836
19770729,604888197707296030,0x584Aliujuan,2a8d678d8fa49712a9fe9abfa3fd7b0d,2837,男,79553468129,邹绿旋
男,20020417,2838,hpasserbyzhangyong,141009200204172716,78941580868,仰凡,85964989611934e09fd33690cd7aa279
20031123,徐彭,2839,74500664346,7438fa31dd6c3741dddbc344a334bed0,394161200311232673,tiaonmmn,男
73921857623,Aryb1nl0ca1,男,廉浩大,2840,096889199703034078,19970303,df8b1851755ed10b70602cde5e2307eb
2841,da06e25268b71784e22ae0a91a25e8e1,75664458662,男,公析哲彦,137155197008204437,19700820,devserver
岑子瑜,276648198904094940,19890409,huangyongrai4over,2842,9403ef312da7e390127ad22df72125cc,78218451150,女
2843,73024772158,贝杰,002633197905024618,a388911a0f1ecd44a34dc37324433f4f,19790502,bPJoannaweilavera,男
donotsafeinfo,c204d5a0ff979a129820b5c924725b7c,2844,19780918,78250700240,郭梁,男,907972197809180475
75005910657,女,19790630,彭兰,70cd0f13b9dd080bf28e7ee3014bca51,2845,05902019790630214X,legendeonew
c9a7c7f1f55a1fb8d56189cac0208f8d,kyriosThreezh1,848360202002175579,男,20200217,75867162523,2846,苏阳曜
2847,19740916,73298109085,226026197409165882,公罔谷梦,ExOriginzhangtao,e6bb026878240244bd8f676c4442267d,女
女,2848,77617094939,161828201208217783,公扈念柏,stone,7441e905fe6b0a9bb68698e504cc750b,20120821
2bd2cfe4d9756fd4b8d81a4c54c409c0,Apeng7364SDante,冀梦桐,2849,950728198510045720,19851004,76631191069,女
男,19820723,2850,690793198207231532,73535842992,testfuping,7fd039f431d927191395487bc4c78148,公石温凉
19741030,75789da35c2403065c4293756ded1ffd,女,78985979467,段瑾瑜,liuxiuying,2851,387658197410307568
19760520,79084060462,阙莲,女,376884197605205941,2852,Adog,fa1973f4916615691eadb587f89e462e
79569688554,相悠逸,b812f9c2bcc0396998787199d12b7d5e,304424199304159925,2853,女,Safe6ftp,19930415
59841119950730805X,19950730,男,79921925283,2854,StoneMoe7ell,邰霞辉,d73edcebef4843fac6e3fffaef372223
2855,Pa55w0rdwyaq,女,郑欣玉,20060604,0214080796dc21b79c653b40b454cd01,503976200606045363,78582213280
73825865360,yangjun,饶彭泽,2856,19981019,8c0548bf3f85ea825eee7d702c70b8ab,286351199810192580,女
2857,19940217,715859199402173252,liuyumeiCoco413,男,a9f5caaec187c8cba405c10ac9c2fdf0,工尹寒珊,75670814925
yanglong,19850808,7b34a18b866fb33e6cdde1e2e2af4325,78239443431,561176198508086079,乘马和裕,男,2858
公成明杰,女,f32a96442703a809c6dcc452c73a7a8a,30542919851031674X,73115007893,19851031,2859,ckj123zhangxiumei
78954121261,154643201003246429,dr0opDaybr4ak,20100324,女,蒋平夏,2860,9cbf8a4dcb8e30682b927f352d6559a0
948726201006152356,怀绍祺,男,74502304090,20100615,2861,feei,7ddf67f866a412ad32d4cf7111073a27
02c10513f7dce0bdb09cdba47b984367,77567723434,19970405,女,2862,傅余紫易,370659199704053521,zhaoj
mlbestwing,2863,男,64126220020818335X,吉白鸿才,20020818,9d6a5b04b61c83cad51ab5b22f41e028,73920212782
984468200805284546,2864,73292287156,20080528,女,05b19ffca1d67019ccf181e8ee2c2fb9,糜曜儿,wangjianguolihongxia
2865,20140208,牛燕艳,a3ura,男,75188033366,dcfbf01fb433c6d58ac96a39a01e7480,081242201402080113
女,2866,diaosiguidangbijipupiles,19800111,詹笑卉,c8acfca28d45a71fafb4f6983b1569b9,79968591464,218061198001111067
9ab30889f0459fd4ff7409f95aba83a0,550046198410040041,zhangfengyingonlyfree,78653971961,女,19841004,2867,伏羲菊华
weilaveraretme,af192e35dd1ed0ba449d9b4b9673656a,女,2868,77745491751,19840831,505546198408317884,奚小萱
86b150e36ae9453671de38f47a5bcdaf,79581712092,男,2869,414496200602237752,屋户永怡,20060223,liuhualunlun
lishuai,2870,c5b6ec4f8fde2959a055e4652185fb11,函井凡双,男,73146852397,19961006,489845199610069932
d94c88aca8941dea219fb6f03ec8ca17,2871,20151018,70487320151018456X,79012159068,zhanglinxishir,劳娅彤,女
657735197311222477,78921143274,Jakytonghuaroot,1054e153250657820cbc511aeb468c01,2872,男,19731122,公索梓悦
2873,74658677985,9b9743c7d589568f18cab932452298a1,Jayl1nCoco413,男,19750825,乔霆,331642197508259319
08aaf7b5d3bf1979c1fd183517cecb23,734457201006080669,se7ensec,75244509439,女,20100608,2874,南门玉琲
20000317,9e7e01f9ce2dffa66d8caa2d34757119,2875,后端,522140200003177941,liuqin1oid,78121665624,女
2876,19820904,fb7a1f47156bbd4a1e0a4a97413592c4,Jayl1n,79029515843,古冶姜,912315198209048966,女
男,Seaiiwangying,顾瓶,73101961191,397bcafe8a88afb8a40b705b524dd235,20150615,2877,256826201506155932
公檮雨竹,kingkkioin,2878,女,644173197010245369,19701024,5998aa1c9ce439bfc3242adf2eb97ed0,77757306133
2ce4eb2a7c35af10f1017a572ee96a41,115306197608238786,73093640292,zhuiguangzheclub,女,19760823,邱翔飞,2879
19800125,公甲凡双,04cec403be0028acd115379f024e4e0e,0cxPav1,79334697796,994172198001258983,2880,女
413971198704101222,5a6490f113b17a1752020ee65f0af44b,盖俊誉,2881,女,75817162061,sher10ckwangguifang,19870410
郝春晓,2882,74847417160,女,67a901ddbbdaa8c7d860aa7a6c0a75e1,20101220,297710201012207263,lorexxarchenyulan
367782200107269745,卓斯玉,semaineblogLuhrey,73691767226,ee0c06cfcfeb4644cb02ae9317fea73a,2883,女,20010726
c28ab4d056ebc6e120b1cc2da53f6c10,19931111,77412105518,男,huangminzhangtao,686800199311115419,从嫚儿,2884
2885,74bfb108d6308554cb5c679f67e95564,女,42514720031008188X,20031008,78687756265,wangjianhuazhangliang,毋祖
20070802,Hpd0ger,77411768139,2886,e46e0267d6d47d5216a174271759518e,茹凌雪,女,127095200708022966
女,2887,19860920,74991715465,red,c05a1b950f048e1b43e4360b2d33b1ca,893096198609202540,岑语林
吉胡星洲,女,754986268f9a69b58f054020a7e7e652,19770914,wangshuaiyangyan,570117197709141683,73595062212,2888
6e84f386374d0616b05d148b0d78a9ee,公若芦雪,19970119,Ekkkkkkko,女,64691719970119754X,2889,75145530140
庾雪曼,男,lingering,2890,79092681616,f6925d325fb805146e27dff37969112f,672607199512127836,19951212
2891,78560531746,821374200209217552,20020921,f6606b92d6e970621b19cddbde4de987,倪蝾婷,男,zsxwangshuying
东闾歆然,819fd1b4545602e20a17262c87717832,75998080771,2892,210032198203287352,liumeisecuritywu,19820328,男
女,20030731,2893,aec3f8b000e65faf7283f318104186fa,develop,欧庄,75215553772,228702200307310886
273462197506226839,03i0zhangguizhen,1596109e0dd0d2111bbf6f9605ddbb1e,2894,窦安和,19750622,79809660133,男
2895,690b1449a9fa4db041e55d4526940344,78110525028,162097198312218941,idlefire0h1in9e,19831221,女,谢俊
19960510,男,祝娜兰,2896,wangchao,932858199605100135,7121b5f7280f7262b01d69fd81923b5a,74500333456
77621777017,女,300ce5e4f1c69cd4ad731c9794e770bf,凤飞瑶,2897,19851205,211888198512050443,wangguizhenauxy
20041128,a89accb8452c6ce279e9c7e38c290ff6,那倪,ohlingeevoA,007752200411283138,2898,男,76712154524
冯午瑶,885664198002249168,liufengying,女,4277c54009d0fab51738331fd0ab38ad,2899,77766491116,19800224
chenliang,男,20150912,919726201509125478,公施绣梓,74861062211,2fa49f6c2aa5d2c424f242dcda7a021b,2900
099173200308027221,20030802,864331548e7de8d6d9bb3b2d8b82641f,伏高峯,74820865367,2901,Klausliguilan,女
orange,986627200712148321,c7e530c563a12a798b54874320636ec3,20071214,女,78154423525,乜候,2902
19820127,女,索阳荣,b26008abbb66c7331c5532f67e67eaf3,73892359773,ring3,590427198201277026,2903
林沛蓝,2904,79692927873,831421201206137468,0be0bce173c2e8a6d2f25212ee24d9fa,女,20120613,Rj45
75266455246,孟平婉,553892197406022852,19740602,a5fb451cde7c948bd42c6aa17b8b1960,hl0rey,男,2905
chengangOrange,939260200905159965,20090515,77436015501,2906,女,印弘义,5b6a3bb49ffec0e859b5c18045857202
xnianqpzhxbz,隆枫,75868655679,男,2907,12686019990506445X,b7216d0dacd51f9076fdbc71578267e9,19990506
P0rZ9comu121bf0f6b3d2,612138197407032832,79017278120,男,19740703,濮澜,2908,9b1b83839625e011575b6728c1db7053
19910528,仆固高歌,073902199105287748,77231204264,2909,女,ILMI0akarma,f6009af953dc5f7b179a3c675527d50e
2910,469336200506034519,郑嘉勋,75046773381,20050603,gloxecroot,男,fd3bc34fe024b484a0fa0e6812e7e548
altmanchenyong,59be0a2e5617bda7243e667f3fb1f3d7,74010793007,男,098351198402061751,逯承悦,19840206,2911
19730301,f8dc196b9f1ae0838aa7122ece56ee6e,郗冰凡,2912,78052707488,JrXnm0akarma,482137197303014073,男
303121199603180621,3a5a825bf06ba340a39a6f66b3207eda,女,19960318,74074335254,易兰梦,redrainzhangqin,2913
19910522,男,40e2e45cf63cc07c482378229bf87cac,索策,x14hackTr3jerCongRong,429580199105226273,78874450177,2914
837370200111076220,75095334813,2915,ThunderJieK0shl,6bc9734e0b230dfccc5fe5c05b83c106,水彭祖,女,20011107
029456200301301619,权谚,e396407c26dad1d7e4fbd4cd2c8fc9ea,20030130,hexo,男,2916,77169325857
2917,20130805,7730a25c6e3505ccbdf17da854022b5b,蒯龙,男,77856762901,lishuaiwanglong,241062201308050270
19720602,39e7287c3e5e0f22e9851ad2f6d3adb9,男,Yokeenliyong,77124688373,686744197206024736,公宣茗,2918
76698098545,2919,向芹悦,StoneMoeneargle,女,19791103,341012197911035121,32c16cd5dd0b78ef089fb1f8d59a5cd3
e26d9244891581195502516fd9d1daec,女,付马睿慈,979385200408238822,2920,20040823,wangfengyingLaucyun,78036678047
6484ddf53a4f37547def5803cb9870a5,20020512,2921,79913073750,Wins0n,478202200205127844,东闾星瑶,女
lihongxia,796510201306028718,73636162654,公柔,2922,d4951c5eb3547d11aa76317a8929b1ec,20130602,男
73880762155,项访风,女,185756202007178660,wupcoliuchang,20200717,2923,32a5a241c944486ea87fe232b2e1fca3
19840424,342763198404244715,章叆,2924,f9aed9acd6f4daa74538852b379038e3,gloxecWinMin,男,77842497081
1faa36d5dd6d3252f2dd53a73d2d8099,20200902,75680516611,2925,StoneThunderJie,司空健,780934202009028316,男
暨修杰,006557200604167037,男,pop3,20060416,2926,bb68f2e7926d0eacaa15115803f1e4f4,79954277106
301958201604210356,20160421,75086881215,养雅丽,2927,MediciYan3com,3e83b1fc7b749cef96f56766536d7f07,男
tr3jerzhangna,19931127,52523819931127658X,女,付马红,2928,73991594668,5bf5f5a0e80deab10dbaef9ee3852c89
79533675222,公行朝雨,男,2929,yuagmaster,20150512,227bc396b70723ebcd187c2f2b4b4ed3,168275201505125939
a5863435283bbcbfeb0d62192cfb73e3,女,raycpChangochen,20100514,73525256318,2930,吉胡滢,689415201005148146
胜屠智明,79360980539,19820518,exiahanlilin,498036198205180369,女,2931,06c507ab3381c86c4c5b3b205d836070
2932,男,73eeb560bad2c95484cf5edddad1a347,777441201406178533,20140617,同蹄立辉,liuhuaKlaus,75162530249
谷凯捷,男,2933,liusqlserver,73619703008,77283ad3f2bcdbe9b5e9df597f58d79e,548035198606165934,19860616
417110200311213343,余飘,zhangna,女,74671052448,2934,20031121,2e9e86704947f5243661aa3fd9a90f43
772354198107022122,关幼丝,19810702,73125937269,2935,e9de355cb9ce48a0f13e55b3d471b2fd,da7uran0irhpasserby,女
77324101542,Sn00pydog,2936,574061199112297055,da6da8495415b01d5c3ae03d517f5aa8,男,公先阿柒,19911229
仲孙映安,76635390901,ChaBug,2937,7df09019b2a1a84f6fc2b2ecdf63a74a,213624201312043461,女,20131204
池绍元,73678956491,19851004,2938,女,Snowming04Zedd,8383d34c063513d22d5621e425e2a583,987623198510042225
f3a2696547447c606279f0fc7b3ca19d,2939,女,19850123,76777087599,菱山柏,988071198501234283,dongnandaxuewangluoanquanlianmengrun
78189543018,c4f26cd098328a9ba54994bfb046f696,甄丽佳,451067201511035384,20151103,n0b0dy,女,2940
013982197211017110,2941,19721101,78498989347,leadroyal,b7cd9466ec6b6b5dec438cbe3a33039f,瞿思溪,男
98abe05ab528562fe1b4065af16084bf,20020429,女,曾晨,dongnandaxuewangluoanquanlianmengsuper,2942,953297200204296562,74506928818
19980608,女,胡毋金鑫,79563847767,35a9d4d5f84bb230f9d90772bf57bf01,494093199806080687,De1tateamlijianguo,2943
20111008,男,78434629119,753557201110088351,lixiufang,戚正祥,2a9e2dea66aba84f5d7493e7ea6a6a20,2944
94e7d712742adbbb7a73a1d52a7cc1a9,19950501,男,74823720602,2945,zhanglei,公旅容,350876199505013571
xiaocaowobokeredteamwing,19891106,58d7cd8851f794f03fb33965c19ea550,弘朝旭,496045198911063711,73085090470,2946,男
79032652213,wolvez,东方元风,969418197402258637,19740225,2947,af7b0e3bc129deb3bc6440b9660d5c84,男
男,811393198003313677,0b2dbac2542db29c049284647494dc88,2948,78995092765,RickyMisty,19800331,公罔磊
19761204,59770b459d55855721f8914b779a7508,2949,温平,062183197612045228,79163024500,wangpengtricking,女
女,20171029,73781740147,2950,67f4ce2cc0eda45a4d44ac66f0b05b9e,Wupcoshasibite,652977201710291866,公甲骏
女,Who1sCarl,公冶宾实,bcdfbdcc6e417368e5608d77610c4e34,318401197708189145,19770818,2951,78280890360
a69862d1554c13a754dec43bc9a2224e,19710804,殳弘,lidongmeia3uRa,79807464620,149815197108043280,女,2952
男,935300198101200075,sherloczgh0st,19810120,75593303474,968da6cbe06183dcedd4e52230e5684f,2953,耿醉波
卓宛儿,2954,styprwebmaster,b3045ee0d0daaf4d56470346e6302d9c,79066422320,992549202004298425,20200429,女
伊竹雨,77633184455,6c1b57696808c0357727de479deaa4d4,chengangliutao,男,20041221,2955,168474200412219311
185dc893851fb60ac29de8b55c116205,180114200312121863,公良元正,77503446393,zhijieyanglin,2956,女,20031212
2957,严翠岚,女,74635882929,394566199212093223,19921209,f40fc1ffd3e6918251514c71c4a9de32,dr0opDaybr4aklsafe
79995472308,0ed1009fcba6ef4abc078869e017cf31,lidandanbrucetg,20151114,2958,冀秉文,62769720151114137X,男
从彩静,944362199912231611,19991223,男,78482652751,2959,p2jatum,3601ba652d78614046eba5e6c89cb5f7
2960,79898182154,女,0f9c46f63ce045fe9d7741e721485293,蓟珺,416082200703192321,20070319,rebeyond
男,609677200208280033,212a4a8697dbde866db90dcc7ef5fe1c,wangxuethinkings,广希蓉,2961,20020828,77742132825
2962,ILMIdr0opDaybr4ak,男,工师友,3d6ae14f0ba671f60a572098303f6c48,20081004,75269926475,775584200810047374
4428c6c474502e61151877825bb41961,322045197504088378,lanvnal,74587241646,2963,弘桦,19750408,男
男,3d67765747ed015a419e90477cdb4610,2964,blogliyuzhen,19911126,公施书文,74907888841,362424199111266934
066395198604053572,2965,邬念巧,男,19860405,wangdan,7258e8b163375a93e32289777b2a3285,78765724371
yangfang,巨母嘉澍,3e170bb5c43088ce3e899c703840bed2,2966,260428199305231641,女,19930523,74044663529
2ca41752ccf4dbdb76d8fe88c488fd44,白溥心,74855334713,男,535966199306278535,StoneMoeliuling,19930627,2967
19710104,qimaidoukanluorichenjuan,男,0d2c260ea50b5190eb8f243c31c856b9,梁淑贞,73596155422,102976197101043012,2968
Bird,503633197d7ef7275709c92b9cbdc2fd,02231619840404785X,19840404,74721332384,男,公檮虚,2969
19830205,DarkRaywangjianping,公施松,8b51ca8d87bad81f0c7b7eacf7a8eacd,2970,27965919830205461X,73137726163,男
chenlipwn,3683b9edee6e71bf8a8a5a9a089cbcac,846849197503253663,2971,慎问薇,女,19750325,74960347965
78774919356,女,zhangmeilina,016c828b4bbcfcd4d4d73947376bbf9f,344193199705174062,褚书语,2972,19970517
19891203,039507198912034126,phithonZO1RO,公群和美,3d14fdff52896c2168af24a77f949286,78755318092,2973,女
阙德曜,f67245cd9d58a5102dd1ed8e6354ff9f,2974,73842008590,darkr4ytasfa,男,614460197003244674,19700324
851393197110197950,19711019,巨母宜年,southseastzhaoxiuying,男,2975,7f46c9daad9cac61987d1ca09cbff777,74558651838
814183199404242527,2976,19940424,73344838164,女,34b82d4bad8c649131e4479115e8e150,郭芬璇,chenxiaWhite
20100507,78563958474,女,2977,申温茂,ddbd60bbc1f09641049ccb5e4f230017,ph0rse,233922201005072745
huangxiuyingkingkk,女,崎邱锦曦,4661ff12dd455991b40a28acb5257541,845406198106041781,19810604,2978,77195505804
19921221,男,78609008222,2979,邱天泽,91e698743fe883be25dfa2ec6e8900ce,444173199212214634,Jayl1ndispa1r
41806919940305423X,苗霓云,19940305,2980,男,77787488876,Wupcozeddyu,540853073ba16fe937c83b154bafeda0
603d3f2390562b12bd2301b4f79aef7a,2981,605810201312105252,20131210,0u0lixia,77489332962,男,岑正真
20011105,女,mlhackingarticles,011954200111051642,d52908a78b9e78e34ebb87d7997929d3,甘公双文,2982,75263902291
74938481357,20040609,d1f6f1e5b3760f9dc7ba680a18b1d9d8,rj45mp0h1in9e,劳弩,909839200406099634,2983,男
女,464041197505075066,2984,d8aac14dd1caf6ffaa64ee0b29f20c61,方星儿,19750507,flanker017,74907985980
男,75658840461,e8b7ed67e6a59772f1711132663976a6,汲新荣,137214199910143154,chamd5D4rkSec,2985,19991014
2986,679463199304133744,女,时欧,699f5df87f67085d3767869b94add334,19930413,ChaBug0n0,78763781257
dfeca51396554c9632d349b046784731,79986378166,白淏,2987,男,sh3lltomcat,859934199406233876,19940623
2988,74505834640,女,83b4ef5ae4bb360c96628aecda974200,brucetg,堵凝洁,987077200111099941,20011109
78543978028,2989,20200428,hackjie,女,花惜儿,54c0662c9461fb3ef3c7b139352e056c,026724202004281684
287054200706098876,20070609,smbliuguizhen,男,吕刚,4cfd82d2a3afc6f4216d7426b3fe3888,2990,73367037252
SycloverSecurityliu,25a2fafb170a64f96c2cd0c52efaa841,女,20030504,仲孙秋华,77217943481,908154200305049923,2991
扈怜梦,87925320021212388X,49bf0469d1528d98977d27bf6986be3b,2992,20021212,女,76628225408,xmanblogchenliang
20060422,申琮,786187200604220658,1397b8c4696c80426d51d7a5c3a788b6,77200481341,男,aiyoHu3sky,2993
男,loveieternalsakura13,74054747280,327460197406226837,19740622,2aacf31a683ef32a290447dfab78d421,2994,屠岸智敏
2995,男,643930200907301617,sfishlostxinxianquanzhishiku,国欣秀,b86596a5fbe34759537ad1985b820ecc,75919822479,20090730
185596201302176583,何禅,女,20130217,2996,89309a42c745aa487786089ae9976eed,75777413843,liaoxinxitest404
78997754940,449374197009114913,52bc0a3b11e3eec1ad1d8fa98b20b6ed,2997,段开诚,男,libingf1sh,19700911
2998,19790106,79810782945,liubin,710657197901063018,姚尔芙,男,b28e81f3b52d8fbe3d525831783de71b
19931123,infoRcoIl,272716199311237374,2999,903620888d5b2e31ea74e912405eefb9,广安吉,78569240608,男
61796d3e581806a8f77281e13cce3bab,万惠美,女,zhangweiwangdongmei,19790324,64756819790324106X,78681948321,3000
0166624f28e8feec153667e71a922604,男,3001,20031123,lipingGoodboy,鲍嘉运,75229285402,193692200311238251
女,19801104,师雨柏,3002,78950569312,f88ab44f5a00480544e2b79e22adf928,563034198011049064,chenjun
20081128,3003,6f84ba2481ed9bf7bda3593083bf3f37,惠吏,78996578898,男,liuyangsymbo1,466456200811281311
326851198203188788,75314191615,桓寒梦,358396c7fdaf61ab7f7bb71d51692a7a,blackh4tzhangmei,19820318,女,3004
19950807,wangliwangkai,女,74803502574,3005,郏嘉福,9b3fd28f6bca4d888b79ae117ace0f28,953707199508074181
282782197402222115,男,19740222,3006,74563138684,HecbiWeaponx,a9da4f2cbb46152b4d0f6bee65185bb9,石书云
4bd2e4e274f7e0e0306d45cd81024efe,20060915,411183200609154115,3007,男,浦乐圣,liguixianglouys,77519719078
liuyan,3008,19951120,79675073820,2f3798cba104da5faed0def723ebbdc3,男,003272199511207633,高文星
chamd5wangbo,3009,宫鹏鹍,45723019700219615X,73751393484,男,72871b1ab2369e310cd130a87792ca3c,19700219
男,吕润洁,624518202008146932,73593828691,b565bf2d485c00a041267cd1b236b796,wangjianhua,3010,20200814
19950428,男,f31d726184882b7f2ceb44407f091dc9,向哲美,77461192801,saltyfishyufolishyuyuf1sher,174056199504282412,3011
345351200602038416,窦公兴昌,20060203,3012,79381128873,flanker017yangliu,男,07f95ff672f2413affa76c3fb297d4e8
男,chenchenSeebug,78424546559,419759200408265038,20040826,濮晴,7fee996698ba8268b7c943752c74a206,3013
3014,男,a8c49fa294f8dd057631e95c6a01a23e,20031129,wangjianguo3com,牧阳德,73279708794,434049200311298018
819067199204163970,19920416,89458059660b4fff06944858d363469d,76695869116,3015,褚瑗,inpenetrationtestingwangsongstriker,男
19880501,bodkinpeterpan980927,3016,3ede706a43c4e06c00ad74512f2a9503,男,648198198805017437,章仇淑慧,73504533966
20100107,女,3017,76688999359,801527201001079581,leadroyalSnowming04,丌官雁芙,82c47a9778e621ffb759df22ec99c84a
空俊爽,3742f5a2ffe7bc8f0917c3f383d3f2de,525534199810208945,3018,76780294295,naishayeyingwangguihua,女,19981020
77465141280,le4f5alt,19870325,公群和璧,3019,94155494b9d89ea5239f79f1f66cd13c,男,34400319870325163X
姜英媛,239156199205311646,50c0e9045ecb991f6fa15ec0b3075065,dongztliujianhua,女,19920531,3020,77881625088
aeabfe9025f766c17876fa2d0fa3aef9,19840421,男,3021,911056198404217673,付里克,nobblifeng,77168465239
64ccc17849bc7d8afdfb9473839cd44f,avfisher,980978201911234041,厉妙珍,女,20191123,76634712647,3022
686195200711194463,3023,73663503848,公檮寒天,wangliang,20071119,女,cd613431fba942682ddd637bfe43c9bb
牧俊迈,426133198004263717,3024,19800426,79308209131,machaolihongxia,男,e9365f00dcdd007ca6aa099a554dcd43
074846201004058446,3025,女,5f16ea476e7c828fa8553f62af306a44,20100405,75236595356,康宏爽,lihuayiyepiaoling
舒利,581910201004295579,maliSingll,77600886499,9fd00aba1fd30c80c943b1b25065b72d,3026,20100429,男
凡闾尔安,75719019810713113X,01ec854e953a168e2748a1d2f9b0830c,Yunenxyz,男,3027,19810713,79377655349
20010825,findneo,公乘燕肖,4dd1c3882efda2cfc7b21eef3094a573,200446200108255115,77107142806,男,3028
19811117,969556198111179638,苗仁,男,67c0e72f44a347c04ec003dc8a600c41,3029,Venenof7Venenoharold,75169098040
男,097017199707148174,汤鸿轩,77750673455,3030,austfish,96c580be375b93d0ee925995b149aee3,19970714
78072631638,男,20090712,immali,487123200907129753,3031,贝以云,10dea075f63ca53615059ca70d71b361
79006586058,4dfe88e722027658cf4ea53f42d566ae,19920913,梁阳文,男,3032,Xyntax,161483199209134376
817412197505141017,男,78600364958,公齐睿聪,19750514,3033,wangyihang,c544ed9c96e035c3738d22230404cdfb
女,19920927,0u0changochen,975718199209277389,9df57cce45d17d0ae7cce9945ac44d7d,晏诗芳,77161778935,3034
19740829,79868741599,288bfabf2d28177bea7fea65ce3973ab,空相艳蓉,3035,男,542757197408298839,scanf
getshellmaster,75624210387,61f557110f27394cd2d5f1e80dfee665,刘婧瑶,女,20031115,3036,408085200311151423
5378b7ef0370e5e604ca98fc671687b4,男,73086361404,蒙同方,318813197808090035,3037,19780809,test01
20110515,男,adamwangjie,伏羲楼兰,79913767711,173596201105150030,3038,57d10e562a8557c6e1c4bcdfabc084c0
3039,女,茅龙艳,75893481154,19820822,liguilanlsafe,01d6b66396ef568f6b6dd976c8543783,306692198208220583
ring3BerTrAM,73894016754,3040,19830730,男,39157735092c11cc86bd86a703ff66e3,东闾莉娉,42039819830730783X
546872198008115180,韦半凡,女,2078f2c058954ed05c4a617fa9aa7357,19800811,wangjianhuaexiahan,73504212023,3041
19840726,79914021056,2kb,3042,160250198407267651,男,62912f9b2ca886a8a2ef2ec4d7f2b380,元英奕
3043,2b3c77d9066ddcdf1fcf5030ee7577fd,phith0nlcx,176306199001297414,19900129,男,金君浩,77158086977
19890928,宁雪旋,73551219824,459070198909287689,Laucyunzhangyun,女,3044,d04f7d948f9d9c35614e41a2802954b7
女,3045,20200403,163287202004031083,t1h2uacnlonelyrain,d3ce6f297c6b3b1e786b39909f029261,76770450075,萧阳平
3046,信都蓝尹,ILMIuser,女,73204317534,612600197606266824,935d07f0ead60299d58b31c3854444ce,19760626
菱鹏运,76790391164,0145ff5e7d0202158c16037348767715,20041227,男,353841200412279774,3047,lijia
男,75975688422,420800199712104055,3048,cb6514eefdca1912d7131f09c9964026,a3uraExiaHan,蓟宛妙,19971210
63506319940913402X,723a85128f77e38384e39fb09cc3e2d9,75235683790,wangjie,闻雁,3049,19940913,女
扈平,962364200509213042,Geezcal1,79950969865,20050921,女,dd6dbffee498029afbf09e9d57fc94a6,3050
74533560167,甘公冷玉,122751200006168116,男,20000616,iomicro8iosmosis,3051,f7d6bfb6b63abbddd5a9864672a23fbe
3052,男,saltyfishyufolishyuyuf1sherlimei,19921126,231013199211262438,bc8a2373dab9423206dfa4dd6c938ab8,77731254587,闻卿
合博昊然,c3fefc021ef10bc3dc158ba3c96d96fb,3053,73338464749,20171031,43365120171031954X,女,accountmozhucy
73975438841,nianqianWfzsec,436587201305079849,女,3054,b5fb7f9ed22fdd532e89df658f7e056b,赵智渊,20130507
731794198111274730,77648255238,19811127,3055,关汇,男,phith0nNoneGirlIuh,c80b66b65292da7b7e1499a0bc119df3
20030621,applezhanglili,586562200306219381,东陵光赫,d9e3118af83dffc38e5b4cafa82894bc,75586954136,女,3056
p0po,19950104,男,空婉然,75177767404,3057,450636199501043433,8be32ab319c0b8fbeec555328c331e31
b744b96f8fa815f96cd10f1ba1b5a258,皮滕,75516296302,20080411,nanmingbit4,204848200804114162,女,3058
卢妃泰然,20101109,576053201011095640,3059,xunmengCytosine,女,660ca18c46891af738c89ce684544fd9,73710750075
男,75524470971,701211202003313814,pwHexman,盖环,3060,20200331,053c8ca8c5b61d6e6cf457de0802df62
73299948159,3061,尹寄柔,wangluojiandaotopsrc,dfb96a38925ea1382ce3c61b62ea49fa,19910111,679060199101110285,女
950419199411075475,87dc400bf2d7f4c7a8965e6c270acbe6,3062,79033505169,yangguiying0akarma,男,韶弘方,19941107
3063,2f78cd67cb70639af403f3fece03fc04,zhangping,公孟琳竣,19950614,344084199506140482,女,78234870185
de1tayangxiuzhen,275421198809124564,fc111be0fa580b1a3df097814e742546,19880912,满灵枫,79835109822,女,3064
20080527,www,厍狄宜修,888020200805278759,c82555f0db6ce6cdd3fb2b4b5aca00e7,79560169676,男,3065
胜屠曼易,79020254867,m3lon4o4notfound,3066,924569197806030675,男,88e9bc894a1fa6b0957ae6b172c0a9fe,19780603
eb0a191797624dd3a48fa681d3061212,liudanchaoge123456,637804200310100533,男,20031010,3067,75608981858,凤锐智
奚先,8d2096f2a4e1383dd912af33c2a66e0c,3068,20150107,78109454868,Sn00pySnowming,915533201501072374,男
123492199911067119,KxCodezhangrong,19991106,f941d8b705ffb5d32f17b6f9d5e0fb23,3069,男,詹文瑶,74982044001
9790640ad87d1daf47aea6efd6b179b5,3070,能云韶,男,19790511,jiangsir404,76772389936,324175197905110156
18401219960816378X,女,p1r06u3peterpan,3071,73552483902,910c8625b97fe342793b992e752f278f,谢凯歌,19960816
18efb0f406eff4c879bd3104113cac50,74727775107,19781002,gloxechuangwei,853249197810023848,3072,丁若铎,女
3073,03i0zhangyumei,男,78241572516,461595749aaa1e343034e088e93959dd,蔡丹南,19760430,904230197604304177
lingertelnet,公阅翔宇,20010706,75313566232,c02edfe87b80be38cd8b4e0780d41849,3074,632361200107064966,女
69dd99b91e3e51327b75b296dd70b29c,20120907,twosmi1echenhua,78502002161,3075,男,165057201209072258,秦作人
3076,19860818,141812198608182816,79528245525,topsrcwangyuzhen,5798602f58c6a9b19cac077627891399,男,时乐芸
3077,男,吕丽美,6ff1bf09167d6ce1f74cec304d54a7f7,78463557718,lalajunoverrainbow,19920610,362083199206106552
20090619,xmsecdaoluogangtesen,3078,288039200906198844,73638529110,工娄可佳,女,32bb3dcc6477618b0fef3dfcb9d7ed71
男,7784176a468171b67bbc54429fdaf0b5,3079,073967200107265538,20010726,liubinchenyun,汤恒,78523143440
77765997271,d333382e9f810b24128bf072bae7a190,3080,126791198511074289,19851107,鱼小凡,HappyTreeFriendmyh0st,女
袁子明,3081,04f3ff932febfad3baeb9fb7c976cb2b,75267803378,19700215,女,Jirairyapub,776536197002156586
1626e7d41e552e06ef9747e1fb9c1be0,293417201102082542,公输纪颖,75926176145,女,retme7,3082,20110208
3083,20140329,75731237886,862841201403294853,lihongmei,男,fb0567ad4656ebe665a371a20b9ed8c3,侯芫华
43260320110822671X,3084,20110822,3c51751d8ce8eaa6cc52ac37108ce3be,75207515263,男,公襄俊楚,wangdongmeiBywalks
sqlserver,77674842714,勾珆,女,180843197605254980,14e7a004b96e75eabac2d330c7ee4815,3085,19760525
230244199012113637,3086,J0k3rHACHp1,3453203cac2a654ff2f2470f605eaa00,唐凝,19901211,73034528483,男
女,669338199305235722,水珠雨,3087,wangxulufei,79007741402,19930523,2f685364000c005b2413a1e0aae83d0e
19780525,公旅嫔,3088,auxyzhangfengying,f219e9edd993e07bbf8e2e5e2523c6df,男,711746197805257215,79666530321
公晰建白,907998ab69fb06dfda5738fab8c338f7,75589951815,20180309,男,225096201803099032,xnianqThreezh1,3089
07b0b8030a899a5ffbb81e9e1b1c035f,74802699057,3090,女,华胥柳瑾,19791029,971975197910296049,virink
男,3091,firebroowangyumei,20111111,73204741160,002622201111113870,工师平心,ca10f2a90a8788593ed3b569ef2ba4a9
yzddmr6XMUTSEC,505192201909286159,3092,男,d931e2c1ac0dca170ff82c9f0f4d436c,73752192636,丘陵灵竹,20190928
男,3093,米和玉,74838574024,370145423f98ed0c8d7e7efc3ae3f1b2,20160107,172493201601079717,iSafeBlue
75644637155,0ff1e661f3357f7f0a508247ba412f9b,金明钰,19820213,女,703456198202132967,3094,githubsunxiuying
男,aliyunwangxiufang,伏羲萦心,19720320,9977c559cd8c0b78ee27b155264ca53f,838814197203208238,3095,75242730420
3096,女,19900605,公扈伟兆,gxgoodboyspace,0356f6e0b3ba7b891f119e0bb277e3ac,73266860881,224140199006050263
3069e162dc594f501cda38b9bf1003b7,556798198912051971,jkangelzhangjianhua,77893434235,男,3097,凡闾元,19891205
19710131,65cd1a96fffbf7bb75f859960c5c1b0b,女,慕时,projectmoonzer0i3,805289197101319025,76663844639,3098
胜屠智敏,811603200810028639,3099,pubchenmei,20081002,75238567254,男,0601070b5886f0c1cbee66228ef2ed9b
3100,黎参,044575197902132426,79946857492,19790213,女,f77c213a0b480086182d297844e08189,huangxiuying
19901213,3816edde912b88ab7b3760864c5215f7,寿熙怡,810587199012139719,男,78181024488,3101,zhanglingbestwing
公仪青,3102,142487200103028012,xiaoshenghenmangcengjunjie,77529031601,男,a2d3edc625750680978fedbb20806eef,20010302
csdn,150505198104250388,女,19810425,73859146253,贺正文,3103,8269c8cec8c8dbc9f7c1b7b3fbba8973
20060819,顾国萍,697044200608191472,2ea11dd45c7b68075407db3526a99eb1,男,Dm,3104,79945980855
f722230b88b65f265fcc822b76039e61,149656199309303873,3105,寿英发,19930930,ligangblogsir,男,78350819755
和依丝,女,6add84506c86a658bc85038f91e35ce7,20030805,styprwzsite,560944200308058868,74051474803,3106
821fb3146e09cc7a62f021746e0cbe43,3107,373581198909291240,女,殳思丽,78328318275,wanglanyingZedd,19890929
1d4ffbbe2fbc8eabf90c997b5ab23adc,chamd5Map1e,男,917896197202111518,73545175818,公山雪帆,19720211,3108
余致,404notfoundwangcheng,86af64de84b82fe7cfa3a1c026abd279,73248324413,207391200602050951,3109,20060205,男
国创,74866718723,男,3110,085873201506121072,20150612,da7uran0irMITREATTCKzhongwenzhan,53db5ffba163e612018f4fff57e043e3
a7umThunderJie,20120329,17901eab2bae3ff5fc19605efb49df57,77199215232,3111,276087201203290259,男,晃鸿云
79326171131,NorthityN0rth3tyCosmos,3112,991547199511220763,19951122,夏博厚,dca381b904f64c0c423a239aa687f068,女
尹力勤,984459197001239984,3113,女,19700123,bd4f881f9422e07ed3ee9da1284e4ef3,cdusec,73986742056
wangluojinglinglengbaikai,3114,f1887d3f9e6ee7a32fe5e76f4ab80d63,19990925,沈英喆,256864199909250238,74835818518,男
73964410686,b43c1ea551b44936079902a18d0b4dfa,柳紫真,20020904,957355200209040641,女,wangtaowangyihang,3115
75180058155,237096198507226374,成沛凝,3116,51ctozhangfan,19850722,男,df958c045a1e02925b13fe2ae1f5d777
20130803,258500201308030612,79919965844,男,club,厉莉娉,3117,f2a88e7a780796699306f24320134efe
c737d22f8deff0c3630cca041f07c825,蒯稼,903160198705069141,19870506,liushuaichybeta,79912923609,女,3118
连睿明,男,78156890135,077899201301053575,L4oZu1liukai,3119,20130105,09576ca345d5fa93846760e5be818041
公祈敏丽,77349739377,50dfd172f0e02835e75215912f334fcb,20051112,3120,Snowming04atum,238361200511126779,男
b35319a51041a0cea3b1781cc12deb3c,19940625,994155199406257311,冷沦朵薇,3121,74549735536,男,verazuoliwei
咸义,cnpandaliguiying,a0aca76084f060cdad75ac3130867141,3122,925362200601310024,75724029122,女,20060131
308614200511234710,3123,20051123,伊紫真,75853657827,vipKingkk,男,df8ff48c451a63853c44d6acad81628d
911311197203167082,0c436987415aa4c747a78e29ab3148aa,巩伯清妙,女,78283948925,3124,anyuliushuai,19720316
20181116,9ad1693db043b5c84dc0b0e953a0c71e,671639201811163984,wanglongb404,女,3125,79941766886,关其菊华
77884099231,CaligoZ,8d37d5f1b2a79fc8387dac8d4176d95b,687441198504173852,19850417,3126,章仇乐湛,男
698502199902212536,男,公冶旷,993b05dad5612de019065e841797e623,19990221,3127,lingeringlegendsec,75696952277
公敛韩,19861030,男,356217198610306235,73406266591,3128,leqingxiaojunjiewangqin,6274aa5b3392393580eafc5fd12e760a
19930302,79829595434,女,b23cf2d0fb74b0ffa0cf4c70e6e04926,3129,权志明,safeinfoPatrilic,292164199303025445
940936199206287585,Mang0AppLeU0,3130,d7c8cebd9164a0e05bb989ce16a0a36e,女,78107667334,19920628,公阅宜修
907315199311173146,19931117,王秋春,74637175400,3131,女,pupilsCh1ng,0b0e770d3b79e8401385f277213bfae9
3132,78548875954,19980303,fa80477d6ee6b08b4fbb4d3871c43ad5,739083199803033561,exiahanWe5ter,女,惠醉蝶
19850131,1ddd0204864f24d1d42e8804e27a844c,365540198501311132,车竹雨,3133,firmianaymaxiuying,78727035118,男
3134,芮鸿宝,866505197207264713,19720726,男,8d93eb1543e7dc60153289fad7aa5330,Cosmospupils,73495752804
3135,geeeez,76605445795,女,3e17f59821cc5e8f5c5c607fce40c1f0,19950321,谢萍,24674219950321192X
仲孙平安,3136,19830331,4b778e87644e975441d08b243296ea31,女,75644874681,Virtua1,913542198303311266
费涵蓄,女,be41499a5feb6eb46b971f96be83580b,19970310,78188277353,014300199703101522,3137,wang
77157728057,78e900ba6749e29b26871cb24cf895f9,19960503,时示,3138,457051199605036884,ExiaHanginove,女
liuguizhenchenlei,739561199411053087,谭素欣,78528522177,女,19941105,4a5cfcd6db8eb9d5e309dc6152bad65f,3139
941155199206028264,NoneGirlIuhJoyChou,3140,东宫俊语,19920602,女,73097215476,9160f6194b6d3fdc6d51c16da99b7674
481799198301289052,75664458892,chybetahuangmin,19830128,d80c4e3fc1d62c01be0962f4ad9819bb,男,程兰月,3141
男,吉胡半芹,zhangmeiorange,3142,263d7c98560798a42a8532d06c0ba338,249024197503071958,79627582897,19750307
尹柔雅,73648368155,H4loEthancck,男,b707adf6e9a755402f44a499b0326db1,3143,241656199206219237,19920621
625938201911220549,3144,殷斌斌,78986190079,女,20191122,f7448da24f5b2506b027147341220507,liubozhoubolin
3145,73909278403,lixiuzhenkangel,6ce9e4de54b36506d44bd696c5f39ec4,431211199910239582,19991023,女,岑青
4uuuNyaShadowGlint,男,674014197511285115,3146,凤承悦,19751128,74027463046,afa8698a71f9e08fe2a9069611f8ed70
f7363861d226c79718dcbfdc5bba0419,74698280578,78826119950601818X,quininer,女,3147,19950601,公房鸿信
76686231580,38d22b403b9cf1f3b462ba530873c5b4,20021021,520520200210219838,3148,熊书意,Marblue,男
329542200302215470,男,戈谷南,20030221,leavesongs,58e363707398bfe387c1eaa2975e3674,3149,73887743674
067546199204238972,19920423,男,77787931760,saurendaxiarj45mp,baaf0d3081628fc308d6a8a0f2831b33,公朱蒙雨,3150
903090c89fd56fe280d0d363814be344,010974198909200250,男,舒伯,75197934723,zhaojre4lity,19890920,3151
78731737043,3152,chenpengzhangna,e14f1f114575ac87caa9f80c9157180f,男,申瀚海,387616200009200714,20000920
女,postgresql,20040725,鄂雅懿,166168200407256665,3153,75574397152,75329a7e7628fa13031aba3b66486852
liqiangSeaii,男,关其白曼,3154,178345198705163459,19870516,62a47bcb453c83d4c9f848c9d01109b6,79825881302
liweiblain,335024197407138751,男,祖昭懿,74087333683,19740713,3155,053ec97f2fcb37f53c98f54fce50df4e
78971745195,男,wangguiyingzhangjianguo,工师青香,83190f67f53ab5fad52f08d23f476f20,3156,395336201510319130,20151031
3804f399033d14e32b17e50dcc8ad626,女,20140710,78429783326,方元化,godotzhangjie,978359201407105228,3157
3158,jgeekOneHone,乔秀秀,964845201011273552,c4ea0d5f72359b4f34f179469e5e19d6,20101127,75247673959,男
3159,614597200709180169,78629108349,wangchunmeizhangmei,龚沈靖,766bf6dbcf97ea75734c55e7dd1a44f2,20070918,女
女,52833620110630994X,4e2b87ac7f0191c3800ef8dca04a56bb,伏圣,n0b0dycnzsx,3160,75995658634,20110630
19811128,450473198111287340,石玉轩,33bbf7b2ce11f3aeb2e0c1a94b67f937,女,74003676898,3161,chenfeiVirink
715726201310259371,lixueSycloverSecurityTeam,3162,郝元良,男,ab3a1a3b3fa160e5804fa05a1dcb99a3,20131025,73590981341
3163,400789201706028287,女,9142dfe4bf96954e05f47a451d9bc124,Feeilingzahuopu,73150330934,20170602,蔡浩慨
06bca89c815a4c8a5eb193ee743bdc33,女,737849199502170246,naweianquandaohang,75962483238,姜梓涵,3164,19950217
MrRdarkeyerSukaraLin,78003322992,19770923,女,342f18a2f23aaf6525b201fc32b9f13e,3165,花韵流,34007119770923242X
MengChencode2sec,5fadc860b10aa399022d3728e8b1eb99,3166,男,031285200201244579,20020124,蒙修洁,78842650748
3167,女,036222199908195081,关千束,yangmingnuptzj,c0726a64e4c655d1dcd627f775d4f297,75043709640,19990819
男,3168,ProjectMoonevilwing,19870116,050815198701167756,公晰佩杉,c90b6399699e28b9cb487536566787dd,74002500262
78044900061,3169,8b10adcd0124e9dd11d1f0f6f0544c06,19981014,276944199810142521,卢世,blogsJaky,女
3170,79967112487,51131826e40815e2b4ad8c778b2fbabe,Snowming04ZeddYu,938678199010128163,钭翰,女,19901012
bb46bc1dad2ad689d98f9ff8fe1371cc,女,4DMIN1zhangguirong,198714200904236121,沈千亦,73359494037,3171,20090423
20030505,jayl1nEX,b1f436e4eca691ea9ae226cc6677730d,宰梦桃,79132772670,女,154203200305054740,3172
19850210,女,白德水,954554198502107720,3173,79963004870,27b216d7b50e51147458f05fec38e04e,k1n9wangguixiang
78195954899,男,戚鸿羲,19781223,58555f3dc0b191fc4ad4442f9d93f80b,3174,784755197812239113,managerzhangqiang
78005393850,840349197211061018,3175,Safe6liujie,19721106,成立群,男,31fedfda6b4c80b39534e85f43179d8a
女,左师晶晶,3176,20111115,9df2ed90df204210d8a824f03ed75758,749727201111153246,jiheme7ellNeargle,73433605998
19770406,窦白亦,a5f024946814ff46cf5313b8b3c3bf34,3177,758267197704065060,74847905653,virusdefendervip,女
66307619910408213X,19910408,73156013307,男,46ecb01ea53257e94464e403e58791c3,史丽美,zhaominsecwiki,3178
20110111,3179,78706226207,水娅,9janwangjianguo,2eb51e7336e74dc3b3d891b67a51607d,779252201101119823,女
3180,79174968749,f35c9a61faac3eba952cf82ff821cba3,404notfoundwangyumei,男,973480198212127379,葛濯,19821212
乐正访烟,男,77766134678,826166201001024813,bywalksrickyhao,3181,b8241a317743162ff0e9f031f590f314,20100102
75278508929,19880204,e9365c90a8e626a84cd13d35578f35c6,女,寿健,wangningxiaomi,3182,010340198802043367
comsimeonxssav,3183,20140428,97e384589e0ace191cc5b9da41820523,萧紫丝,75702021280,男,155723201404284814
3184,78097266155,20110312,846066201103121743,40f550851716764099af5b1a638c48da,Ethanch1ng,公金庄雅,女
lcx,3185,19930413,75981582339,空相木,a65daa2d77588f2fb99257b639871940,女,191859199304136625
男,7544201d2992ea3762a0eced3eff123b,胜屠景焕,20191029,3186,79824560961,Xyntaxn0b0dycn,753324201910294331
79119105915,男,lihongxiawangxiumei,宫乐蓉,f2c0b3203ae908ebd2c5be34ab149470,3187,740236197508137510,19750813
19961103,75387094750,3188,masterOrleven,466817199611033470,周瑞芝,835c8a34d0f26f68a0fe28a025e771fb,男
2c50a693f22952456c839f93645459f5,3189,19721216,男,73601110586,傅露,674459197212163630,balis0ngwangxiuying
723c726326effdc73371b4e0306e9d06,男,lucifaerlalajun,3190,屈禅,75370286725,20100203,067285201002039236
74666474801,3191,20141218,男,zhangyingn0b0dyCN,f465c08dc95675daefa77192b61cd756,640131201412184951,周天瑞
19800617,75576444735,3192,570494198006179726,b0a498c8a0393ee71397add2f6175fcc,祝翠彤,heavensecmanager,女
northityliulei,仆固柴,女,324616200002173924,78154799792,87a756dd21d65a0903b6fc974757525a,20000217,3193
钭弘量,20100314,acff76fea2443d427c975cfb12ea37af,73169338229,女,xia0ssh,083486201003144326,3194
43dc0218005dec578facf6dcc354243e,73442853501,3195,男,273431200307205330,liujia,20030720,庄采柳
19700203,岑涵,49062c56479de95281007e39b661119a,3196,227536197002035112,男,t1h2ualiuyu,75870050575
77324658724,414495199610099976,岑湘君,Luhreychenyun,19961009,f3b369ab7c0c86f1f99f93c543a83ea6,3197,男
19890921,78311300038,3198,女,cb69d1efd731dacda2ff5e50c531f683,secliqiang,巨母思怡,145853198909210025
男,a9a078749744049cd7f6f7c01a4477c1,Jearynet,19921012,3199,公乘谷丝,733902199210126311,73890609971
ILMIliubin,农尔雅,74575475271,男,74604819781113673X,fe8c67a6b557b2ed9501e02150e0db6a,3200,19781113
3c5aabf671ce11f1a7d84a229f4eac62,男,909078197003300977,73718798785,3201,timeshuwangxiuzhen,19700330,简圣杰
backlion,0d4f0f1e0c09e6fce222db19f6c9a1a9,明俊语,32230119881202408X,女,19881202,75551592286,3202
19840412,79010244204,3203,d9725c9cef2a830ea7bac94e9f14391f,214541198404125955,浦一凡,severzhangfengying,男
venenofzhangying,19980906,486534199809068680,75556998420,女,9907ec69651e6954da1e170aaa10fb07,3204,贝乐天
082397198206203275,79887833573,19820620,公绪元勋,yangli,男,3205,1c3b8a97ca01dfa05e6fc25dc30c726f
68807c738678628e89170ccab7b5fe13,3206,湛秀英,73664020421,MagicZero,19991004,女,537563199910043282
女,c7963d036b128636b952af907ecf56c9,zhanghongmeibodkin,791474198807306568,卢妃律,3207,77221337727,19880730
wangguizhen,男,73525342757,3208,320345199004148710,19900414,fcf8ea6983abdbf5f6a04b2b252b38f5,古成济
男,493104198811101835,19881110,73238947467,4280d73126d7d5d3ef02d8cc018ed47d,pirogue,元圣,3209
女,360464197704271966,9f73403f7418b3426e9ff40dda18da02,77581489353,19770427,关其淑婉,3210,huiyipiaoruxuekingkk
女,478091151d40b3ba89e4f8cc3dfe3757,上官弘大,20161216,020905201612163261,3211,74834660474,administrator
78831311388,卓振海,cws6wangfengying,13d428281894ffa54268586c9c7b392d,211443201604144412,男,20160414,3212
8071024f83d961a58ac8da7fd4eca46f,3213,liweiliuyun,20100821,119350201008215933,73559870993,严奴,男
女,573208201405080122,20140508,工师云亭,3214,78757034049,meichuandiku,e132b9fa739938cfa59eed23aa22a423
79147294412,cf5578f7750457ea58462b15cfefe6d2,男,644832198106299711,喻盼晴,run3com,3215,19810629
20110203,男,alipaySymbo1,3216,75241615534,670113201102033018,徐建华,24f7a4b827dfd94e4d3cdfdb5785a3c9
a1058951ca1e64cf8541cbc755b178e3,20180330,3217,车逸,74658024694,女,yangxue,249492201803302348
男,20140423,滕盼海,3218,75257326028,66d24616f2bc67106ec937dcb9a3de30,chenchaozhaoyong,412295201404236471
女,440303199905087840,05dc4be3550a5f2ec6bdb5e3a2fc5059,75515814344,彭平露,zhangchaosauren,19990508,3219
761843198207172932,男,77886386855,3220,19820717,何曹,momomoxiaoxi03sec,3249e8b02917a365e64d5ef9a36f5b16
We5terbit4,ae005ceb7e9a217cced2f8aa354187c7,苏杰,20110321,男,3221,267053201103219530,73840563479
945276198107180769,女,74841199586,沃乐然,3222,295c9707cba5f611aa940c7d36599fc0,ohlingezhijie,19810718
詹怡悦,7e3025216c0d6d9af1ac3088a96174a1,foreversong,3223,19800821,77893775255,女,120450198008217968
男,3224,900583197808102433,19780810,75859276247,姚雅寒,Aryb1nlc4t,d312143dfc5866ad166a019d153ee8a9
84eacadbc09847c877b197678c15ea29,78879561132,3225,20090516,乐静雅,女,963830200905166342,diaosiguidangbiji
公仇桦,b0743cafdccabf22a4ab09a2bf6dae1e,74877102151,244719201110203237,男,3226,20111020,lixiaXyntax
iosmosis,73630683171,19890520,女,732127198905209680,濮明诚,074dad96e4da41cd35d14266f812418b,3227
616065198910188369,家鸿波,chenxiajingzhe,19891018,女,6988905e438e2738555ebda44dc581d6,3228,75514237941
男,75053176919,wilsonMoR03r,19931205,350919199312054957,乘马心,11fc7824f94257c69f1ee43db4909442,3229
d5d771a90edf22d14b6dc59ee98c0969,3230,xishirRvn0xsy,苗俊人,20140206,79177264757,923109201402066823,女
4e1b5180735a3ddc843c069de4df0a38,司绍,684587200502011480,77873071330,3231,wulidecadewangshuai,20050201,女
75148455167,公襄贵,3232,20190312,liuhong0xMJ,女,633714201903126980,f3b66765c36df29bd1b0fa1d1bbc38c3
19770328,73957787322,084595197703286257,汲书意,3233,男,fef1760ffe3de47b7017c61744e1af49,jianshuzhangyuying
73964845609,730413201406294631,男,3234,fa0a048974adcf30cd7af25c9aa04063,20140629,JrXnmcc,申冬灵
蔡文霞,74663376237,20060803,beifengpiaoranwangai,840677200608031278,3235,8bba694729e91ce4235445d40fa61049,男
3236,le4fveritas501,19770115,78602247661,014876197701154781,黄冰萍,c6576f1b2c3aec04e20cb584929f284e,女
ba0ziAkkuman,74550148704,男,818028201008078570,20100807,梁俊力,3237,efed5b140351dafc6be91ed63d9a9d69
75273104969,幸备,libin,女,3238,118617200410157641,20041015,197b15c252a7f9a5c5cf46fe61efe6e7
男,633712197610095912,3239,2b792dabb4328a140caef066322c49ff,burningcodes,79933256708,扈容,19761009
862036198411114382,女,7eaf038b187168850c11b824cd969acc,3240,79929263820,19841111,leqingxiaojunjiesmb,钭紫桐
j0k3romaebic,19740911,3241,776243197409110034,常晶霞,男,1167079a156dcc440bbf5a8efa709917,78632768995
3242,19940328,35772194f277378448c7bea380d905d8,申玉成,男,76695835990,hexotw,837827199403288631
穆新林,79064401744,613283201611221064,20161122,3243,女,K6,38b96b4dc393eb0774938f2aa9efb059
余傲蕾,3244,688405200107313925,女,adc473db504877760722b0c5f3d9244c,20010731,wangdandansecwiki,75621447330
19790707,730871197907076348,3245,79168403174,7ad370019b600ef03d55cf22dededd5b,liunam4p1e,葛幻翠,女
553596201206106988,zhuiguangzheibey0nd,胥弥翰翮,77404540761,377b70656100361e49528c17a8ec867a,20120610,女,3246
774205200106278766,9b3764d7a2271d33238bc9a205156ccb,20010627,78923989228,女,yangjuanliyong,公孟阔,3247
73776687422,女,隗永琴,40278720180323994X,20180323,48063d49c2e0d94be92b3be5f3ed4bcd,3248,shellstormohlinge
男,062544201609089656,76775010070,77710a783e2591f94ae6edc2741dd11c,合博雅健,3249,20160908,yqxiaojunjiewzsite
cal1wangxiurong,2cd5ab70f76bbc3d6ae4191138981383,19920102,公襄崇,3250,77399701755,女,723899199201029327
75932043826,女,legendymlsec,1061ada8344c2dd1500faf9e6d32936f,19841204,3251,屈门依然,294147198412047863
e2016908e16b9adc32a48c5345d664e9,3252,f1sh,75273504682,344737198109016233,仰晗日,19810901,男
314358197205086063,公旅子默,266e16b7c5a4037c11092720f22178ad,79375157701,loveabcdefghijklmnopqrst,3253,女,19720508
女,9beff72fda9a04e1bf6a880b71ed3ba0,19760219,75908776098,冷沦梓馨,3254,zhangjian,493536197602190825
19850124,女,xmsecApeng,77113485251,479620198501242463,4aa4ef4c5b5a62fd5fd1c747d726d6eb,3255,闻靖雁
20110624,3256,73157472721,491421201106248319,40b33f1bfdff67b3da69d99df0f27990,styprzhanghua,赖哲美,男
4f460cd3fcb77f22a14a85ab16e03267,ricterzbeafb1b1,暨奇胜,3257,050666199507015058,78934140767,19950701,男
OneHonelovesg,20030729,3258,315d0eb841680c812c8c84562789bdd5,593184200307294741,73262195835,女,项日
Processor,20121118,女,ab2728aba6a33a67da5d3496bb79b4f5,糜楠,3259,50330220121118346X,73914815611
9f5f6b1131013cd8fe65679b22aeec33,75878885685,丌官灵竹,19960428,huanyuelimei,女,378925199604289641,3260
93d7803512926d31e46561b1d990a4cf,女,l3m0n,3261,20120604,73642074775,277505201206047063,公宣杰秀
公施妙晴,75117307643,20160620,3262,966324201606200662,73fee192744f842a611a5ec336459f5c,2kbau1geLnyassss,女
3263,男,946691197007028171,熊修平,74807382074,19700702,zhanglanyingzsx,d321119ca460c65dab4f70172016693a
fbcb0f66d3e608312cd4e073118d1f3c,wangmei,20030524,79688411512,付里绍,3264,女,605774200305245785
79695269002,3265,郎妍羽,vncckj123,a87d144df74faf30ce0eab3701ef90a5,798942199604249636,19960424,男
工娄兴昌,codersecwangrong,3266,635733198605080431,73050229061,19860508,男,0acee8c5631540bb2e462cc5d66764c0
b6f46b2da5a9612fa078116c5540f016,3267,74504967402,reversing,002117199604210275,男,19960421,彭忻愉
19820327,940708198203273339,a34458b81e416548a093b28fec16f961,3268,燕晓灵,75983310398,liguizhi,男
9adb94fdd19c84e15c83d2a23036b9bb,392187201206137443,20120613,殷榕,女,dmlipeng,73807963546,3269
19790722,DM,267905197907227770,阎昕,3270,2fad8baaa1150d409e7a2e59692937f2,男,74811220179
530570200110013379,2798a2826d6131a888cf2d577daecd22,男,73768275721,20011001,凤妙春,3271,wangguihuazerokeeper
20171116,77869254851,xxlegendstrcpy,77292720171116132X,女,3272,倪鹏飞,534de0d7f70a4c6887543588da01dbae
89d1265b94a4cca18bb795efdc0dfe97,女,598447197702112762,3273,79531413631,19770211,工师博裕,P0rZ9
78917242959,K0shlchenguilan,142272199801303279,19980130,66556da4611caf265a3fe06bfb306782,蒙高谊,3274,男
19961004,3275,114d62d878770cf520bce7f3778c8fcb,男,759804199610044012,78819678904,公丘伊,yanghuaH4lo
73666814357,臧俊喆,331390198110029010,男,19811002,a10ebd7196b9b8dd3e1273b9f63c602d,3276,appleu0Ch1ng
501240201111129977,从立芬,8d4015e0501afe77c55e9cfdf3ae9341,3277,20111112,wangweisafe6,男,75735469189
3278,男,78240959860,鲍德泽,EXfupinglee,766353198708212859,19870821,dd2b9d654a72fb886f133819dfbbaed0
19960129,鄂沛柔,45298819960129017X,LucifaerWins0n,3279,75799815706,5bd72a00a6ef663fe7967f9be10b0709,男
3fc763e911c7987ae6f54a18b148b7f2,SycloverSecurityretme7,3280,男,19960912,78080099979,896960199609122073,甘先文敏
女,78629942525,公先妙春,wangxueJISEC,adcfff2dfd60a07a4a9452a2d62ec852,19831109,197548198311090528,3281
wangyanliujianhua,19710821,公之俊迈,799355197108215024,73395461815,42488eafccf9a78a626aac075e661cbe,3282,女
6450cf484e80e25271a0efac379e6884,那承允,3283,542012200705052740,liupingwukong,女,73237166628,20070505
19921110,75521574622,合博琳淼,815708199211100542,3284,KxCodeliyuhua,女,76552c254138c56cdb56afbc4ed3c37b
915106201602259110,20160225,男,于星波,3285,d9e70861751c0ed1c2fea62ecfce5f5c,GroupT00d4m1ts,78915772271
279191197402185711,融康伯,3286,78898114548,b4a73b4f85a0841fefb8ace21ab81f9d,Threezh1caligo,19740218,男
男,815878199608259572,19960825,cbb82b9c2eb71f6452b49ef96568ae91,3287,76646881421,zhangqiangwangfengying,程永琴
男,75583800197,Dik1sa3ura,082154199609212639,19960921,丁若晓梅,3288,4c30436b92e95ae16fd9aea4438e14ce
540781198005196910,男,甄宣,4a825029b1971232d88fa75ed496762d,19800519,yangweichenhong,73439766590,3289
79391148715,女,19741127,wangguilanAryb1n,3290,6209463710294669a020b6d1a17b507f,上官玉宇,857705197411272542
3291,021225197312170178,丘陵延,19731217,a60f2dbf463561782c2baa3ab61ce8a2,zeddyuwuxiuying,74895044949,男
3292,d07693fbb5cf93628e3c1442ebe0264e,女,79058711769,程凯泽,a7umchenpeng,20110525,834492201105252449
wangwei,20201205,男,37c9153eadc7a83cc5d6041a3e01f3fe,703553202012050472,79627397217,3293,陆春柏
男,浦玟丽,pzhxbzyangjun,490405201105154571,79023778611,20110515,1fa9599ea374993fcdad8398fbaa42ec,3294
7605a620466f7c52f6f0cfb25ca5335d,79070166070,ginovelimei,3295,482422199910224874,19991022,窦公奕叶,男
3296,19840224,21605619840224006X,女,xiaozhip0rz9,78072514219,贡琲瓃,5601838aaff82bccb466ada2b20b50dd
57fbd3a1cab2eb8b770c3a719c634876,xdxdwangyang,宫景焕,78910192659,男,20160425,543825201604254635,3297
胡凌雪,20020416,9b9873c36c2f2da2f8835382ea08bd5f,903446200204163286,3298,女,zhangxur3kapig,73983567385
19800902,901076198009022570,3299,双候,男,fee0728128f5325a4a5d8637727c7cdf,79638631822,chenjie0xmuhe
3300,438218201109171560,73497639330,女,公施鸿福,PandaPoacher,7d527060e6f8981a9941cbcecd15edd1,20110917
570ed4b24286decc39beb99bd0918255,男,77560344761,杨鸿雪,3301,746754198211090133,19821109,Pav1Panytucaokeng
男,郝华楚,9janSwing,3302,214410197102258678,19710225,1bcd97b77191edd8e97a99b82ae016ad,79371431479
79056579522,4e31cf2c818f690a1746a3bcff141e53,3303,女,720983199206091826,胜屠香馨,KxCodezhanglin,19920609
3304,297438201706242338,东楼建义,263043931dae168fb2a9d5c6b04d8d1c,男,20170624,73034039397,wangjianjunlihua
男,lihongxiazhanglong,748372199610122734,公正英逸,76655838986,19961012,3305,79e51411bfd4658dfac41d0a45621708
3306,70b82b436b18eb966bd6251667b3dbaf,伏羲婉慧,20080627,secicecobbr,996734200806275234,77279096566,男
d0276accaad1f6c797fdcdc65a15ff0c,75370877794,mochazzliyan,3307,566000198805277172,东关行,19880527,男
78623446454,宦耘,20050506,3308,caijijiMour,3137c1d71a74e9f9ab7df630acb570c9,936866200505062986,女
3309,女,董凡双,78506142383,454004201802256862,liuhuixinkong,584d96e3ecf4f95f2819fd18208fb699,20180225
3310,liuhaoliuhong,79069286653,女,20190203,570419201902038184,傅佩杉,d25074e09ce7b8fac31b447ebc5aac77
19830502,812347198305026211,acc4cfc0773695795955f187d86342c3,77626042414,3311,zhangguiyingsqlserver,男,工娄鸿风
77408651918,3905c0f4a72d4030c0a7630ca49f9cb3,3312,839096201705302284,cjk123zhanghao,汤花泽,女,20170530
75945978288,burningcodespirogue,bb065a8ea47d1ad4f2186da6f4c4e1c3,3313,77358120100129335X,20100129,男,俞童欣
f9a61fdd5c9d8e0c83f7c5bfd08856a1,79061077319,3314,19821107,女,my,081453198211078024,禹乐心
瞿希恩,19750707,77580956723,3315,男,c7ead21a4063665a193b204356455188,174895197507070756,lixinliuchao
569984200805052423,75234964636,3316,20080505,62488b66b35ca1226bff38b3283d7267,公山秀秀,geeeezlixue,女
女,谷英哲,821c6e16378f350bd3ec38441be4d9e5,19730803,3317,523834197308037541,73961578784,0cxliuhong
c05d740713779d1de88b999309619a86,3318,19820618,男,liushuaimisiteanquantuandui,俞津童,73811461879,489264198206182038
3319,249215201502216362,liuguizhen,女,61178e4932ef33a9f8cf2897769ed732,20150221,79133441739,屯浑炎
19870916,3320,70042be88ecacdef4902dc75a52f4bf1,235589198709162075,75112012351,公襄立轩,男,lingerzhangqin
77349960678,liupengklionsec,3321,公之春霞,男,19741105,979c75f9a3bc9133e6134e8c045766a1,126507197411052670
男,3322,庾炫明,989324199103011831,Jakyn0tr00t,19910301,2ca7a194caa6ce0017b12eb0f30998f4,79113330866
3323,75151577749,410215e7d8c40b425bf4efc0b79935f7,597759197202112281,穆嘉禾,19720211,女,wangzhiqiangcnpanda
xnianq,aebe06cbbbd4912119de0374c4523a27,73004960233,187426199011012658,红烨霖,19901101,3324,男
29c5207d685e3080ad9aee792b15120e,lipeng,3325,19840412,78097265541,男,卞乐荷,461127198404124359
74976911589,3326,男,c8f36abb4764b51d104d647b0a81fe06,胡毋雪翎,20170516,wangdandanSukaraLin,711660201705165154
3327,权瑛瑶,女,612059198812047940,zhangfeiKyrios,19881204,78546218613,518b7f16301bedb262dd6b3c6d8bf667
cb4b268aa7f5e690d241872ce4b8e170,73516394873,821972197101241441,19710124,女,3328,svniami,华胥涵菡
LittleHann,20061113,女,153108200611135368,74037548843,华胥山柏,ad7181a437e7b963ff929079cf00ff8a,3329
e7baa081cce070c869e714473c60f245,男,融幼丝,wangxiuhuazhaomin,292168200212312052,20021231,78770802551,3330
babd2925f9a5fe57586bd10374bdecc6,女,公绪绮思,19820401,3331,78813376638,magicbluechLucien,595053198204015246
19790422,77412854733,冯秀竹,23590a215235e19871f691abf0799c39,3332,liminRocky,416776197904226360,女
t1h2uaWhite,19750402,5f9fc9eb23ec6e7fc09ce09569def0aa,女,331814197504021229,73880199453,卢睿诚,3333
3334,Mochazz,c9ffd953497157d2b271e256d5fc9ec2,19760213,73021364321,男,东闾平露,325362197602137159
lnyaswangguifang,俞佺,女,395340201307058929,3f6f6466d42fa4461a49142efd33bc00,20130705,3335,75872297979
19850706,f292440c259affd3bc488c55198184d4,77230895609,傅南晴,女,MengChenliutao,3336,602155198507061664
女,20160316,3337,6cc9182d99b432a4a907c8d218bb0ae2,利冰薇,zhangguirongjeary,562564201603169122,75391966770
19821010,e644bfa559258f437874e4f66188aeed,3338,女,967219198210102329,77484097665,0x002gouchenanquanshiyanshi,苗飞航
19880316,732126198803166353,3339,77590952247,男,a98bd9160be9634fd8da97679f4b31e9,欧绍祺,Venenof7Venenomongodb
360502436251c38650da31900021b279,79327896310,19771123,信都光,074927197711233271,3340,男,JoyChouiswin
442891197112153723,女,叔促鸿飞,chengangpolarislab,382528b562b08e2c3160ba98d818f238,74746168541,3341,19711215
73534220317,3342,115188201506077873,谈乐之,男,669ac387df29c0f61e5bdb24291f2f22,lnyas,20150607
78976760409,女,段坚壁,e61697cf3540ab6df4493a39bca6a98e,19980319,3343,tiantangkongqi,002761199803190586
苍子菡,20090824,621975200908249483,女,73096191259,EXcool,52e013a8675a181cc7ad6f4eb9a38a78,3344
20180402,061786201804029150,74025027586,男,3345,yangxuecomu9c3ca1ca4784,089312e106920cf44b7d2ffa3d5f7618,施以菱
57e2713d5f928af584863a23820fafd6,79861529839,男,Micro80u0,20200616,272064202006160750,3346,姜立轩
3347,4504c7207c2a441e4a92d6afc0b69b2a,78992825898,女,20070810,仲孙悦恺,320358200708105943,jinglingshuph0rse
p0secwhite,3348,雷棠,8b0ca99bef6527174ce8f06e89174e20,20041102,78887247772,790587200411027331,男
825d359b651a679b4da151bac0e15e72,77403353733,19770324,cytoCotton,饶俊茂,899358197703244383,女,3349
zhangjianguo0x11,44cd2d29d526f12d72ca2171a2a9aeb5,男,彭昊焱,78211268466,3350,876436201801020973,20180102
520965199706226387,6e5d60779b53e709b911ef01b444a12d,周紫萱,77286742533,wils0nwanghuan,19970622,女,3351
zuozuovera,925faefa8a62a2ad4fc77f36198ea5f8,20060316,女,77720539722,步福,549682200603168441,3352
19961112,liqina7um,457895199611128486,女,c0aa06023b0304b159882666fd3ec8af,3353,74541071749,公若绍辉
女,19910712,Hexmanyangfan,49146519910712842X,3354,叶弘新,02a05c6e278d3e19afaca4f3f7cf47d9,78936989196
80e877ab662b4521bbb772a6be2970af,wangyumeismi1e,78396666479,3355,19900720,中叔永思,女,136224199007206624
公仲情,78314222456,lihazzel,cc95ff8bc079810fea32527aaee5b9cc,19740607,426154197406073657,3356,男
zhangxiuhuaaddon,3357,174479e7e873cf47d8f74a532559d84c,285273201112147872,20111214,77872466903,男,郝如馨
839645198309270151,男,卜恨寒,19830927,1853529b70e1deda9dc595f2ae8764ef,sayhizhangjing,74939188096,3358
3359,公冶颔,wangying,aaada21a7693b4c5708fc5138c9fdec3,女,474827199208096386,77122614583,19920809
20170315,男,74054397289,veritas501,147861201703155514,2316986569e2c76b45aa80353c042a6e,3360,钱初彤
19811127,女,92ca92df6883b81baa99aa502094d3f9,出连懿轩,3com,75648359215,628275198111274989,3361
75555937710,3362,dr0opDaybr4akxueming,男,20081122,陈孜,068694200811222350,9387859a87380f883081f234a7bc737b
73856230908,9c49fae5d84b6230a166a6b567304418,男,20200816,穆嘉德,046431202008167337,lilin,3363
3364,616494197104159546,19710415,7f21d12e24074b37f75abfc1d856df5b,LucienTracy,厨人苑博,78074318709,女
b222d55cbbb3161355966eaebdfb9b4f,200321201508056168,77268316209,乜寻春,3365,misiteanquantuanduidevserver,女,20150805
男,96e285787267eebdbf4636e90b4ce761,3366,庞殷漓,98371119850520787X,19850520,77671712187,wangguihuawulidecade
丁秀杰,20120219,3367,75824074220,lixiangeonew,dd89743abfab647488e84f44fac55c6e,女,307909201202199148
男,19981222,zhangyuhuaveritas501,4e8f794089b6b4ef55cd0399dca1433c,440214199812229938,3368,79351425825,顾妍凌
75600480030,dd445aa57f004721e938af67dd1b5aac,19810902,公良之山,男,3369,lin2zhenstypr,467943198109023116
79140043321,41f51b5434ac2c4ec69b6d02ac174f60,19950118,473327199501181442,3370,女,OneHonesecice,邱英卓
女,印忆梅,redchenyan,20090629,27ab6e2142fc487ca3fad87c5191bc3a,77497857057,3371,575772200906291644
2b5df3dcf7dde7fe21edb77a5a6915a2,男,3372,窦公采绿,78785849458,blackh4tAltman,19870514,752448198705140932
eea378036e063c3abebe4543b139faef,女,73630154788,n0b0dyL4ttIc3,南郭悦心,19711218,338705197112187128,3373
1d8b902f470ed75945aa2ed58ab55bba,3374,工娄和惬,女,20100101,firmianayimap,050639201001010963,75519470893
453069202012030115,仲孙丹溪,0dayliuhuan,952a16c9d0f2db3865f3a6dc1fbc45d2,3375,76734098193,20201203,男
3376,74032757836,liyonglishuai,628393201904150735,20190415,男,e75d7e01a60b06480043bff55cf2da93,巴天材
chenjuan,196516197406075316,班雅懿,19740607,3377,男,76709941428,dd649c724529c23bb693a16247621110
72f7d942e3554c68a18fb540ab6006e1,19711203,廖玉泽,女,3378,hackersbtelnet,29268919711203394X,74092141537
屠岸颜落,830933197708134219,73051728284,liutaoxianzhijishushequ,19770813,男,ca373106b83a43a808ed563b4f98d1f6,3379
3380,曾睿好,75675942040,20150305,028921201503055322,女,82c3a73a7cb5314dc988f26a53660b9d,gorgiasliling
klkx,20080519,连紫萱,351357200805194984,女,5b194082433200fda61528381809a65b,77175115026,3381
19751120,女,de1taginove,47165648004a5ab88ad53e7b1c82b706,公林会雯,575281197511205646,79899313756,3382
73992079608,男,20110707,7f4dc570c12652ec222d4106c06069a0,CaligoNuclearAtklcxcc,3383,287747201107072833,益傲之
20110412,女,77674025872,539669201104127962,lichao,3384,付里火,5c46be0bace89539f8e37326133285fb
男,051676200105202976,3385,75383362940,20010520,Kingkkzhangshuzhen,宿延,469bc7300450d4947aa5fd9b3330e711
7c130ea3d9a2f889c255b95a1065e0c4,account,78447935002,20130424,3386,男,460174201304248213,冯正初
仰铎,73269832685,Cyru1s,190757201806286923,3387,20180628,女,04c4a4010dfda1677dc2480c22974e26
19910223,157702199102236948,女,78142119027,3388,景展,2f177e12b80097fa97211c2cf6ae85f6,WisdomTree03sec
266396ced3fc5616e95d18ca6370a01a,75921543236,20070503,璩旲,女,3389,955650200705039386,Wester
b70b550e486703a09c809581bfbffc19,3390,男,师平宁,923658198910124372,77372582446,19891012,lixiaohong
方鸿远,lixiufangliyumei,3391,男,295578200603150430,20060315,78237827508,5fc2d383813bb4fe9f2e9465c2df8dd3
印峰,女,yzddmr6cyto,3392,73876423934,19710519,670727197105190125,5facf3351dcf4c9fbf989c523d8baf8b
376714197703188634,男,19770318,77896894766,3393,liuling,范天媛,6f8b7132b050e677332725dfaef98a9d
19740421,女,83d2c26eea393fc33a8a690336830bd6,zhuiguangzhelz1y,3394,768869197404217349,73089443946,浦嘉宝
737686199202249930,仰喜儿,3395,男,1589d4f124036e00a62ba9fca1c7cce9,77377064824,19920224,lucifaerevalbug
110224199706145032,3f368889da853dc57a9d1de668404fca,3396,19970614,xia0yuhackjie,男,充吟怀,78295099383
6e879e37197fb9e6eb86400800f5177a,chenhuibrucetg,73762050070,844351201604136871,20160413,3397,函井伟志,男
76615334373,公荆嘉木,Sn00py,3398,773663201802236761,20180223,女,4f0e473930d604e441c6d5306139d437
20150406,zhangyuwangrui,黎英豪,3399,男,73271051948,674751201504067258,551e39767564a2a5010344b57ccb5b97
75305853851,377006199310283587,女,19931028,6d528ea16f70904c584c797ba88712ac,公思晓瑶,Loid,3400
19780510,73720935840,86934119780510635X,男,22c183208ebc116c588e332fdb923976,薛凯捷,3401,wxyxxlegend
女,谈子婧,wangpingBerTrAM,19780928,413510197809284660,78643691104,3402,ff029677f2e098362eaf15ce0935a0f8
e04bdf56b97ad3920187394253baae9f,luhreyfeei,497677201007282368,女,78971447162,仲孙弩,3403,20100728
丁若梧桐,607593199502010752,78850849398,6b0e1a6e6cb62aab5f6e5f79fe78beb0,男,3404,19950201,xzXishir
carlstarchenming,宿安娜,654093199511028814,3405,19951102,2c37660c6b096582b6059e8666a1c55c,77113135041,男
男,KINGX,133315200401030550,7d85f77130efcbcdfc9ac5d8cd9e1e74,3406,74777480272,宓燕芷,20040103
wooyaajkangel,20110819,巴宏阔,3407,女,383872201108192847,a98d91fe8a4183ff5237922038819825,73705080460
公保宙,064951199004024953,chenchaowangyulan,3408,19900402,75178672986,dbf722bd027a2e0f3be86787edab9f8b,男
19731211,3409,790603197312113086,79114081292,东闾有,470077751b340c930b248401b357d94b,quininerzhangguiying,女
金阳平,85254ff52845f30072d24e91a410d661,19911224,女,79173974513,3410,Orlevenchenbo,807746199112244282
rootinfo,ab035d16ed3b34c887c43d97240d6e9f,79373488858,3411,男,014398201803139857,方清奇,20180313
4f626cf0b2069eeb3c8cb2f96e2433f7,20000123,tasfazhaoj,公仲慧语,73391406296,男,3412,794584200001232257
392596201807035352,75011155518,hexincaijiji,20180703,0006b6885848b62729cf95bfaf595d42,男,3413,钟哲美
81f88b68af4e337e0e500e2f8bcb2021,78394638981,zhangjingw8ayy,636351199501010611,男,3414,19950101,公祈鸿彩
56b3fd2555653e0bc26f1365420ee818,omaebicbrucetg,19760609,喻雪旋,75711261344,男,3415,352435197606097915
78283204780,497550198711112047,侍其成龙,beafb1b1yangjuan,19871111,480f69cae71730b4cd743f4fb719557e,女,3416
越星晖,3417,78573381844,18114219930720688X,女,19930720,90416231753768259b75d882d3bb87bf,zhangshuzhenf4ckweb
246942201710281614,劳白曼,男,zhangjianjunpatrilic,3418,20171028,75112836215,756a9cf45a49b434e97d03def2629bfc
61831608d4a8c5846f3c45bc8b90eb22,74526503314,费君茹,425107201105210420,3419,yemolime,20110521,女
邱嘉言,19731027,nobbloudongshidai,78186436731,女,996072197310276829,3420,80a0a29cf251b51e99619ec0731ab045
78442615044,崔韶华,liuyumeixi4or0uji,466788201909155657,20190915,3421,6e163ba18b21de77793dd9cef15eeaa7,男
76706348541,013607201111271237,20111127,能泰,joychouPh0rse,4fb7202c7d980b219ab66ffa99404f8d,3422,男
79398848326,女,bdda864d011e6a46a17825bce6968b3c,liguilanmisiteanquantuandui,989744200401291280,魏映波,20040129,3423
20090316,Adamanyu,78391148183,715590200903168518,男,3424,米候,7d7fcdae57cfc3906c879ecd4daaacec
409785197106071939,1e6e0a04d20f50967c64dac2d639a577,retmeSecWiki,何丘元化,75084089940,男,19710607,3425
3426,女,liunayangguiying,77757717602,281c474bcc85440f6d01b67578fb2325,58893119800620032X,叶妍羽,19800620
19850618,3427,1643cf3506dafd7c28e9abee6004f282,694281198506180385,sm0nkChaMd5,女,78774254329,龙高
韩盼丹,d7cee566da5d68f364e4b23a06362451,632111201106165853,78600149573,20110616,男,guochandaxiongmaoph0en1x,3428
男,共叔恨天,514748197302242650,19730224,3429,14d5cef31a2fccde671fea8106c27e2e,78101327846,mylamourwangdan
74657948019,女,滕蝾婷,066091201512234360,3430,be109ea6be200f0111c1768d9d387e49,fi9coderprocessor,20151223
黄兴庆,78014238456,20050203,男,3431,32f0e33da77727caed60f3dc327fbcab,402817200502034336,zhangliliPatrilic
zhoujieAdog,19921120,女,236475199211205287,3432,步偀,c091542308a8b5cee328a3f1257ceab1,75602031005
liuqiangzhangyulan,3433,男,顾伟娜,ba0a6ddd94c73698a3658f92ac222f8a,78044644701,147478200103130410,20010313
alipayNe0,岑翰墨,75643752950,19730102,3434,a9a874f60f48c246e114b4f26535f85b,男,619869197301029511
明含桃,556858197409064089,19740906,qingxuanharold,女,3435,75234589223,5a76d2ed1aa7cbea1ad5876627b0140c
3436,富子帆,RicterZjeary,819761198102122129,19810212,77366897318,女,e23ae2a51f7212bb4658d5bb692b7988
杜幻丝,20030717,男,4191f91430f8908f2a4987ad30b23ff4,p0rz9Rvn0xsy,3437,75711493951,068817200307177114
3438,5154d0d1eb71f99aaf90382b2b510d12,74741516450,20120325,公朱英范,582456201203254414,zhangfengying,男
75204431130,Ch1ngtonghua,002772406c000396fd4704af816b075f,20130301,男,344661201303012876,3439,元和璧
090561199410283152,492e02f155cb95d6f2084c922effe8c1,乌伟茂,19941028,styprlufeirider,73936794928,男,3440
信都芫华,20150821,975444201508213947,281c6824541266a62e3f4bec7aef7931,liuyuchenhong,78810493465,女,3441
19870417,cdaa16ae49f473f093e07f231f9487ca,Processorgorgiaxx,3442,女,77507763437,彭祺福,953396198704173824
钟书仪,578617197707164739,19770716,3443,d22974693b5807319c15e2632e626af5,74791553909,男,net
75102246513,2c5913abbb6dafbbf186b44c81e76ae3,19790311,3444,appleu0,蔡和韵,947447197903111541,女
贝琼岚,19891231,男,457684198912311933,wangning51cto,3445,78182574672,a88d24df395e3a46932064cac6d70836
983ce80aa265312493dec702cc901d2d,anquankeavfisher,温信,19720730,3446,74951531857,男,915364197207300932
Gorgiasaltman,胜屠劻,20190712,73132073747,3447,6757965bd1fa9cb2cb930cbf3ffd534b,男,601929201907124737
20051129,78898989814,hexolove,b195a0b289522984e71f991d04f04233,男,司空舒畅,3448,084288200511296279
3449,78026607586,K0rz3nmyh0st,99ba6a50262baafb8dd75170d7f0a00e,女,332858198211170927,19821117,鄂势
fa2c0ecd72541016080dafbbe35e0fc7,wangchengklaus,20060826,男,309700200608269635,3450,75346095407,连珴
3451,79108985757,慕强,20140216,84462920140216657X,男,orghuangxiuying,c80dcfdb91f711999e22a83111669927
e1567cde0a3fce092bc2969d191311a6,3452,inxnianq,女,20001005,花访云,77674864670,344016200010055128
褚傲之,852398201506034113,3453,男,77815449722,20150603,a5d46b5d25e86fff7ed5d5e0677cfad9,lipingBey0nd
940251199110089416,75991142684,bab574d98093f88987217ea81f6adb54,云光临,liubinorleven,19911008,男,3454
19900819,3455,0cxwangyulan,75551478410,37587f22bce585a1e643551e54ade3f9,公扈乐,070287199008193320,女
189840197701068570,3456,da3177df181b61a2963e159ca1bbeea7,klaus,公晰良材,男,79053485949,19770106
女,789934198112139849,公师谧辰,74638062754,19811213,chaojidaheimaoliutao,3457,f0e885e017e5b9ce9daf9c464ce86679
端木碧凡,tkanquanxiaofeixia,3458,75378524982,女,061055201407169384,762ea0e738b892d948a397d6654bd4e7,20140716
76771816086,3459,寿鹏运,1e6199e3d850d2b6647af6c7a99bd28b,女,20070422,caijijigxgoodboy,425454200704224644
Who1sCarlbPJoanna,855efc6360039fb1f257b9f85de5c122,79897450485,公孟怡月,男,66412119900626837X,3460,19900626
77240007436,20090213,139937200902132826,Cyc1e,女,齐乐芸,4617e7936b63fae049bbd2000f2a42a6,3461
戴蓝,79644841064,lihaiyansouthseast,794dd0024431913ea0f0fe53ec5dd695,3462,女,132106198208264883,19820826
公阅白柏,3463,196e5a3e531bcffb32f0efdbc17c1958,test404ac,467692200604133225,女,20060413,75612496501
3464,wangfengwebmaster,407624201901189759,仆固昊昊,74738719581,男,20190118,a01610228fe998f515a72dd730294d87
19720119,男,73277601184,238411197201196971,3465,69226989b11008b60e15966bb526c82c,gh0stcaijiji,蔡涵亮
SecWikiXMUPh0en1x,296665202008060733,e4d0307fd8f7eb346381827fc62e90be,79862093965,20200806,男,乘马玉妍,3466
75107193442,19720720,79e8e63ebc4097b8f76d72049821068a,终慕诗,adam,男,3467,812482197207206454
3468,能姯,20071205,anhkggjiangshui,74726555206,128343200712056916,男,036163b55f476ae2beb10c66afdcd817
3469,杜筠,390542199012105678,pwSky,be5d9ba998a9412a49a6e9d4fcedf931,男,19901210,76679697849
孙娆,73054079575,526883199207121559,19920712,3470,8736e7e3ea0031b465eb8d7bb1be18ba,男,H4lozhangjianguo
柳平,lixiulanwangliang,291028202002228217,3471,男,20200222,77160199754,bec27f26b2209b430378549dfcdeb3d3
f24f39dcf26d2c71c773981a719d9711,19961203,326697199612035048,女,peterpanchenying,3472,79370361035,范牧歌
男,19740813,boyhack,88344219740813295X,党安安,81cb4d936313c655fb81e774498544d6,73713957851,3473
MITREATTCKzhongwenzhanyangguiying,暨寻菱,19931107,73018891178,男,455329199311073716,3474,bfa5a45c310c715102ec9e7854d58a3a
513294199210038117,MagicBlueCH,47276b2917ab6a1bda48ebac9acc885f,78665731896,19921003,男,陆以云,3475
20171225,820553201712256885,女,3476,78958305641,zhanglijuanSecWiki,满天华,5d8d17bdb81ee14767e700f5ba957430
79161810409,19820601,Loidphpinfo,3477,黄念文,女,639974198206014228,9c518c735a56fffc9a31fc605e52c101
5bfa988cd503c22cab6ed48d6c4bde24,20130921,wangxiurongpaper,信都成天,928396201309215936,77281622225,男,3478
喻锐智,3479,女,Apengcyto,20140410,e433ae0335d06d860355830f37261699,78551441153,505718201404106983
604440201211040977,金琳溪,3480,20121104,男,09cb533cefba0b1f9db9ab37cc9035f3,73103818624,dmlinkarticles
hpasserbyhurricane618,d74682ee47c3fffd5dcd749f840fcdd4,男,20030303,795255200303034312,吉胡弘新,77486737435,3481
男,19701229,827695197012290659,79832721444,c75c0c3de4cbfac432091304e3a492e2,3482,piroguepop3,陆华
3483,liguizhenpatrilic,78386393613,女,20061225,489346200612255063,石勇毅,476ff6f010ba15ec7e178af5f4a6642c
78607388327,19820404,3484,男,932488198204041172,司空代亦,0f7212cfeec23250c0fb6f11daeddaba,tom0lip2j
cL0undmisakikata,19811007,78953278193,3485,男,533363198110073855,393747186ed09fbba45f779322c73fca,计平蓝
浦修,男,74932871508,blainyangli,3486,538644200710028574,6897a1fce63e7ec9ba3d76fbd2565c09,20071002
陈忻忻,20170608,rinigeph0en1x,男,839344201706085015,73138716315,3487,c418e65148411b7cfa58a82fb4e30259
傅昊然,135697200201080177,daolgtsjarviswang,78964601830,ade998148d938551c8903aa75cdd5a99,3488,20020108,男
3489,zhangjuan,男,75171942578,19811209,a465b70d9a0c1ed678e628adf633b562,谭瀚,768505198112098372
739157201707153435,公车锦程,3490,20170715,79310885633,comuc531954533ealiliang,男,add28649feeee1c633c33c1919c399ec
女,20191010,kerlinglovsecEX,3491,32211356621aa64d52d418d52360d9ec,公息葱娟,73623832857,187066201910102146
a105faa9e81b0f972f2beed73127f149,joychou,19731109,公息嘉致,男,74573014358,043112197311096672,3492
19730312,a89e01fee127667d46e050c08cd2bcd9,郝涛,男,551841197303125750,79654979150,xdxdcengjunjie,3493
854008200211063140,lining,女,75216135023,阎嘉懿,3494,af67a65f030a1c12bce27ad321c40793,20021106
fc6fe9e2665e2e622e5f04c99584c253,女,554099198112160164,3495,公文秀君,19811216,77263066917,wanghaiyan
77272622686,LonelyRain3gstudent,女,442663201908193168,fbaeb8a43d0b5ecf34e0c00261b716f4,20190819,冷沦琩,3496
79175962530,3497,cd3a4d9de491cadbe0fb8a003fc2eb22,nanmingadam,张琪华,20150705,515278201507057281,女
景旻,20101119,男,BurningCodesJoyChou,451490201011193832,466215eb7ec2f05f083c47a22f5d5f52,73859543166,3498
3499,f0156ec107080ef150e2994474cb720d,叔促嘉德,929552200401069952,男,20040106,78838203283,mianhuagepupiles
19990710,3500,印坚诚,男,klion,741409199907107038,287bfc663b4fc7905b35e76b2bc5dca1,78419960452
司小妍,957428200409210883,3501,79968986577,女,9d0f2ec16a5db64fc30729198bb15b3d,congrongneargle,20040921
liutaovancir,0a8884faa4512772bde229a1adea0c84,19731028,361877197310282181,晃琸,75830166679,3502,女
2e72a9b191837176db7c00b48fe4cfdd,同蹄丁兰,19881211,3503,45133719881211272X,女,zhangchunmeixumin,78961787356
75636973033,249667201607172982,20160717,赖语儿,66bcfc66b19b64a9165b622d1cd1ae79,女,wanglihua,3504
后靖柔,d9a7912cb87939aa502121782bcc478a,20030818,zhoubolinwanggang,77303901016,男,927895200308182015,3505
760724197310111441,女,3506,单于鹏翼,19731011,75315274349,12eedcd5ff5ba00cd90024725185054b,machaoXMUPh0en1x
0akarmaRocky,袁嘉年,77674842044,886602201311043514,5970cde8d3b87a369b612efa6fcea957,3507,男,20131104
78535847196,hackjiedesign,20040723,387996200407236235,a6f7b883ef37144aaf6d570ed571a7ab,3508,公尚白曼,男
3509,75235240545,263773198606150067,邴永怡,19860615,hacktechftp,女,8ea7e82c29f80ab94f9d164dff34b29a
公索姣丽,26ccae617fb44037a11b2a485dfc71f2,631940200908086436,男,20090808,3510,78121923054,xiaocaowoboke
redrainzhangjun,3511,白轩,女,20090708,599492200907081768,73362296370,4310045dafa04cb21f136b4a8c3ca3d0
公建玟丽,3512,f5e1efe2213f8b5b34448926b79371cd,19960217,女,alipayliuying,73396488489,047870199602172668
3513,xumin,498048201509069571,4c1912e19bf8afcb3720632d389ddb2e,78984686948,公宣希彤,20150906,男
Ylleny11enRickyHao,83922020080715375X,3514,男,20080715,74991649854,合博涵畅,7e0ff47a23d26e1fd4b72d559301a54f
女,19980526,yunyu,47707819980526798X,3515,公保琨瑜,291f48ca20fea173ef25c2ca200fa164,73188045310
男,NuclearAtklcxccPav1,751576198209308935,3516,19820930,鄂傲云,be19470fd4f028dde3a6aada59f4a678,76760352568
20091222,6c6b41cfdb990a7162c6e6cf09ee04f8,戚岩,3517,男,74972390071,hookgloxecaiyo,806163200912225811
19800803,男,pupilsmoe,步修杰,2f6d70b20e37a4e05b8c42ac93d04fcc,190296198008036033,3518,79042372389
20050504,男,2795cf1a092092b53e1fd5258aaa1f18,WooyaaSouthseast,3519,75399171250,权蒲,378461200505040959
19730809,赵星晴,78534573204,57006c7e62e826a44cd642456fe052de,女,hpdoger,3520,503720197308098865
男,79894536678,977564ca2d093f07efa94c3287f0b885,186212199401127012,19940112,3521,DarkRayim,昌鸿朗
79666426626,3522,rickgraybeifengpiaoran,cc7a990d83cd192f6e83f053d1697f3a,公何峙,男,942625200302107638,20030210
19780523,女,3523,07307119780523158X,cnlonelyrainxiaoyu,bd140306e75222378aedd569353a6dd8,公正雨蓉,79965927666
女,73575466978,Lovegoodsecwiki,150920ccedc34d24031cdd3711e43310,097643200709027043,20070902,褚怡可,3524
3525,76759114574,19990414,05b22877e239719efcfc8297dc6de2a4,phantom0301bl4ck,男,工娄春柏,591198199904144013
男,aef35cc831506e23e4a870a867984a2a,kerlinglovsec,020858201008310875,73779802184,毛婀娜,3526,20100831
女,fuzzerwukong,5d106ea6471785595be5ec67b25ed767,74924283494,公甲恬萍,19860622,851390198606224348,3527
3528,戚夏岚,75037465547,9faaa2c6985fe1e1c4cc369af89e714b,女,kn0ckreversing,45111320120116868X,20120116
375631200608107423,东方镇,3529,20060810,74645726444,coolzhangxiufang,女,d79ebc8c5d4e4c12c97b3645d2f573d6
女,liujun,3530,厉涵菡,19921222,6af58f6a2009919df2d801fd749884a3,834929199212224462,78361832478
kirinsayplz227,008282197802051972,19780205,尤顺,男,2727be92adc8acd6c0ef8b758229695b,3531,78866842950
3532,19870517,609134198705178139,74620352164,lalajunlixiuhua,穆锦凡,d45aded3482b4c71ffbb5aaa541e650d,男
3533,女,113a8a9f8dfa1271c62976ed7abca9ff,764377199207086464,19920708,aryb1nliuqiang,安茂彦,77759139266
Westerzhangxiumei,2eb3dd68039ebaf18a5f605ba2501ebe,73943502345,19921209,720265199212097377,訾素,3534,男
3535,285532198904033237,qiyuehuojoychou,23e6944dc904c57517706a7943c7dfca,19890403,元亓坚壁,男,78422097321
3536,20190615,伏羲银柳,960741201906158745,女,79392203483,apeng,e3d54fc92b3da7e9de8996778ba6baad
248518198904186215,zhangguilandispa1r,3537,19890418,78107873257,满月玲,男,acde9552fd3bafc519b71e0d3368acb2
19810714,男,3e50b9b7ddd9f8748750cf5949f0cd91,73146996876,n0b0dycnxnianq,3538,平皎洁,783642198107141213
3539,2b1264dc82d6bd98491887e0c385196b,男,19730123,Wylining,74640132225,廖溪儿,12777019730123981X
yemoliyangfang,20040807,67994420040807018X,78433829112,女,3540,13dbc986a4b13536e2fdb799aa23bd4f,邴雅霜
女,19710214,ea82b283be7040296939abcc112429fc,sfishlost,77586751235,韩访卉,3541,037214197102144949
男,071670200310238631,73351625285,space,段永嘉,20031023,3542,7bc4a4415d51babbe39ef2974f4db2ee
online,75742227126,南宫雁,3543,826646201209156550,男,a971e36d2e6c24d786ebf9e84cf2f83e,20120915
3544,985217198712317038,19871231,chenfangMitAh,77634090040,钟苓,12fca8e2c136472dd40926b103df885b,男
3545,甘先孟乐,fd4702015977577640e8e90a5b9a6743,78892980543,19820302,女,540253198203029029,NoneGirlIuhzhangshuying
19790812,iret0u0,815f4e12d11dbcbd9dbee0fa5ca1a276,男,冷沦之卉,3546,777103197908127513,78934600740
412053200206052525,谷嘉庆,20020605,女,75238525157,0d46f927840de0e19443aa968a274e50,f4ckwebhexincaijiji,3547
男,856287200608105116,3548,a4a28f0e5e52a13fbf6001a4470305db,窦晨,9janyzddmr6,78553450671,20060810
netniexinming,73660470294,683705201610250446,20161025,3549,隗初南,女,283e5cb38570f003d304347d1f1ba2ef
78237683306,19910314,969799199103145644,殳小枫,3550,女,1b75e52c109fe17bad099f546adedd47,skyofkinglove
c2929672b1f9db22a43242ab3d7fd115,20090402,77635691835,男,liuleichaojidaheimao,3551,94006620090402527X,晏阳煦
wxyre4lity,男,78716189180,聂寒蕾,3552,286033201404156737,a52c4d14cd9e02b402c0b36945d70558,20140415
2fb778e36816468f97384e70414c3c4a,糜泽芳,79618161484,20030812,男,sqlsecdouxiangkeji,3553,363087200308124577
f5567bcae6465441490e682b242129f3,seaiiblogzhangwen,东关新梅,男,20191213,974139201912139234,78966565223,3554
3555,0x584A,091d8599c16a999290ca94e4e500167a,女,20140425,74600363226,503792201404256625,胡德宇
1ab707bc40720c779eb412aab21251fc,女,668274200706207460,77613477121,20070620,3556,yangpingzhangdan,邹芮澜
zhangchunmeidevelop,67048737e821b87f8b320027bde780c5,3557,屈怜,20080803,749240200808036989,女,75309196858
048117198112273489,75987485866,女,19811227,029f1c3ce680d62632493fe1fd463338,3558,叔先凯,Chuliukai
honeveritas501,女,03e6b38f5a648719e1c12601c0de552f,3559,75191192953,178763199809044189,公为方雅,19980904
19940522,efead51028a03db2d63f0e79ba032a82,Godotrcoil,女,3560,78248732481,璩缜,144903199405222140
887b44aaebf2baedb30a8545113bac39,ret2p4ndazhangfengying,女,214833201305258964,20130525,公刘妶,75617013133,3561
77836197028,412418198411262540,3562,a1659ee20a1f67b8c96ce9c2b3def555,liuguiyingwangxiuhua,女,殷清秋,19841126
e6e42b8a10cfb3f09b9122944a65874a,男,southseasttomcat,73129305058,19950911,3563,后彭湃,480124199509115238
公休沛岚,74046577016,452491197810235873,男,19781023,56f357f64c5ae5cfb85e38f20a8efa26,3564,Firmyqianlan
77759279788,zhangbogreyd0g,869708198906169253,男,5b24a715e16a497eb33ac403f87bfc6f,东关梓洁,3565,19890616
男,75028943036,qianlanwukong,892b8c66bfc6b4e0a00321ed7bc2de33,620798200608244077,3566,公房倪,20060824
20010717,3567,78282827936,男,69522020010717877X,屋户信鸿,1d58e4e9e5174e2e571ad4fb1f3c447e,liujuanK6
男,公阅成龙,c3e9ceb7b55e095b2066c597fedfc683,619064198002141473,evi1s,3568,19800214,75799849282
芮琇莹,女,paperhookgloxec,20190705,058505201907057424,3569,78736073176,296b8feed65d85a4086517fa55fa0752
19820922,263381198209227823,liujiaVsane,3570,女,74865898500,93ba1dfbe78620a82860dd8984ee4c3c,松俊郎
0e7cf123e678111d2b9930eeb62d8caf,RajChandelwangchunmei,公玉凝珍,74624276015,20010124,937848200101240887,女,3571
3572,易彩妍,77261554688,19970718,6229dd521840258b7c6d450102acd30b,男,171536199707180255,wangminglilong
yangjingXiaoTouMingyo,尤千叶,971291201811038176,3573,77266109478,ecd9a36b438edb01f377853fc2eb42d0,男,20181103
男,icuMisakiKata,8984cd1825dc4faee135c4dc4578d29a,19950727,74963656429,951942199507278658,3574,元星
女,3575,73434462207,hachp10h1in9e,34d71f32dbddec01e49da9ee34ab4262,19930303,函井浩淼,161777199303035488
d006cbe8f9eb64cca77dc7faef953af1,游宏伯,zhangguilan,74761629877,46880419910518337X,男,3576,19910518
3577,顾春枫,oraclexz,女,19970730,79621713514,81454219970730294X,45a8a5c50a735f2894b3a91b263bf135
ce8ca7c71fd1064fc1ecd432d8c69172,蒙弘阔,lc4tzhangfang,78789675956,3578,19740123,012604197401238663,女
e9d39377f985582e57f7114b847dee05,女,20170712,3579,luomiweixiong,730498201707128569,计慧丽,75907859249
78857135483,公尚月,20120223,159920201202232421,50b68291e92c3745aad5dc4b6b46f7f3,3580,Ethan,女
75819439201,593963198410221585,zhangguilanliguizhi,a009efea850f82e1388fc67634e49b5a,女,空雨伯,19841022,3581
4d8dd2e8a3fbfd25f71c43385afa7ca0,caijijiDa7uraN0ir,77268618431,059053201203312268,女,20120331,3582,周思源
990471197003242055,4001a2bd723c5d13ff6beaf2917c61f6,19700324,3583,男,幸正卿,74773193966,wilsonSecNews
79606187080,3584,田正谊,571632200803292230,398662e1cd6cf0fd6a1ce4b2c2d82a01,20080329,男,skyofkinglovehpdoger
82866cc59a0db116fac8215f77a33593,76675064709,19721102,男,沈楚冉,zhengbao,3585,463206197211020239
995214197411211764,8554300d6efd2206d5dd82d49fdd5c29,75397390354,祁安易,19741121,女,3586,Symbo1site
73268371575,19810321,885212198103214978,男,江欣荣,658d128f20ee88e00e9607a475cdfaa5,3587,wanglanyingchybeta
19961004,Jirairyazhangqin,206212199610043383,3588,cf3f5e99a856e8caf1669e3f8ec6df3e,女,公罔思茵,73640794990
7bc77215f1d276277ec6916c91178349,77606368666,叔孙骄,男,3589,rickgrayyangfang,19980520,578928199805204073
586725201405036111,20140503,3590,liuyongevi1s,78757534110,男,东闾忆寒,da391925e814730ca9af4fd83c6412b3
20171230,牛瑞芬,75076038457,3591,topwwwanquanquan,67be2fb358a112c3aed14ab7d2eabc1f,108195201712308761,女
f797782929a79f8c7f0d2379fd74986d,894675197601280146,3592,79086080854,女,chenhaowangli,19760128,宰灵枫
公胜依美,3593,88bb4f5dced218c93f67b2744069eea1,女,evalbug0x80,73421679372,19950825,416907199508255925
工尹天佑,3594,af0a6227ebc4cccf0ebd6e20bb0c19f4,79868132216,女,20141210,ac166naishayeying,572294201412101647
崔阔,eonewbestwing,8c4018a94a42372610a84d56910b6bd5,3595,20200312,982536202003124489,女,73396444343
77648578535,de1ta,788997200101234132,3596,男,97f93c479e1628275deaeb4622f6ec86,伍朝雨,20010123
79128966442,091897200904221188,chaoweilanmaozhangyu,3597,20090422,逢庭酪,女,af495a609ff3eb8775c61eca6f668f25
e2ced0266a8ed3be512b323f43ae49b8,男,陈凡双,19931019,77232622534,3598,337897199310193415,j0k3rliufeng
女,3599,78306555024,955211201211081048,20121108,c6a7e394b81e07336beeb4631647bdc0,zhangyunNoneGirlIuh,扈丰熙
3600,男,lishulanlilin,79804540529,鲍玲羽,19830728,53754574b46209d7160a2c6aba110cb3,089495198307282178
De1taTeammoxiaosheng,78560216084,20140421,男,bda85be35f31935bf2fc58709e5e0379,能含雁,3601,791612201404218236
3602,610829cbcb5d774bcdd9428bf733dd4a,19951031,718121199510318581,neteonew,女,79113427639,寇桓
禄奇逸,173815201611051930,20161105,77335945217,男,3603,44f479c5d8b77a0fd2e6d73f9767c175,wanghongmeiidoge
闻秀如,3604,19840912,557073198409124411,5e6994ad89cf8c6d918efc646304430b,gh0stx95,男,73793041553
权德佑,19720320,fa5a0d6725a21eb8593ff26d39c45759,248924197203203523,3605,cnlonelyrainaltman,73922266624,女
公行修德,d29f45246fe6549876dc58b1103baf27,legendsecsaltyfishyufolishyuyuf1sher,73696105069,女,19950828,176237199508288129,3606
T1h2uasuper,男,76624991689,3607,20050629,659234200506292152,3dbe4103f924d050aab764d11882bbc2,窦公蓝瑟
男,19721227,劳彬,3608,139684197212279971,wuhan005kkzevip,78143338887,14fbd484bc31fbcec3acac3231e715a5
3609,田钗,666708199609189981,女,74762601535,42a1e288ca617380c6fe77540ff6d317,wangkai,19960918
lilongwxy,73544259700,邬羽洁,19950514,3610,cc8971c458b2216c2e29ee26e373a49f,男,280319199505144915
20080127,男,723d505516e0c197e42a6be3c0af910e,关其珹,zhoubolinevalbug,78471687243,709323200801270934,3611
何泰河,5b2ced4c1b081486332f9b04196eda45,男,wwwmicro8,19811224,3612,692987198112246630,73655511673
19910805,女,fe1a10e4576c9db0b40e26b9ffa38ea5,浦芸英,75574303068,997001199108051882,3613,lifeng
XishirJeary,3614,768df5213ffd2ddeac225121abef35be,73693726502,527985200510105468,20051010,叶绣,女
男,连文石,09158920151028183X,e3f2f64780dbaf698af278601a6b0950,3615,20151028,Passer6yyangxiuying,75863048189
伶舟景曜,20020128,3616,男,24aa2f85012ca0a45fa4217cbc33a738,705000200201287252,79888152595,yangmingwanglihua
男,3617,355907201910260178,77145816998,c69f5939683b0bb89248c10f51515f04,liguizhen,20191026,钱高超
695162cf473abe78048d11bf98ae515c,男,20190711,119130201907117871,3618,78293695678,XmanK6,冷成和
女,943130197701288421,a2c450791792f7cc170452ddbfa8cfd7,Glzjinchenying,79522398599,19770128,程灵竹,3619
209797197710033515,73827825180,dwfalutblogsir,男,19771003,乐怡瑶,0e390ddba6f472ae23557c55eb961493,3620
3621,ShadowGlinthexo,女,公仪吟怀,78058469124,61556e9068cdc2dd01b6754115f8279f,191066200804046728,20080404
女,蒋兴昌,2792796d8d8a3b24357aae4bfca00a52,07843019731217626X,79052618340,3622,tangguo,19731217
3623,04d9ff18a5219e471c5495eac533ded7,489163197511127987,smtptoday,女,78417938255,19751112,张惜寒
79133069314,46f227e9cf17e2e1e88b14e679047bd9,女,3624,19700108,Bibishiyan,355553197001089841,幸智渊
19700516,7365e06f45fae9067bab7abe3c4f227b,73912677998,V4kst1zSalt,董镇,男,3625,654125197005167053
公冶巧玲,20190530,女,chenlei,79941565286,dd259bd2820aba4769216fc6d16b6147,3626,628589201905305782
76645067803,3627,wyaqwutongbaike,729763198204050067,女,19820405,6ddd6392415c7bb18348979292999cfa,孙菲
20050214,fuheiK0rz3n,df709f4542f6275a51aa57dbbd0cdb28,367684200502146435,73739755156,3628,晏琼诗,男
513001201809074013,常鸿德,lihuawebadmin,69080860fb6731cf4e61c5084d6f86fd,男,3629,73471099434,20180907
3630,20050430,4d14a7f0066f0b1bbb03759a13a9e02a,74040221909,公休纯,wanglongliguiying,男,780354200504305572
3631,5afe5333ab568d8680487e6ff6945157,322439199708085877,男,75683298224,Evi1cgFlanker,19970808,史宣蓉
79529221449,3632,326306199206306570,9ca042849a68ef6da2b5e812b918b79d,伍则,yzddmr6,男,19920630
039081200106073813,76661548769,20010607,25b857b8624d9a6fa2e84bd27c961cfd,公金淑婉,developHecbi,男,3633
19981009,3e3c68e8a721b375883f59ce148d7e85,贾雅韵,121654199810097010,3634,SycloverSecurityTeamsauren,78071193116,男
9970e10bcf2bebac84f805fb82bacc69,74880378877,mochazzsafe6,3635,099929198609184288,女,19860918,邴飒
wangningliuchao,漕米莱,19781228,75910771884,698149197812287133,男,3636,7e4069dc7db767de9d55510714a9ec5c
男,19731204,73355823322,1d1d355830a55c53a9b674f6f15f12e3,440860197312045376,3637,公绪崈,cws6Seaii
3638,b0cabbe73ffaae6dc59fab1831ba7d49,871946199912010415,79547693896,男,公朱濮,Auxyliuwx,19991201
3639,男,8c12bac5e8c86cfe6ed28f90d9283b8d,716826197504172415,19750417,7ellluhrey,江刚洁,78830115903
19821028,章荣霞,049621198210281311,18efe4039a97316ec70b85bba98b9854,3640,liliangboyhack,男,79944423336
女,20020923,zhangbinlegendsec,后立群,350c9d901b7f1c73a481e240ec1b7c0b,3641,77650790646,315394200209238280
f6d19652c8f635eb88a5c93c8ec52cd7,094757201910214735,77813409424,20191021,戌建本,男,lixiuhuaEkkkkkkko,3642
892313197111215774,3643,孙姝,19711121,zhuiguangzhewanggang,77550107741,6000d3cb6adfbc13a0923560ac3431fa,男
531509197203298435,19720329,男,73863175818,d65deaa7b61cb59a934a5ad0ab724fa0,3644,wiki,扈德庸
210754199701013670,3645,19970101,wangshuaip2j,79d906ae804a4686476d6ce68c391339,78003239507,男,双端
廖夜梦,男,3646,75594831873,9ca8fd0b645db36d7a92c02d9ffad5ef,886086198206046676,19820604,daybr4ak
34b59024b559e6821d2154e6adb3754b,75736449690,男,3647,714693197511242239,胥弥海儿,19751124,gorgiasbacklion
3648,7dcc2b76ef833ebdf9bc664d4db331c4,女,19740706,73255105604,lileilnyas,糜尔芙,646565197407068122
甘先曾燕,d6b96cd1a8d0312f3548250b76c2d364,liuguilaniami,3649,20021126,75576005933,085485200211267786,女
19750721,wanglilif4ckweb,f8d155b131a21c9c249277607e17e717,609471197507217049,籍咛,77593369431,3650,女
75274980673,须汉,980519200412088688,3651,女,Orlevenchenhua,20041208,bfd3919c466169d51204b166a7a30736
3652,男,2b9386f5c107ead9b18648d74c351e17,19890427,432572198904276710,77798633262,双晋鹏,wzsiteFireBroo
lcxzhangpeng,公车芷文,19780705,804542197807058568,3653,女,5d69c68be57598970a4b8919c6ee1a5f,76696930495
77598239339,3654,男,19931014,d3b47facac9ae3f2ddf56f8ba51342b2,东乡令美,Luhreyliyan,926095199310144456
女,戴莘莘,466603200105270429,73116632050,liujianjunwanglin,20010527,4c20135936089edcc00d75b365bf772c,3655
Brucetg,b3560552fe6b947ee96970405591c203,443745199910237987,74517673383,3656,19991023,女,宁宏
3657,钱凡梦,76792756925,Gorgiask1n9,917980200909039344,女,20090903,87d5e9f4d3ecdf28d2c0714790611e30
男,共叔晓露,39cb73a82ef3be38f958fb10d5998d1c,79964212497,szfszfSheldon,3658,355655200309120019,20030912
男,884137199604170278,黎萧曼,78143669982,liwen7ell,19960417,9b4fd3011055dee5fa3e56c9d2067a68,3659
6a1222938ab0bd5904eee66dd6a1e455,女,870304198712204264,78600036642,congrongxmutsec,3660,舒洛凝,19871220
140345200406164547,3661,20040616,79020014757,hackersbxiaoyu,女,d3889e75420b37c15f9c919bf5a61276,湛樱花
19740628,女,1cb93183bd24a634f89636642131620c,3662,73522703984,MengChenwhereisk0shl,公檮达,328492197406285767
3663,zhangchaoliguihua,158467197803197631,19780319,74098274093,男,上官依美,1d7321c23d088fe8d907ae2fbd7cb993
宋文耀,20001011,3664,430130885acdaca9530aa236f1d3ec56,521991200010113746,女,77881241692,huaweiwangguiying
wangfengyingzhangfeng,女,庾惜霜,20190312,77467477675,3665,674793201903124049,7a77d0fab2e2b4b58f813d4222d928de
公玉淑,女,45918119900321022X,706935772ff88a096a7513bd90babdd8,3666,RajChandelxyz,19900321,75352564758
女,0d17613c4421e5816b377a0631d57cc4,3667,MozhuCYILMI,75955147995,慕飞,19730807,41487119730807784X
许文斌,3668,20170205,77435408301,029056201702050825,qianlan03sec,女,9ce71f204dbde6124dbb08114e5aabd6
3669,yuligetelnet,女,013859198305076483,19830507,翟安顺,c0346f0e643a165b7b1b5eb366685537,79145147899
048760197102081333,18cae35b65ff32823bec58fea9453c06,男,和宛,pupils,74058296676,3670,19710208
f7316e1c2cffd2e43fc0d49eb1f8d31c,2kbDarkRay,77796370491,19841212,990378198412120933,男,3671,满湛娟
19840914,凡闾贞怡,3672,73629936744,543667198409140761,wikiNotwo1fNotwolf,女,32ed07fead8031b79827ba49a3b1805d
73993758590,lidongmeizhangjun,男,19730217,9184af91aeada266d584c075fd80137e,56931119730217655X,3673,充乐悦
chenchaowangjianguo,92785a0134b493d53e40aaaef90a7afe,19820526,雷菡,77313635977,3674,202385198205268488,女
20090916,962312200909167376,韶依辰,73316782505,3675,男,ededaecf95f1454be514f4a942e279c4,lizhiqiangseaiiblog
75721131407,581994197306275221,女,胡毋红梅,19730627,d26455dff55ca94ea7bb9db6cb78e4ae,3676,MrRdarkeyerwyaq
79544341349,3677,875569197710230580,19771023,29dec68e2128383e5e8c8bce7d044ad8,公丘寻菡,yanglinzhangwei,女
19750825,卢杉月,3678,xishirbPJoanna,74538744326,757232197508259641,715c0b36c950b06d0c7ac5a3112106ff,女
3679,男,93609319810405573X,KINGXKxCode,19810405,6874f927342f1176f090f28f016d4782,卓雨燕,79514660416
19901104,591152199011040146,3680,NoneGirlIuhmongodb,女,沃淏,d6f726ac5ee1b83b020c460781692f78,74613368344
823bd65ecf3347ba1c4a9e34e590588e,女,19910121,907482199101219666,5am3Weaponx,3681,中叔奇逸,79959212221
296603198107046074,78510333808,国德,2a31c6bb4205285257516cd2ce6cab95,男,3682,chenyunjiheme7ell,19810704
3683,75223602240,殷欣荣,男,799617197207114753,icecolorSDante,06a5ac9504e3a3c83574cf7a6479be2d,19720711
20071124,男,c84dc84d2e4efa696856d2f10ca508ba,zhangjingnobb,200150200711247433,73088178698,公成墨,3684
3685,男,591983200303159070,20030315,75806146037,HpdogerJayl1n,龙正信,dc33bd439d0edf3c292f8f790fa3b026
014829197005121877,慕白枫,77569381267,503863f1f2e18971f943cb393865d24b,3686,男,telnetzhangchunmei,19700512
女,78467347601,5bb31dac092500394de2ee2642d7b4ce,宦谚,3687,Sn00pyiswin,996763199010075049,19901007
女,vipliuyan,73912947096,施向晨,3688,19831116,531671198311163667,d9ac9c42d6f0334441e9c96011a95d2a
75980142472,3689,bd9ca816adfdd94de71e27bbcbd1bd90,20041011,hazzelWinter3un,厨人谊,女,215195200410114863
79591490500,女,903316198203070025,wwwlirong,傅念烟,3690,19820307,39ad0a9cf7da2ba591f53828e318443a
anquankeK0rz3n,19990527,371276199905270624,a8e4f661b056bb0e0bc27ff04195c437,75841594310,女,3691,梁依辰
苏澉,77583043098,20000822,女,654bdb08299ed8c6599b17ededf848db,3692,zjicmDarkWingmanager,87636120000822116X
19880731,f3723c390aac4293215ae731e7fa09d3,3693,男,920240198807312211,77359669238,俞飞掣,backCover7feei
20150215,3694,75810636258,男,508df4cb2f4d8f80519256258cfb975f,evalbugzhProcessor,公思博艺,221072201502159674
liubingliubo,79525907576,fa319e94748e13e63899ff52de33586b,3695,甄思萌,421965200410216561,20041021,女
78776132294,417927197504287636,男,c0b11bfd391e5d7cfba130669f852c74,逢苒苒,dispa1rzhangjie,3696,19750428
乐正昂雄,3697,73719462921,a5a059fcd449a1be5f70bc3f6c410a73,男,yangxiaodiwangmei,20160831,706988201608313472
闻家颖,73696939908,20170301,男,smb,06c057ab08f620c05d23d982a60abc8d,499149201703016513,3698
693529200708063267,79065729063,董弼,wanglinwangqin,20070806,女,3699,a465c223de634d1228bfe206cc138d3b
20070401,男,510895200704016171,77619909867,严孜,b374b8aa3456014cb05b361fda82b002,3700,shentoushidaohangwilson
国伟兆,男,micro8Evi1cg,79532637955,19851029,152858198510293253,3701,160485072fc690b46e4e7243b54598a1
b0d562da6a885ee5a6ea2af16934ba6a,3702,645299200012254650,20001225,wangyingwangguixiang,74647563007,男,酆鹏飞
甘银河,d21de36737558addb71eb14816758679,77316350114,女,fupingleen0tr00tSecurityTeam,20040802,3703,376106200408022262
20050910,3704,男,77309892484,b5db75de149b3d82af71501a210fc542,元亓静,185712200509100753,xujingfuzzer
19760704,74906984999,ff72d6d4b3468359358525531537b1e8,女,3705,linkarticlesMap1e,陶书仪,051545197607042242
liuqiangzhangmin,3706,b94582e960038905d5f8095d2fc3ede4,男,78004957892,483102201902251759,20190225,葛英睿
20000807,purplerocwangxu,3707,男,963263200008072711,步文虹,8393844a4061ff17bc17ad540e963e98,78922521526
公息醉波,3708,20200127,男,305339202001275253,43cff5a1d06a14a26957b53760233e6b,wuhan005pop3,73409831363
19840113,75763643263,8d54106072e4c289b6a97d8b468657ae,liujianhualiufei,808906198401132750,公何崈,男,3709
3710,75554232203,chenlizhanglili,d92e9cc5051723ab2bcff699ac5f14e6,男,19750124,743293197501249157,茹盈
236098199802229857,74611866676,19980222,Seebugrinige,男,3711,唐承泽,4a0a5fcac6b2c8ea09c4c342f9328558
3712,358757199610240031,78153639537,19961024,男,南门敏博,802ceef9d4638beedb94b5bc26ba8f82,f4ckweb
游萦心,575540197505240540,3713,demoaustfish,90ac5264f6857a0808636eaf3042bf02,女,19750524,78948304537
77135210786,3714,pingmaoer52stu,19870610,男,516927198706107450,b9574b9b805ec128fa9c2ee28656238e,计书桃
0pnlightzhangying,公孙纨,3715,75940814309,64258819890804137X,4ee3779e51a58efbe96f7fd152c6b4c3,19890804,男
961568200909182586,Altmanuknowsec,20090918,公罔圣杰,3716,74854398438,女,01cd9df7c3817b396d9d2dd13576d2b8
白嘉怡,spaceGodot,759735199211082360,73996552925,3717,女,04bf0b44e9b5881eae2c7fdf977d9819,19921108
冬日浩文,252316197503016280,19750301,mitahliu,3718,73537349789,d30f21cff2829031afc243ce4bd24660,女
男,flanker0170u0,455331201111017471,75101250402,20111101,3719,69dac07205dd7f0741e50aef14a2a71a,陈傲之
065923198006264740,权霖,limei,3720,19800626,d93f2aabbabccd5bef568648faf2d633,73974476932,女
男,3721,工偻晓瑶,pop3dayu,79850799173,19711226,238352197112268672,98937b0d5e8b298fb84372d699791481
398771201609202518,男,4cb7e5b7160cc97c6712de91e32f514f,75939548273,3722,习冰之,cnpatrilic,20160920
冯乐逸,860738200910281870,20091028,78680698127,wangxinBey0nd,92317f606e4867d9328de182277037ec,男,3723
19811124,3724,女,159081198111248267,wangdong,73272117772,e1b5d8cbb41c1bc617486df2b602cf5a,公尚飞昂
78751696633,027781199602111486,ec1b7a4fe9e454b07113756e77e2b3b9,女,19960211,3725,公筠心,navisecDM
3726,667dc35edab268725b65502369f91894,77492165737,088792201010306766,netniexinminganquanwu,茅子濯,女,20101030
749937199308122332,53a5e9c719f1c21221498e5374c91c27,男,3727,74732776173,codemonster,19930812,朱小凡
19800410,酆俊才,73353059302,b61b4e7ff305939f84bab2c2da002898,487605198004108032,chenlongring3,男,3728
wangdongmei,213171202002091187,3729,女,6d820b14737f824151766f41c2ceae55,杨乐人,20200209,77164040556
19891201,78029585157,b897ec782e7a1f3f6037a15f72b1db7d,561773198912015954,糜鸿祯,achengburningcodes,3730,男
3731,JonathanSalwangloxec,56a7046f6cd89347a485d25f33a08af9,19900805,199473199008058776,73177558520,男,公襄高兴
19c194e2b6367986bf88c14dbb11e4a2,19970304,lnyasE99p1ant,女,75138430379,526080199703042363,3732,尹高扬
d663869812fc7a914dfb8597f767140b,女,3733,公孟璟,abcdefghijklmnopqrst,20171107,79381171811,733651201711078523
950674198505274011,e55f616790e8f2f8e7250c1a5a2c6b5a,79367983191,wangxiuhuaHecbi,男,3734,屈星汉,19850527
73922719517,3735,蔚翰学,Ethancck,744673198803180783,1dfb864a243e2b55e1b408401b116801,19880318,女
lsaferedis,苍家欣,75262007904,3736,女,eeabcecaf129ffe5eaf966c6e9e1ac14,20040612,095200200406121987
3737,198530201310133356,20131013,周睿文,0386fef78e1681866ce5c1072effbb24,男,yangminJ0k3r,78540763870
112433198906065779,戌冬莲,77133618043,男,3738,lc4twangbo,5bba2fed76d355f1bec720470d83a49c,19890606
女,849848197808319164,19780831,4696942c5bfbfdff9834e26c04d957eb,74566631102,3739,fupingimagemlt,饶琮
19800521,男,627477198005214555,3740,guest,611df3ec1d7a2fe90f501caeea36f57c,屯浑真仪,77635328006
727857201403069589,3741,女,Rvn0xsyklionsec,20140306,77399498741,任俊杰,35f78726fa43966848e4321d751f80f4
男,f49c00a53f04e86df14c7e86c6d9addb,20181112,74842549887,zhangjinglijianguo,后沈雅,350811201811127237,3742
3743,mrxnwangyang,齐学海,628304201912251247,20191225,63dd5fe5d7db6f4756e3b25ac26697d4,女,77846339232
男,5c09d3ac1f2331c1e94b4c531cbc40c0,20170225,303452201702250518,wangguironglihui,3744,75505438265,仰粟梅
1c3b212e38827f7cb169a98f7ea5a9af,74718485587,wangfengwangdandan,004808201106201345,相凝,20110620,女,3745
3746,77896524924,20040706,申怀思,vipweb,505618200407064475,男,2633af019d4b5da2880af51cd52a759c
19760706,1583bea1e73fd408c6647d4fe0f86ad4,73949163865,wangjielovesg,3747,866986197607066919,男,谷冰
3748,wanglili,男,3fda7aa62007d50d4ac02da003243831,78175449299,19981124,屯浑飞飙,887517199811242050
3749,9d9f786d5d126e41d95c57f8f419400a,75609995883,贺开霁,092896199805142758,19980514,Mistyzuozuoweila,男
593414198707305355,ac3dcb12fd0e014733b4ccaec1e7f88f,公良凡桃,3750,19870730,73293711971,yanglingwangdong,男
3751,19700625,124921197006253548,逢成周,75262822154,lyy,女,a181c2fe7c505919cb269d44365088fc
3752,598786198203199336,5c7c4cdbe0023ed3ddb351e8fe0b3db0,19820319,sayhilanzhi,卫元基,男,73315650346
79884735412,奚彩燕,125d0d502244655321fd3c3daf0dc440,女,624660201508227126,20150822,3753,wangbinwangxue
20190627,75862162395,宿米兰,1ace3d8106c185cc36ac51e55ea1aeb5,女,3754,liuyongwonderkun,329353201906274968
即墨菡,f1949236c5d596ab2a80ed6f8342428a,73369077010,19840111,女,3755,zhangxiulanzhangxiuzhen,130534198401112465
73207428604,7e40c01f8a7f2cee81dae18183eb37ef,gorgiaxx,端木羽,男,3756,19980204,047737199802047114
3757,Southseast,仉督柯拉,75035975503,男,20090518,717180200905181852,3cfb264d681a323f4c3caf85e11ac047
京城凉夏,348116197905265948,19790526,wangkunliwei,39452aef11c1ff085ab3200f9f056bb2,73640131508,女,3758
东陵玉泽,3759,a96c65b48078de4f9f54f8238077e904,691517200001255989,77564315880,女,20000125,Notwo1fNotwolfRickGray
Xyntax3as0n,455708200303261851,20030326,79699149070,丌官泰华,男,2b4bb5399cab202c75a1300df3bd70e3,3760
男,仆固柔,3761,Coco413D4rkSec,7a29d58d544fa5e46952fc35aea5f6b3,19771129,625755197711297054,75391567441
女,dac737942f49702131bbe4971e41516e,450749200107241880,卫新霁,3762,20010724,sh3lllnyas,73051774542
74533248901,南宫德水,女,891477199605116982,19960511,tomcatphithon,3763,86965d7adaceaa8c6cb90ac2febd49fe
742880198106278577,男,76676139023,函井修明,lufeiriderzhangbo,c30050913fdc4a38a3efbf95753dbc0d,19810627,3764
nMaskrepwn,16457720200501137X,20200501,男,3765,茹梦容,77371535780,b86bef32fe27f2e92e8c61b06e769f78
3766,NorthityN0rth3tygrt1st,女,78488892926,19930215,扈弘扬,746709199302157228,e3fd4ebd4950dfcda62fcefb0d3fa13a
20070812,656789200708123533,xmutsec0day,男,74867878628,3767,公施虹,ba04738132039dea6794af3e0ac680b7
男,761389199804173278,曾高岑,2c6424328160aa66028af631f21e4b29,icuMap1e,19980417,3768,78101746765
东阳元化,881093199502058931,backlionn0b0dyCN,男,bf9ac4dab681e24250e3e791ee4c62de,19950205,73615372333,3769
男,124ac1215a2e2f112f6e513b22a68f87,20060511,75615747197,即墨尔白,861771200605111979,de1tazhangyan,3770
75937001657,共叔僧,becf822acd2d82c524f9ba60347ffec9,675212201202202724,OneHoneyangfan,女,3771,20120220
3772,fdeab8b2aa07fd8fb4079a9dea96ed58,79152473880,li4n0lvwei,男,20130429,077551201304293779,衡晶
459177198309067260,19830906,74629307075,wangjianjunliguixiang,36fbc83cdec30516db03d9f06261161e,女,3773,施昊穹
公为白莲,tiantangkongqiyanghong,20041010,男,77422762305,96187020041010515X,1a67d17b3e1ca92f14462a03cb1e31cd,3774
公仲以寒,xiaoshenghenmangwangxiyu191,79836597174,男,963383200402212111,3775,20040221,7f91874648fd266ea26af75e76bfdb10
700685200205275525,75797518638,liuyuyingzhangxiurong,20020527,巴沧,女,e471a0204535b1114410f759780cc898,3776
滕闲静,wangchaoeternalsakura,6e18fa515fe0c5d27d91c3bcbf2d4b49,20080915,75704427303,男,672071200809150037,3777
女,束蓓,21b181a9c931a2808279184de7cb12ed,kangelTuuuNya,3778,78351505483,20011208,189036200112085328
509118199512244532,19951224,73121986153,胡博实,c285f5bdb46adaca683875de8d652677,3779,dwfalut,男
f4cbe2513190b01ecb30b71e0f228b18,19810513,男,75678236848,yugodwanglong,946240198105137315,3780,时意蕴
255201197401299462,austfishMisakiKata,籍子,女,19740129,3781,74706594665,3ce04214d86775d5ba32a1141e3dcdad
女,77431625430,b3fd7deaa389987d2e778c95140c8d46,公孟望舒,348301197309254448,Adogyangping,3782,19730925
窦公伟才,女,75798723934,3783,0af8dfe2250d936ad38b2333e20fbb08,d4m1tsv0w,400193201806031549,20180603
男,23d56d4447fd822082286957670a95d8,73493593499,3784,程颖,zhangyinglixiufang,973099197308319811,19730831
dog9jan,127447200412205748,3785,20041220,女,ca7b25923c57169ee30c72bff1225289,何英华,78833606347
chenfeilingering,叔孙飞语,79327647806,19940106,539320199401061512,f8526e97d4d63c5b2ca38b86ff91cd83,3786,男
webbaozisunxiuying,3787,75041508297,石雪儿,bacefcd178af7e6c5d9a3d0551b87084,女,20170304,648090201703047422
20160323,信平星渊,78889289235,63407520160323386X,fcefa6d0b5d85b3b1aa5988e477ae142,女,topsrcmitah,3788
85082120171205976X,20171205,33e206ebd6eda46f4ff6e3e47eefbe51,76677857111,Twosmi1eriskivy,甘飞文,女,3789
3790,900551ce4f92370fab0ffd3ebc074cf6,20060725,女,vnctopwww,346279200607253221,池高韵,78695831911
沃寄柔,Weaponxlimei,d92e3a7e4ec39428996dd52f46d87058,3791,924859197609130822,19760913,73414587372,女
19840711,78922437168,叔先阳荣,886290198407112583,BrieflyXyangmei,346c099a24c7257ccdb67b8a7f747689,3792,女
3793,贡诗筠,女,650721198204262385,Kingkkshiyan520,19820426,73341532497,6ec90b26eb0f0efe67eff5049736fa62
公仇浩思,chenchao,20161109,女,342558201611094329,3794,df7c98f17425f22ed86cadabbb7fca28,75718225596
男,熊子瑜,3795,572f2732383395e568e5087ddfa06d8a,yanglin,77298612432,101585199701050614,19970105
wangyulan,冬日欣欣,e20de5f535ddd798d55b3ce9a8563961,79869360848,3796,19810318,女,020894198103185743
女,73716213984,2f45ab4e85392d8d9bc212a0fe3e3524,test2p0desta,3797,景丹丹,20090308,668537200903086041
ee78f0d49e9de847e75dd95b77694413,966724201507017434,3798,乐德海,73074157379,男,20150701,comubf30f18c872cGetFlag
9728a4c86cfea37bba7085d655c2d4dc,19980912,3799,Poacherliguifang,女,牧美,74772459950,296762199809124428
20130112,女,暨政,c290da6821a48e2e531088d0ff4c44ed,73131069465,zhangming,219167201301126446,3800
657730200911030287,3801,20091103,雷冰烟,女,x14hackchenliang,78954971948,6f2826fcf2591ed7894329a4ba135f66
3802,zhaojunyangli,女,19770927,付里千亦,73972666948,287526197709270368,c089354f0d90e307f6cc7db5781239cd
20180208,3803,5954912ba5203c9f2afd1a033aa1bcea,test01zhanghong,77209392931,043573201802084311,男,边灏
e469b39df93c0b8a29b0f1361a922410,19740704,Hurricane618net9199771,女,853276197407042861,简玮奇,77670631230,3804
3805,20101208,13ec8e782f991d0b255c2b88dd672b88,c0ny1yangfan,74506963625,238500201012080043,女,祖绿兰
bodkinn0b0dy,3806,女,77454375758,e882b72bccfc2ad578c27b0d9b472a14,堵白易,755166198901130861,19890113
78094359872,20021126,19e7d665ff5530bf4baf739cfc0d4447,p0secT1h2ua,201888200211267444,3807,胜屠兰芝,女
caucTimeSHU,73079276849,22389820090504047X,58fde6abf1af43cb94fd48cc1fc55da4,男,20090504,武子菡,3808
eb85f9835fcbdad6e2a4f69f6269f2da,3809,BurningCodesdevelopment,607290197908138970,73242125242,19790813,男,宿涵衍
75927628175,邱馨蓉,publightrains,3810,20040508,女,bcaf67d65f82645360813035a6dec0c6,392355200405087560
3811,zhanglijuanwanghao,男,冉浩涆,ddd540776bdb0023b2e7f3bcf9e13999,73906880199,19781030,917544197810304978
0ba79ac53d914fbad786891bc1332079,3812,浦梦茹,20111101,wangleiliuguilan,73285879693,047675201111017015,男
19950516,74654705149,成尔芙,6d8984c8aef086207b7a9bfc5eef6e8b,3813,590632199505167228,chenjingp0rz9,女
3814,20011005,710735200110054176,73600504634,张修洁,男,gxgoodboyonline,7adebdac20773506cc76637e67d28c6f
3815,男,20040224,77722843314,韶汗,895624200402241035,d5737cfb4327654cac9c69f7706e625c,avfisherlyy
19810327,rebeyondimap,3816,男,73072629335,甄思义,102709198103279612,1176a41030ed9b8f0d82654987544259
addon5alt,19761006,3817,女,975899197610068326,4807440b74d26fe461411b58eb17fde5,越恒,75954542714
3818,360128200509107274,yangchaoliliang,a7e760211188cc8634ddf09877946a15,终恬萍,20050910,77729646747,男
chamd5,f8448ad5a1be880bc777f690eea2ea07,79392746887,3819,女,81209819950622954X,毛景山,19950622
焦文英,tiantangkongqiEvi1cg,6e5334382750d5a7c009e2294a6b8367,755870198206239948,78076572261,女,3820,19820623
1b8abd8b29f6c53296e23cbf401e0080,sinaappqingxuan,584121201505212979,75600505200,蒯彬,3821,20150521,男
3822,539095201809236333,73537787346,20180923,男,misakikata,22d7fe8c185003c98f97e5d6ced420c7,屈雁风
19700603,3823,75702825790,36748cf6225d485b061ff9e581002c55,627703197006034019,男,桂雅惠,wangdanwangxiuzhen
3824,77861536773,19990201,男,chenjunwangfeng,58230319990201063X,尹岚裳,955e37c41cba79f301153426f8065c6c
LoRexxarhuangmin,女,005262198202270086,3825,eb0b6dadbbb86543d09b98b460d9d82b,75078911916,柳蒲,19820227
07e43d4b740831a9b961e301918d318c,女,pub,19800409,汲惠美,3826,417352198004096145,78987884529
Symbo1comview,19970326,21b95a0f90138767b0fd324e6be3457b,78598033466,庞德海,3827,女,903056199703267640
女,20190814,高思琳,lingzahuopuwangjianguo,76730597192,03815817a9f7fcb5a9e5ef9ea61a8edf,3828,911514201908146643
70a2294023f4ae154352b1e640961db5,19860905,79036732474,男,668487198609055779,蒙冀,3829,virinklixue
276793200212306647,lovesgguoguang,79192610110,女,邱英资,3830,342aab02f9668ecce377dae98f85401e,20021230
RcoIlyangxue,78637914906,674209197104064411,男,cb4100b1a7a878e82294fa183507f739,3831,逯慧美,19710406
男,d1c2dcfcbfd41ce1103a25475b64f7a5,73981794461,20121116,84060320121116913X,毛雅蕊,RockySymbo1,3832
boluochuixuezhangwen,77749896685,612971201907246641,20190724,122328c8188b33355088af01c7c57f01,付里寒梦,女,3833
455f8b51a5ed4b3d7739ea94e02c6ac7,891183198806190384,女,19880619,关芫华,75015324333,3834,Bywalkswangjianhua
zhangbozhouli,544642ed21ed9cb37aae97ef4517b0e7,于天工,19770718,663603197707186531,男,77508399553,3835
liguifang,20040415,429436200404158615,男,周真,ace37fd75ffe2bce5887d30c807ea132,3836,75984448674
19850104,wutongbaikeboluochuixue,74528630404,女,工尹凡桃,065185198501043326,3837,1b848535185c47c46bbfc9e44348b9bf
376793201811137767,imlonghaosfishlost,489e57921c24e8655c82fec720d8ca03,77113471956,3838,女,公索正信,20181113
3839,lcxshasibite,b123ca5e8082bba86b943415d0985955,73449324702,左丘宏毅,613358197506029986,19750602,女
20420090379c5a5b3d7e9e53c81d49ee,66346719900406591X,3840,19900406,yulegeyuliujia,乜凯乐,男,74621722011
张溢,78404057807,9c5080a24f114857b9fc2c16d38bbb97,hl0reywanglong,3841,女,172769199512257821,19951225
19871212,75291972147,女,惠俊健,96391919871212344X,3842,NightShadowMrSong,7ea7bb86d64df3dff082e5713da78b83
538278198301241843,K0rz3ndwfalut,女,3843,司徒沛文,78172908280,18de4e357210b152bd8206007b7f6340,19830124
3844,20050403,女,79908876163,71f8908acb3830a61a4f8bf5d18a69ad,慕北晶,270792200504037360,mrxndaybr4ak
20151005,liujiechenjing,钱森莉,d60349506d45922f37a7377d2a93ff49,男,3845,767054201510056630,78927689170
女,721527202005272463,73444554903,堵沛雯,c97a1a5550cde64dba13971db4992a74,3846,HACHp1lonelyrain,20200527
3847,男,shentoushidaohang91xx,蓬星火,134918198902079355,19890207,75204472080,8206f6734b0f9d045019dc40443eb7c2
83baa10e1ff967a68b50f6625564178b,804861201305208866,3848,lnyasAryb1n,73035023244,20130520,女,顾明明
74586469417,redwangxiuying,93453819830816658X,9f9edc09461fd07edbc85d18bb926f22,19830816,女,3849,厍含双
2993bc460b4edbad317a36fa1499752b,495513199904308688,谭寻南,19990430,79195746284,女,JISEC,3850
20180322,女,3851,公索盛,160e40d8c289a3b332b4aef83893421c,liufengyingkim,73500495955,339589201803223040
3852,a7umtom0li,166213201201128777,26eab4c3b92a9209a6369f7939bfe91f,20120112,77805778937,庾阔,男
3853,78680915167,zhaominzhangqiang,756099199210176542,19921017,蔚承允,54a4cbff49794e3a817afc5525edacf1,女
9a4c4afa9161267d1641c668345e70eb,73162671819,3854,男,cn,侍其德明,931924198001213952,19800121
chaojidaheimao,3855,19840109,8158bd9eaac87ce0397bd1d73b206329,97460819840109356X,76694690935,孙妍妍,女
19910925,张若灵,75905142586,女,581183199109255949,41baa7f37b48410cafb406eaf5c8ddd5,3856,inpenetrationtestingl1nk3r
73320098381,bywalkswangzhiqiang,720594197212055459,19721205,3857,0b53b43ea298896682685c6f9a44498d,权阳煦,男
20090203,420844200902035347,女,董长丽,d5adb1821f8fe84a3980ecb0eccccaf6,78489508522,3858,lilingwils0n
19850814,公扈辅,3859,男,06198219850814637X,Lz1y,4e597c625719f17d45bd726b7ce3d51c,79334598051
1784dd92e35b7361fff85005719f636f,mongodb,女,154176199211308647,77383573943,19921130,卢珠星,3860
3861,7ellchenyan,男,780d998a4ffbe7f78d2d0cc9c252b50f,19800229,825899198002292713,78123847436,工偻斯年
c0aa6cdef558e33810ea62f10a9fdd1a,3862,76677213244,女,20120225,932369201202254465,zeddyuzhangjuan,公丘鸿达
古冶芸姝,78980324064,81f72e090eda8b90c6fdecd3b7c5f646,xdseczhangmin,女,181627197404037728,3863,19740403
77593025983,祝心慈,mengseczhangguilan,19930629,女,3864,143697199306290845,931bd0e1cc9baae10e9ff6ca7002e834
Panytucaokengchenying,女,19800203,79006738002,212416198002035929,3865,0f1d2c769679a3ea69f263cca6d049a1,容昊然
317357200710135146,20071013,龚乐怡,75328444387,3866,huiyipiaoruxuecom,女,17837192545ca37b44603fb6cef9f86a
19951101,365926199511015782,3867,p0destasaucerman,浦倩愉,女,78734801592,820acbb3f045e593efc2ccdc23580aa3
20020822,77538867057,liuyangreversing,d14a599b69f93920edf91b078902acdf,702782200208221651,段和煦,男,3868
3b2da514af296dfd9732338425e7e541,女,75710635756,20200429,常莉娉,klionseczhoujing,3869,105309202004295166
377545198806222240,68b604920f07c36abbc36a8a5ed363c2,clubSecWiki,女,游辑,77106205383,19880622,3870
3871,b6d7a185a96be1b2662af6bac0847a72,370833201204267811,ink3com,男,20120426,冷沦金文,75132813728
女,618859200006236965,73284317179,20000623,公朱午瑶,87747aa480bcece287ef268960c474a1,saurendaxiaSalt,3872
20010303,484ccc9cacbc70d0fa47998bd1c0865d,wangxuewangjie,隆蕴藉,男,79079634926,859420200103037878,3873
Hecbiliying,3874,11750119880222616X,74539380566,女,d54bf8b819a6381c70ccd0a8efbe4001,屈夏旋,19880222
77516973926,a8897521932587da118a36dade7f4528,wangxiuhuahuiyipiaoruxue,19711111,蔡刖颖,450960197111116833,3875,男
265869199703072686,19970307,guoguangliguiying,3876,欧鹏程,687ea37cc0c5d0302fe59e91404b1649,女,73229663950
4c9acd0b052691be5d9244f8e1806310,厍悦,3877,pa55w0rdwaitalone,19750901,75690310498,男,889590197509016431
SecNewsAtum,5e300b4e88de6b48f0dd2426a968acb1,77123261693,车宏伯,121738202009182041,3878,女,20200918
19840416,3879,832819198404161844,74865639600,公阅蓝尹,Venenof7Veneno,女,722169045508aaa77b933bc43aa7db91
19700424,a3dcb4d229de6fde0db5686dee47145d,屠岸安顺,liufenghexo,090747197004242851,男,3880,75800994230
3881,女,794485197308297545,于宣,437913a908deaf9322ff7591bd2b86e5,zerokeeperlizhiqiang,19730829,77114361570
78093542138,男,巢晓楠,timeshu,667891198211288535,19821128,737327d8b37b18b3f23a8e7b846517cc,3882
20170627,heikejiel0ca1,324490201706270834,平宜年,82ba988d74685f6e04e8cabb5ed9b067,3883,76669159093,男
78414471803,19761109,577811197611096016,男,3884,宫俊豪,83322f710c81462a61f82c751106e3ee,xiaozhiEvi1cg
乜书文,54414420190605047X,男,20190605,3885,xi4or0ujirai4over,66fcdf23fac2e97031cf46a099e3d582,73163631462
红英豪,9679e603607b4481025bca01d352a519,811222200202174664,0x11suifeng,3886,75546836409,20020217,女
19920826,78932010222,3887,邬慕,男,tonghuarootskysec,f87f93abbd0a9ad2ab2c1ee02b87ce90,946552199208267610
侯志明,19970519,73715014106,936500199705197512,1c19e86f36efe905ea0643d8cc9362ca,3888,男,liuguilanliujianguo
鱼爱,19740816,3889,388505197408169218,zhangshuaifoxishaonv,3d67dc0f079bb2c170d334e66dd7a54e,男,73026216725
3890,b0f627ac754cdb2d4811561f193de621,男,19900722,983834199007229931,pav1Tiaonmmn,逢兰尹,77771963555
test404wangshuai,陈文石,179572198909294339,19890929,3891,78405128066,731e0d660d3d73260eb83fb714d7f02f,男
男,3892,yangyanpingmaoer,175299197004241510,c1ca89256472f28a649327345c199bcd,75578439743,公祈乐芸,19700424
73327948142,3893,696852200604308525,20060430,邹代亦,8e28b459232ebdd3ddd411f2b4186565,l3m0nzhangming,女
19810303,邹玲玉,79989038978,213642198103039114,3894,6f82fb2fe181b4a112ce5ae0f72768a7,Klauswangjing,男
796955197903058443,topsrcchenfang,女,73172381713,19790305,祖问丝,77ce0b25f976ee94a2ce2610c7d3c937,3895
433ac5f279a6cb844bf26a45143ec2b2,富才捷,79816594980,754155201010249441,lixiuyunwulidecade,女,3896,20101024
Kirinslovesg,20101021,3897,女,78847195146,水艺,812757201010213481,71a9bd2d7a8cf790069b0113ed72ea03
e60e15a4de79b11e75708fa02cdb4785,699922199403272516,巢博实,75951203116,Seaiifupinglee,19940327,男,3898
5726b1a07826295e53e9d39589afc504,3899,19770207,700126197702071476,73787326624,充半莲,男,Rickylingering
77301601926,bbf716f644494e21158ab71999d28506,男,20181125,150186201811256077,3900,404notf0undexiahan,鲍山柏
公仲雅丽,19800429,77439312424,977206198004293785,f94758c2f0618c7d9b16fd28b2d2a4e8,3901,女,yanglinpeterpan980927
d9a9b56e58ab284917b11849ad96626e,892708200611147662,沈柔婉,20061114,73216930499,3902,lunlunbacklion,女
c2abc8487e424fc69da5ce828c442941,netblogChu,3903,公丘睿好,20120607,女,229619201206070868,73202935079
k0rz3ngodot,20021203,735064200212030783,f55a5cd8d2c69422104ec68205d4daed,3904,端木博实,女,78445122366
74801878221,0bf3f154152259e3245a80aebe6d5325,简永康,026436200209084756,404notfoundchenyuying,3905,20020908,男
cfe819bed5b34b02ccb68ab69ab2055b,男,19930401,78200517402,詹修竹,3906,anquankewangming,639339199304010418
19900624,281971199006241760,a93fc6e3f7d6f60db2f6f066d0e17108,女,菱珠轩,3907,03sec,79009139130
74795476701,步铸,bigtang,3908,571690201510161331,男,b3616f7ccf7899242bb3916413d0a173,20151016
legendsecLittenFisheraustfish,a6d255bf7b56991b3db8d08b8c240b12,81059119920216627X,厨人可佳,19920216,男,77239861314,3909
20060921,liuyingchenhui,507615200609213371,3910,禹丁辰,77160662081,3df0bc4d4c43591f8219217377112c82,男
6b8308a7551941533f6f1296e96f7063,077567200902017017,3911,20090201,怀兴生,男,wangjuan,78771009419
舒明辉,7cedf9521054a77f6f22e61c33b52f85,女,3912,576266201207318220,idogethunderjie,20120731,77169216897
cytoBendawang,785663200805288611,78420140246,3913,男,5735af324bbaf8fe64ad9f94333239e1,20080528,时忻忻
6edf2e7c55c6dd852ac9b3b84a70f34b,女,74285719951124956X,silverxmanblog,77897458592,3914,19951124,公施佳思
gh0stkeySUS,3915,499868202008299082,女,20200829,af0f3c188feff9ff426431244188d591,75306964621,江友易
30505419911008095X,6e83b6496ad97552047cfb04ed190562,weaponxdispa1r,男,古龙榜,3916,77634489738,19911008
20130514,75176247377,屯浑宏大,3917,p0secGreenm,605615201305148669,975f9f16271670e1b8e8359ae6669ac9,女
女,zhangxiuronglegendsec,81813819770311128X,19770311,勾国,3918,78242722086,b3042030e1e0653a047af3609b5bdcc9
liliwangguilan,花文德,77588044893,017123198908098330,男,4a62e52165f1249e1f9ae6d2c5be46c1,19890809,3919
853292197506108328,90eee2e33e7c251cfb2fd947701865ad,女,77369561200,xiaozhiLucien,3920,19750610,公广承颜
昌八雪,3921,男,zcbmhf1JonathanSalwan,79157279547,19791202,915742197912028819,ba94c8d2d25d1f11a49714ba00f0ba14
20120928,payloadszhangjing,梁亚玲,女,75223007886,f914e6a77c4768d92af47858b1a73ff6,936913201209285285,3922
19760402,74854851326,zhangyurepwn,女,3923,双经纶,956399197604027763,27096cfe0a1f95b7297a755ee2e43cef
3924,caf06d0d47d8bd731d90bc1b5cb82984,fi9coderwangkun,同蹄访烟,74543503656,男,781146198704239418,19870423
陈纹,dcfee42fa1811ab22be92ec7a651dd4a,女,248872198705155242,77541793201,3925,19870515,wangyangegguncle
013103197311128935,77240802713,19731112,3926,廖沛蓝,男,lihuablogs,eb15fbedf175600dd05bcc199bbb97e8
79342268949,甘公洛,19790524,3927,女,674657197905249662,05ca37265caecc22a2175b18f312dac0,processorqianhaojun
325342200510205125,ed0248a453b54a1b302a023b9d338d54,20051020,3928,女,wangchunmeichenlei,78301572622,吉白海儿
19780815,rama291041610Luhrey,854491197808154528,3929,73045536467,女,吴融,5507569c3a1a43e7e2de41899879d94f
fa73c31760f8473b3c4ccc292d41f1fc,552091198702072276,19870207,bywalksILMI,男,74002151563,3930,华绿柳
水雅昶,男,611620200001012572,3931,RockyCyrusF,75959359717,20000101,00fbdb6426be78fd1ff4d9d6f7b6049c
78760425776,程访彤,b3d5d8d6e55a4a58352489443329270d,男,343115198812034474,3932,19881203,wangleiHappyTreeFriend
男,195618200401161970,20040116,3933,75341127894,geeeez1oid,afa0511c134699ac9d6ac98bbf956225,舒恨寒
130703201407271222,00fbd6d3e86be9c1f3cd8e7f2db17505,平凉夏,V4kst1z,3934,20140727,73508797598,女
wangliJarvis,3935,男,738937201405226974,公晰森,76609976756,20140522,cb285fa79197cf947c41d8b7188de7b2
yangmei,3936,9fd21a91116362dd270f3a0f50caaf7f,309704200704203025,79946827569,女,20070420,凡闾宣
2020d747151fa8d8c549e54f432a6208,78311970475,徐灵竹,19851016,sinaappSnowming,3937,94925919851016466X,女
zhaoweiSmi1eSEC,19781224,107007197812247620,77116541367,女,3938,南郭敏叡,6b7fee4768c41378a2a48499052caf2f
142070198401175417,78788412108,3939,19840117,奚鸿雪,男,de1tazhangyuhua,297574509ac13cd2de433590f98f7748
73231213340,辛奇玮,男,3940,wolvezMicro8,20160221,6a13ed0c70a1fd0f47d8eb6e08934d25,897810201602215519
f0a34d7c1e5376850bb68c1b1179bfee,3941,812214201906302025,20190630,74052115227,女,怀影梅,lmxspace
男,78451257984,19970515,Twosmi1eexiahan,139827199705156833,73b0fe0eebdca9ccc1ab2ea50271d40b,索玲玉,3942
姜德馨,女,322680197401288360,78081449335,LucifaerBurningCodes,3943,19740128,dc654d43f376aa69656b9ff1e98be738
365667200301064611,3944,220e6adbc01a108e74b66cbcfec6622e,75135069400,20030106,lihuawolvez,游凡桃,男
19960804,幸箫笛,3945,bsmali4,646921935c0625d5804878735633231a,666418199608040030,78575595024,男
hebichuawei,男,饶姳,20090730,568729200907305835,03da6eb462850f6825436a6725f44cd5,3946,74836909144
19870815,fafb47615ddc404fccbe10a7f5ee2e39,女,伏羲兴为,081296198708157149,75663015706,3947,sqlserverjarviswang
679390199003121022,任律,0d1b81d68a190f8f4eef502aac8fd5c5,74983675113,女,19900312,3948,anquanxiaofeixialiufengying
19980803,002982199808034323,5a39e3dc68f31fb59df6d3f469afc56d,女,78092595214,3949,Ph0rseJ0k3r,公成蚩
admin1anquanwu,79677153185,3950,女,19710412,faf2ca38c02c5f2ba1c49d200a03f9fb,郏泰和,136732197104126042
214629198108075931,73112517721,bc763bb9ead5ab09a14a783ec363286f,sari3lwangna,韶丽文,19810807,3951,男
20190614,lixuemeiorleven,施祺瑞,952224201906147460,31debaf475fd307487c43695d6431794,3952,女,75288006005
77247312893,蔡康成,女,12f61ad1d93aaaebcf99e630ffc88501,3953,767749198706282843,19870628,r3kapig404notfound
441606198711092862,dea0757d97ca1d881469eb019f7bce53,3954,华浩宕,女,yangjunf4ckweb,19871109,79848417357
85742719860211691X,78509340543,汤沛柔,19860211,男,3955,a639f258e8311e559d64ae89e847ef73,rinigePa55w0rd
769134198404012252,75031388564,liuming,68f255852f91e4d61b060a15cc3da308,男,傅笑萍,3956,19840401
郁秋柳,女,chenyunzhangjun,19851030,876096198510305426,d564d73dea2afa59df1218cb4bedba98,3957,73926019509
20040814,7cbb57efb58183736b8db8a19198b70b,tiantangkongqikirinsay,75779533868,3958,644614200408142687,女,时雨旋
19940731,78139637372,02973019940731997X,男,龚逸致,ManassehZhouNightShadow,3959,e5a22c2e0224afbf5f112f7f7cc6e19e
19860327,cecaf22aace47ee19d3bc749d331bc68,男,572447198603272037,Wins0ntelnet,74675965783,平柯洁,3960
Muras4kibabyJessicaD4rkSec,376523199504010467,19950401,吉白兰尹,女,3961,79086771747,69c0a582fe3d1d8ff193cff210f0d9ca
20040718,公朱佳妍,男,75735560118,906200200407188216,76d11d5159a5773d3c5a4f433504fa3e,3962,liyuyingliguixiang
沃元良,77532863687,19860417,男,3963,405438198604173137,b01244088e53bec70eb4437e07ac8f0a,huachuantingyu
78766405255,昌莲,46f94c8de14fb36680850768ff1b7f2a,3964,liujianguo,男,012167200203295416,20020329
819817199210187477,ff501638bc58c51626820159c99c26f3,公胜明达,77656506796,3965,19921018,男,chenyongwulidecade
p1r06u3,69365519740328103X,男,3966,19740328,司空北嘉,b549055ee273d58c33e0e27e8f367dfa,75518195058
3967,73531151525,d0763edaa9d9bd2a9516280e9044d885,东宫彦慧,915801200105050086,女,xinxianquanzhishikutw,20010505
19900414,74822635604,东陵晴,c9061275c78f1e858499debe8a21bf90,女,591114199004140925,oschinazhangrui,3968
73771059384,986200199007136846,公成映安,zhangjuanlijianguo,e40f01afbb1b9ae3dd6747ced5bca532,3969,女,19900713
73461032980,祝惜霜,男,89d4dc74ccadbce0aa5168c094a461e9,19890327,566328198903270778,cnlonelyrain,3970
3971,94571980c7a8e3232f66b18aa1d55381,brucetglioneijonson,庄朕,女,131847197709309584,77115097720,19770930
78289688232,20081123,敖舱,男,ce2daf055db530b91b6c679dc8886b17,3972,xujingzhaojing,106296200811238354
73556840989,女,216844198309145664,仲孙圣,19830914,brucetgwangchunmei,3973,aaa5ee47a9eb9e49914e910bb750a88a
049921197703190583,n0tr00tSecurityTeamphithon,77521428046,女,19770319,9ebc6a04bfdc5af541cf50f9465eed2c,公索春雁,3974
20140907,MediciYanb1ue,bf20f25264e0c46a514715bfdb798e9d,男,429834201409078474,3975,73195449518,公先霆
d3108800816c5d6d7e037bc5cb174bd2,19830406,倪华辉,threezh1Decade,3976,79032546491,男,51167119830406785X
fupingleezhangkun,雍光耀,3977,77652797001,19941219,女,18046619941219416X,9206bc3fbda6a62031225e6e6b8ec1b4
4b9ef4f88797b37c1e476f81a73c92c8,78537322466,598103197408122027,后永元,3978,19740812,m3lonsingll,女
3979,73642649990,yangxiuyingliyumei,史飞章,男,198621197210282231,0ba812538e0b94dc96952c39bca18d09,19721028
女,79092323105,fa0781f8bd5c7485a7f9ed4eb631053a,蓟涵意,467970199703058729,wangyingleanote,3980,19970305
3981,男,likaivirzz,279055201806264633,狄参,bb160800f8cf59e986435ba1f659d6ec,73330288195,20180626
19971227,12c882da80f141887c8e30154cad8e09,77495964403,596881199712276631,暨德惠,男,redteamlipeng,3982
夏妙可,75693883702,zhangxiuyun,男,3983,20030317,701661200303171973,b2a96ebccfa7e4f16ce711cc290a3325
78113531604,桓欣愉,20120727,男,3984,988276201207276578,b0e79dce5fefc08561c3875ae749ee3a,chenmeievilwing
岑乐安,Lucifaer,d78d1184230b53964f649b1b6cba239a,20150325,3985,79115443485,男,397785201503253576
女,Auxy233hazzel,77672347442,46a8943685e0cbb237be4299f0ab4787,丁若雅娴,19780216,3986,61337519780216904X
79354460972,女,3987,yangjiekerlinglovsec,3aa714beca616812f286453df9e75768,吉胡欣秀,20090423,816985200904237664
20130118,咸明珠,weaponxatum,3988,689077201301183373,0fc3b4225ed79075ab6b2c4966deaa2e,77865230546,男
809169199612315255,堵征,19961231,男,990997e1de5627db79710f33260875c7,3989,78930285423,root
萧成,79957827177,670801202002021842,liuyuyingsecwiki,3990,20200202,女,800d92410c2fcdc36d721354a849b0b4
JonathanSalwanRickGray,3991,858114201907261664,74822548195,20190726,ef7beb03cffc8449a4a65c970982b1d1,郎向明,女
zhangyulanzhangming,507659197509217561,d8d9edd989f5927a6e56976f1094dcb6,3992,尹妆,74820164124,女,19750921
aa97eba124ab0c029fb7d5c37a6141b0,3993,19900513,529124199005136781,EkkkkkkkoSarielD,77701737370,董振,女
20100108,557590201001086050,3994,77248995938,56ab62e763378504fc4df40f0b25b5c3,0aKarmAtiantangkongqi,屈秀颖,男
79672292895,男,3995,kyrios,efe9040a74e6a961348f546bafb2b46d,726079199607275337,19960727,乔磊
Ne0r1dd1er,女,秦杰秀,3996,652145199205262867,75189560791,6cf626d511e1b463467eef08b27c2667,19920526
女,19740402,yanglongzhangqiang,75317383366,3997,97d371e208ff961974936946c726d9ea,602215197404021547,左丘熙华
3998,5e552aa3fb012c424792809da3707422,78233251656,zhangpingmang0,148808199201108274,男,公思冷亦,19920110
4ch12dyohlinge,934033200108289834,3999,男,119ec7be985a5a3d3645918d17e6d8eb,公仪若芳,20010828,75319000248
贡妙珍,4000,097833200209054641,79339778884,e86fdc2283aff4717103f2d44d0610f7,女,20020905,virzzPatrilic
f3513ff90d4d23328ac44781aaa3429a,男,20000514,258821200005147614,liuhui,冷沦千萍,4001,73382847606
4002,20140630,女,瞿博艺,629fb6eb538b898dc95bae5572d5fba6,74739451246,306969201406303045,test40452stu
19720306,汲益,4003,laucyunn3k0,87513019720306455X,78802728071,191911f81b5e8f4f71e9977045c2f3bb,男
bde1ee48ad93c1d102ae60f48afb4a38,女,司骏,kangelmaya66,19850122,4004,325519198501220320,74903987160
19870615,78997400707,男,冀俪,nMaskShadowGlint,129776198706158254,4005,8dcaa149d39e414ce75fedc3a39126de
fe4800f0f094a6028a39bd0934674bcf,公师高旻,4006,19770624,zhangyuzhangbo,455348197706248242,73728834703,女
20130226,77421933378,28621620130226335X,52b126b613a46cdae1855455c9e18c38,wyaqnetniexinming,4007,男,公阅希月
4008,束琇晶,b7b8de69467939eefe074b2e22ae1fc1,男,094187199702167677,Xi4or0ujichenfang,19970216,75719955761
男,77676967912,583998200102173778,f3796bae1fdb9a2b70966c5839d5e4f1,20010217,浦晗日,4009,Decadeaddon
1ff91198c5db41b85c18de9dc7b5d3ab,糜梓楠,loudongshidaiim,20171224,男,75977723826,4010,516951201712244157
4011,wangrui,9f3fecbaa968e03b55d597a4a1f697e8,283554197402256088,79846602868,禄梦柏,19740225,女
朱如意,4012,20110611,男,zhangyulan,011070201106115379,61e6f60dbbba1106a98327ecaad5b0d1,73204955423
男,4013,846209199401101437,78989734523,燕路英,19940110,4b28c5afb4175cbbf47fd16de4a0392b,sunweifengzhiqixidi
75625665243,窦晓霜,4014,167273200601318847,seaiibloglifang,d59d3ce66936246cc4c9e7682ea3b7da,20060131,女
lcxhexo,4015,583811200501058572,77854700072,伊傲菡,3f7a80a3ff98ab92c04aea7792e009f3,20050105,男
公析夏岚,19991103,74844779950,男,190523199911034870,4016,02c1daf24ae72e5bd391b2e4603110ce,overrainbowmali
男,祝渊,liuguiyinganquangongbanzhuanbiji,19720512,f724965cd07daa1645e49e775c9104d4,4017,081517197205123613,77449783925
n0b0dycn,138514197510185687,f82849be8e8a944e915673875fab0930,女,芮方雅,19751018,4018,75169927780
071308201808144966,女,nobbLionEiJonson,4019,73643841265,20180814,董卓逸,41087d82187502e2fd8ea3f90ef0a953
19950512,509950199505120973,4531e8924edde928f341f7df3ab36c70,75941383292,温平蓝,4020,男,Mistyliguihua
4021,73005944154,445934199904195016,19990419,e6f1d0859ff3f57ccfe9e40dce72049b,仆固问,huntingday,男
77783902648,逢列,xueming,d705963d26e19ff6136686ec3fe47037,20080728,438329200807287819,4022,男
女,74093256959,e78d98cd84151982af89f2b16274c74b,4023,19820101,CDUSECNuuuNya,厍华美,498586198201010267
4024,73684852255,libingcarlstar,247656f938d0125f1cf720ffd2ecd550,20041120,男,237825200411202114,甘公洋洋
bdd8e4f755ac8b34cb0b0370dd54af54,75138552294,lishuhuaPanytucaokeng,359958199911069272,19991106,男,4025,靳紫萍
60b7f44a4770de595f488ea038a80213,华锦程,女,wangbinwangxiyu,19920330,4026,549984199203302764,73998552113
男,4027,4b6ca8572691ac42b3bee151f0eb39c3,19900709,谈玉环,strcpy,461416199007090732,77262424017
73078887035,公旅芳懿,198614202010233021,7fe9dd646c2bed0c3b1a1d54cc9c7b0b,Jayl1nchenyong,4028,20201023,女
evoA7ell,873052198311118346,女,19831111,79690503896,01a1e7dadbc4f42f4da218ffa7112d40,巩伯谷梦,4029
4030,卞成美,236327198801163581,79055095160,女,Pav1liyulan,19880116,abf155e52c7228353f63c95758220c1e
79030910796,4031,女,即墨安邦,liuyulikai,20041128,159570200411281286,86c3faf620b16233ac9954e565a4d971
fd0ef4ad3a3e3ffadac8f0ce40f8f916,472783199910226885,女,19991022,liumingchenli,4032,赖娟娣,75631741241
gorgiaxxyunyu,吴臻晰,女,074990198605204986,77275363349,19860520,5be9c49858dc5074818d588ae625cb2e,4033
4034,74895055640,19780526,男,146488197805268972,69e82d48f7eb95554ae0daa38cd29eba,王永怡,bertramc
c26df1ef5ded54322e14180d3b288aa6,凡闾迎波,78049447292,男,jearymicro8,564561199204161011,4035,19920416
4036,女,20120917,公都枝,25075320120917254X,74521104681,294b7b75871eb2c26ca47224bf9e7bfc,d4rksec
祝景天,665776200204178513,4037,comuc531954533eaScarletF,3b05358db4b0aea1500dd0a85768e930,男,20020417,77254420136
a9008bfe89d6e76c1c390d043974ee85,retme7DiShenanquanxiaofeixia,王官访彤,73740598017,51797320130606351X,男,20130606,4038
4039,b42c6c7f23b52e77aeb55f122d53fe59,20131109,liunaorg,潘碧凡,男,78290451501,982683201311090079
netniexinmingTwosmi1e,75909540148,女,公刘寒天,684850197901150065,4040,9c9f026d210df657e5e03995e9f0fe77,19790115
男,122743201702086856,75969427142,ca21b2f197822a9e89bec3d9dd5394e3,wangluojinglingxujing,麴知睿,20170208,4041
78891535315,Yasengwangjianhua,694820201105063158,20110506,4042,索卷玉,9a1d504ece2169397f38a09b99b93aab,男
牛德容,661699201007019740,79302645390,女,20100701,Misakihuangxiuying,4043,529e7572d84cf3915f10281b94576821
4044,73424994215,19890119,女,500281198901191486,鲍惜雪,f4ckweblifei,fb03bf9c977e376d68c6f6b74a4695ce
4045,112787198604193949,Vancirwangshulan,678434400bc6feb948017e36b99cc017,女,19860419,75930674719,东关婷
zhanglinEX,男,73146035312,4046,20160220,80c0d3ded4c51cb83c7502a915906802,翟高达,713501201602206271
3eb322a9cfd287a76ac6a5a5f3d6c3c7,公尚鹏翼,女,4047,lixiasqlserver,154400198206016820,19820601,78864470614
19720929,女,0b3c9566292446aa342a942e13acf503,74565450404,宋星辰,blaintest404,4048,330170197209299887
19880926,lidandanrebeyond,女,通开霁,dd02b5787eb7ff2a2a016089f2e095e5,4049,78997293036,700283198809262464
19810311,郗彩静,CaligoSky,4050,74862169899,男,07442619810311443X,a208c2caa6c2e12004ed40d8bde0bcf2
4051,女,19960913,公孙优乐,852004199609131446,7a11f555d79a27cba2438f667e48b7a9,77715172915,zhangxiulanliufei
19700124,d4d8b22c2da4554d0428c6735607831d,古成祺福,437091197001245560,4052,redrainchenxiuzhen,女,79822367582
lixiangchenhui,79103555794,19740505,b54b0071495daeec0c417aa52ae4b08a,453559197405055269,韩韶仪,4053,女
091334197207075181,羿蕴藉,rcoilKyrios,19720707,77686396668,4054,女,e0ee3adab84e5004426cf8e52b3aed7b
胥弥高卓,459034202008253776,4055,7e6c31befdf0124ed20ee9cf2c5dc6f9,男,zhangxueyangmei,73022311792,20200825
yiyepiaoling,53ed61f40806da54ff1fd4d7dd2c5f17,咸霞文,19951120,4056,78172994269,女,095979199511201240
peterpan980927mylamour,许挺,73025703216,男,19730508,c953e728ab5cef5d63464ae19be764c2,4057,016849197305083152
男,南宫玄清,netfairyscanfsec,73687770588,359387199403175537,19940317,14df92696f3e1183b1db18f102f97929,4058
公休玉宸,77459782076,4059,20091110,lonelyrain,b452ee5218960dbcdc743ba4f18581a7,116067200911101717,男
Kingkkmanager,78065272302,4060,男,殳靖雁,19830602,e2942c3c6829dfe65739ca0e9244e2c0,150732198306021516
ManassehZhoud4m1ts,810f1d953ba83299ea8a21cacdfbdf6e,606520197411153223,女,78773022926,居成益,4061,19741115
4062,5df81187fa5cd1f85204b87d5803f589,19970623,869041199706232062,libozhaojun,女,75192999427,文高歌
a5c739142c0cfedb5d1da727baac274e,moxiaoshengsecice,孙嫔,男,20180412,774868201804129752,75531890875,4063
20120819,女,工尹心远,058855201208192520,73245083312,4064,48362ade17cd04b0d84467a405bf673a,comu121bf0f6b3d2caligo
女,b404,4065,78468124694,950924198011060120,19801106,容宾,c583fae4c5948d08df090ac399f8caa8
4066,b48b51990e242ba7376634e6fb9e60d1,lijieDM,20160713,魏康适,645585201607138379,75121887294,男
MengChenlizhiqiang,19710820,崎邱艳卉,11df7f5390fd2dcd52ad69b3fe27c313,4067,女,992204197108201242,74856895064
女,200617198707200449,崎邱兴修,4068,78664812823,5f14d850fbb4453a9c4fd13a8a760616,19870720,oraclezcbmhf1
狄浩大,552338199404055119,4069,liuyuhuayangtao,19940405,bbedf06febe3142d9c5f365cb99e3653,73106606971,男
75869686420,19950215,923416199502156957,58cb26366003d1bd84f8e8b361c2792a,庞承德,4070,男,cal1wangbin
女,darkwingshengqi158,79962980924,20100401,a9b549b62773a11a94a328f6d92ce695,4071,籍盈盈,488447201004014229
b95c82582f8101bd9ffe62a6454d108f,4072,陆俊悟,findneoxishir,男,623351198701062070,78226326909,19870106
20060520,xmutsecWins0n,孔飞鹏,男,75691408142,461301200605202912,4073,b1c9672a74797610819715a487392a16
19810412,e8871af57ac0aebd7cf11dcddd2132b9,富雪枫,77305409214,uknowsecwangguirong,男,024939198104126416,4074
女,bit4woowxy,党谷波,78088632670,19720118,769466197201184989,4075,7af25da4cbf26f9c0f121585d176cf71
78807385161,男,70a2b19c951016b69d923502c8a79ef0,071472200905141531,wanglihongxia,4076,20090514,叔先康顺
4077,20000324,女,songoficesnownotes,74944813080,256313200003246548,ed79927d1396b2bb4c78765f8fe11489,阙苑博
东楼萧曼,女,19860415,f1747d231453fac60f7d9617cb8b62e1,4078,78629122146,Kingkklouys,658390198604154947
116021201104195062,netfairyMagicZero,4079,女,76678866800,cdc0f2fc27800044da5af9e5e36abb63,公群雨石,20110419
73108871068,女,4080,957363198004125086,庞如霜,19800412,mozhucytiantangkongqi,29c3eea3f305d6b823f562ac4be35217
彭凝雪,男,20ba61a693ab08fede94aad0fe8a9cf7,78849008855,20010519,089959200105190373,4081,wanglijuansusers
19880524,23319819880524556X,c584a41fed7689745844776150fcb3d2,Micro8MagicBlueCH,4082,73851858909,顾蕴涵,女
女,78776389167,薛凤婷,7488e89a460c004e6154bafae44d70eb,202671201808200362,wangguirongchentao,20180820,4083
b5551495133411a8a8f08a4681ad370a,甘公天泽,76643563113,Poachern0b0dycn,女,19961201,4084,440497199612017561
4085,cb9826fbf1b79c7a22ea4cde767e757b,78152872293,男,backcover7mrxn,幸菊华,188256197112114310,19711211
20060725,东陵元甲,男,4086,1fe17508d4c2dcd9409ccc1ce977a8c2,65848020060725775X,Yiruma,73058095362
zhangkaiSingll,4087,88618320001013104X,女,77652237340,d277bafaea0de124d988dce81e8ac2e3,20001013,孔君
19830512,左人赫然,4088,73001000439,女,427842179036a6279df7f9b3084361de,402792198305123166,comviewE99p1ant
严傲蕾,wangfengyingwangxiufang,090359197211264950,19721126,2bea8d797a6bbc1b2638c229ca47a475,4089,74859879649,男
20001031,4dd8407b89e97af00d15f684471de03b,048657200010314735,me,男,4090,75357788872,工尹雪枫
270190198007140935,a59cb03b79ec8ea19a7e786acfb40fed,空相正文,4091,73124717356,zhangyuzhen,19800714,男
78401512182,20080711,coolio,c12089c92dec67d31478efbdb1e4a7c9,公冶珍瑞,600353200807117937,男,4092
015527198507011420,83683d2897f17118aaaaf8ca694ab394,女,kerlinglovseconline,4093,19850701,73526076991,勾勋
74713434002,4094,武银瑶,792340198107280346,zhangxiuhuazhaomin,女,19810728,60a15fd170a75a5427c00b2a41e5c61d
19860209,b300f84064c14dd1883e198e188e8bae,4095,346963198602091283,沃博文,anquanxiaofeixiazjicmDarkWing,女,77684515032
79373361343,wangdongLaLa,4096,孟明珠,399098201004074456,52014ec5ffeebb2c89d8ef134458438e,男,20100407
yanglilixin,女,027891198506194588,9d89a666c69f185801187026d052be2a,蓬光启,78444517214,19850619,4097
73174730236,3a840b445eee7f680f638f839768b743,19941120,dropszhijie,男,006280199411207719,4098,慎艳玲
19831121,52ec8a1a4c22d5349cd6003c6d657627,牧念芹,75093699837,Mochazzliuyuhua,男,4099,691424198311214558
4100,20050503,480b4912a4050d8846b6e83d9f34e316,酆睿文,74818693257,77446220050503701X,男,liuyuwangfang
19791224,73747116134,1phanzhanglin,4101,张秀珊,男,dfb61900597d631d124dd9f86823adb9,802325197912246350
20070104,77528691227,679a79b82be2e70143617516c7ddfeef,lihongxiarmb122,880947200701042129,戚偀,4102,女
姜键,4103,79093904614,9f78d25b19ab8836e76144135d79ba3c,863331201412180138,Auxy2334ch12dy,男,20141218
xishir,4104,19931118,乐正宜民,78140621299,男,936f7ba1c9d526ef77580843bd892c9d,750272199311185451
20070911,女,992786200709113949,6ccce73675ba3686a6b58bfb5e5a63b1,4105,公孟和歌,smbrepwn,74957463983
女,Apengchenlong,302488197203191062,范兰,4106,7f330f297c7cb499f986f5af17cfff71,19720319,79945452030
19921117,0767a187a0886d39c5b5e48ebfed4160,孙天瑞,989736199211173229,4107,eternalsakura13in,79080640171,女
19730527,77329217158,女,96e7a88cbc433afbede949e866feeb14,230676197305274024,sher10ckadmintony,4108,唐伯
男,78334757005,475950198412254818,伊微婉,e380edcd20cc5acfb65a87cf3b63f6e6,zhuiguangzheliuyong,4109,19841225
Lcy,518337199310173618,19931017,禹正雅,8ff05ef79121169f3f00890d48f36828,74046321815,4110,男
4111,77577046949,男,pingmaoer,20150603,685089201506037451,dd2887d1b43343afe75e3115f0cfc181,董雨灵
4112,73531439775,pupilsicu,4dafe4338e4741f4d48eda64976b8ca7,804943198805166613,男,廉敏学,19880516
20081202,元俊远,74533568117,92d892fabce8c779c1c996b2c200982a,578855200812023624,phith0nHcamael,女,4113
20030511,wils0nwanghua,男,891308200305117438,21e5e1cc50b0de2feae2159261063cfc,4114,74652137051,吕志学
20071125,d34fa2c77c53ab63adaab07fbe9070d3,4115,盖飞光,男,lipingB1ain,76722925571,25406720071125091X
74517363447,男,19750314,wanglijuanlixiang,4116,纪展文,f50d88594deb2ca239cfe5cb2b369ff3,371738197503140616
d0217eee8a08ec7c749ddfda32c4a207,913052200203019941,77333545538,20020301,女,劳宜年,4117,ttk7xifengweiyu
liuhuanK0rz3n,4118,男,侍其玄清,73729463173,129201200401318837,20040131,f2669eccd3f41592a6ed2d590c69c1ae
d6de3ed54104674bf1c4e051c8171b2b,4119,166714197503265683,冷晓博,女,zhangtaolovefeng,74828826036,19750326
481334022a1b6fb227854bab6fb34284,女,20111226,4120,贡思博,ZO1ROba0zi,562555201112264145,77390741840
79838b9d587dd995e0fd7ebeb929817f,74966148608,085887198911229830,19891122,4121,能瀚玥,JrXnmYiruma,男
4122,8eb467dcea0ba64eeb04fa084d3bf67c,松易,19760817,wangchunmeiomg2hei,78210266023,男,733929197608177574
78940303658,bf3bcbe98835702b958af663652d0c50,814692197211118938,平平安,4123,男,wzsite,19721111
289111199104164866,4b3a79f8fb390907dbf7bd962cbf1217,78463754339,韶承业,northitymisty,4124,女,19910416
勾奇略,3179d6555364cc9307ddc097ff8129bf,74618016726,男,lijingkerlinglovsec,412464201902094679,20190209,4125
c5838695bcd9448037dd974977b90cc0,186859201611141283,75939447145,20161114,4126,Lz1yImagemlt,宁鸿德,女
a30ca7b545cd42cf9f0d9b568dd7b701,4127,250360198801259115,zhanghongmeizhanglijuan,公若天音,79506948699,19880125,男
明鸣,liyuhua,607182198202280069,23c2287c0e829cc63759abd2f7afd8ac,75116818969,女,4128,19820228
75579853110,4129,傅子萱,896578200411060919,男,76212f126ab9f8aca0b407b5b424a325,0x002bPJoanna,20041106
335100199804245677,78222533854,19980424,男,19ede66f218015fd9df85ac886488926,4130,古里志行,liujianguolirong
男,648540201812268412,75574613548,4131,9e9a3ad522929e2c9f8ffe2f3fafa4fd,靳珠雨,lixiaohongliuhua,20181226
4132,20200816,t1h2uaredteamwing,男,17967320200816495X,奚安和,2a37ad4fc41fc1f56058716cc48706e4,77240317544
19850429,闻瑛瑶,女,989889198504298029,n0tr00tEkkkkkkko,77389361965,4133,1e5bfbc7b45bbe34858d329423e955ea
4134,lixue,19711022,049256197110229886,乜雨茹,女,78a23c5ea98ce19a22f3d273bb582d04,73473559098
845d7f986c9f6ff972b13844f49e0922,CyrusFchenchao,78051467079,女,753771198806278587,19880627,康问,4135
女,饶景曜,720602200302217987,79635004533,0ec99e1740963e994e6092fb7fc48266,20030221,wangminSwing,4136
4137,彭平安,57144120040311617X,wangqiangBurningCodes,d525dbbd82563d3b7945ed8b3e78ef6c,20040311,男,73827204465
扶清绮,2kbklaus,be1d1905fc2d61179f8212c2dfdc7629,927974201509072224,4138,78432207300,女,20150907
yuanchangxiaozhi,靳碧莹,女,4139,19880516,892225198805163360,a012e619ae64826a0e7dd4084d99d98c,79380167730
红熙怡,19940110,4140,791937199401108879,lijianhua,男,1eaac769a533786df6c256f66d3c8654,73254281016
4141,79569351882,19730409,zhangfengzhangxia,益静和,男,71946d6f6c5fd7e031f49b5191910e8b,304200197304093750
项歆美,5afca6f2aff93365744b1c27dc11d7b6,19711006,netfairylegend,449978197110067320,女,4142,75347973283
76782489601,女,暴鸿云,077875201305065062,darkr4yzhouli,4143,ae61268246c931c4160f1dbd539cc073,20130506
b595392d9a4f122bfff6f6b6ebd61e0a,男,blainlostwolf,19840105,666216198401053776,黄惜寒,4144,75858555110
女,daizibukaikoulightrains,19940408,76681181609,d43848da4b432e420cf9755458b6c279,560844199404088644,4145,厍狄婀娜
4146,123c706a2d6e4fcecaa91a4b6c2590fc,公良阳伯,78369705205,女,591472199709180089,yangziwenph0rse,19970918
169640201407041267,75880952243,女,4147,daoluogangtesenlingzahuopu,蓬兰月,8bb95a26d2d09cb1acaaabc511cf6924,20140704
liufangzhangshuai,19900226,女,窦贤淑,db9c87aaa46d893489d52589e50cd92e,4148,77331971468,339039199002260182
女,4149,VirinkJayl1n,隗清芬,75745855841,19830324,410c6f37cdeb92a93768ecc5523d7470,119201198303247746
男,邴俊楠,4150,74821921612,20180912,1c66b743b17b05067fb99d737880b0af,53624820180912241X,eternalsakura
78332116454,4151,891531887073c124543e0519391b3d73,璩仑,746496200803105623,lufeiriderlilong,女,20080310
117762197310037134,4152,4547e2781bd1d816166766fda702c7d9,78394994316,yangtaobacklion,雍可,19731003,男
cf37ef8c3779ea00be77b818a5cf002e,20111031,党鸿光,4153,wonderkun,78458078379,女,328925201110318589
余芬,yanglongfuzzer,女,774319197809272642,4154,6840c89293d5bc50fd8aa19f3292b3e0,77780180663,19780927
502739200805293876,79869717119,bb597570842f5d7905ac5b4b3856f593,20080529,男,wwwklion,4155,空相偿
747d3f976e02d76505aece842eda70d7,4156,058363198107050580,yuanchangSecNews,19810705,78781083074,池飞扬,女
libinwangxiyu,209361198805100158,19880510,蒯绣,4157,男,79550755038,2d9968ef81b138738701c2e644b1e7bc
男,沈嘉泽,Weaponxzhangguirong,883250199905307632,77127343766,76fa1c03d3af20cd2f446484b966fc57,19990530,4158
男,78143219333,wangyanghexo,连娜,4159,545938200801185872,20080118,f14d39dbe3d38c526d7cc23b189eed3c
男,ac7ce950e223cfe9aca147d56368687d,78443010665,lovefengcsdn,20200926,751030202009265558,4160,巴熙华
4161,75394603258,20000103,费文漪,男,szfszfzhoujing,400675200001034777,f0cd336e53174356b5d3ec69239970c7
36c6fb012501773bb260cfeafa3e6b8a,manage7o8v,4162,838809199503113466,公先景天,女,78014260763,19950311
19970428,167876199704289459,79063170134,4163,男,rai4overwyaq,公为成弘,a24719ff0eda748995623c588fc94392
e49c2aa3fc5533622fea719864b0b43e,20090821,公文娅芳,932827200908214077,7o8vanyu,4164,74018559796,男
谢华辉,zhangfengyingmali,374e4b235154118a763f76606189278a,男,836548202004260673,78057662764,4165,20200426
5907399b39e1331b05faf017140d9f4c,19921002,男,73934356602,4166,钱鸿禧,612955199210021215,wangfeng
男,乔冕,nxadminwywwzjj,416979198602123854,78337447128,a939123fdb4adb7b4bd321a821400f0c,4167,19860212
5e197be92aecc29cf6ff625986c2d8e0,75113640042,4168,39191619840628394X,乜惜儿,19840628,女,y11enwangxue
尤鸿远,2a025af9176b2cdd1ced5d073dfafa7b,4169,男,liujie0n0,74878531354,20160510,142789201605100276
男,乔春娇,lz1yVancir,19970506,d5a544a92fc5c0de732dc5d6617222d1,637330199705061954,4170,78684278289
4171,75161132576,20040517,姜平心,Yokeenyangxiulan,女,604639200405170623,35fd19fbe470f0cb5581884fa700610f
巨母嫦,e73c3e6edb8b73d1bee91cc67dfa7cff,78106718809,wangmeilorexxar,4172,19780328,650614197803282544,女
f0ee1800d06c65dc5f8d325bbc22e50f,19760425,threathunterMochazz,79808371794,39167819760425745X,4173,男,令狐勒
4174,79647335717,20061215,屈门森,478114200612157514,男,6c3040bb8f09a71f62d69a7c5a44d804,MediciYanfuping
243099200110114961,b55e1c1c9d17a10bc70753f58efca8c1,yangminqiyuehuo,4175,女,74549653862,宋松,20011011
4176,隆湛静,女,19771215,b70274b45175c7e7e3f454b7d22b0602,005748197712159420,79394493585,wangjinglijuan
z3r0yuhuangyong,665748d07d28ba39dba939eb90ab381d,4177,327757197902127481,73240575530,劳成双,女,19790212
苍姣妍,801751198508309880,4178,19850830,女,a66d92cacbcb69c63a629611a1558195,wangdan7o8v,73797679226
78736213436,邬含双,phith0nx95,20040327,4179,95e1705c93e1e4e644f2171ed610b262,334638200403278786,女
73265133382,zhanglinCoco413,4180,龙高岑,726196197807262728,19780726,f09eacaa6df5987077643ab6e89dcb5b,女
222991197201181835,男,柏志业,76681597853,4181,achengzhangyu,19720118,19703f2e66de1f782812f4d691227c76
huangyongzhangning,79384650832,男,国华美,19920524,10a9b942fbc6d9356382593f0203c3bc,131247199205247873,4182
517160201006056945,4183,73100655476,仲孙彤,20100605,waitaloneHpasserby,女,240d96e22a20146fc5bcb82f002f9afc
75879590781,女,037261199102175941,仲长白薇,4184,weilaveralichunmei,19910217,4ee179c17ab9d3894e9d02c9409e86a3
马景天,725c600f2c5e655e4152e647517ec833,男,250751198202065234,kim,74557661081,19820206,4185
337915200107285716,75595501960,museljh,松嘉云,dc70d0ae5307a28c9ba06161d8bea810,男,20010728,4186
漕偀,4cf3749883b8b0dc5b5c76490562d66e,4187,男,355169197404086353,19740408,77380222407,0day5Weaponx
4188,f5d4b3ffa112dd85e2b100f0f8ae27b9,20131020,75779333690,289489201310207472,能德华,bodkinHexman,男
73003705674,滕妙梦,lightrainswanggang,4189,男,66822420091124307X,20091124,f65ca4792c158ea11d67be2045295cf3
公成秋翠,secicechenmei,73768380919,4190,171806197604146926,女,19760414,23c21c3b04a333a2d62d413f7d76083e
17045920040413997X,123dayu,窦公孟夏,4191,20040413,男,78042105190,e2c76bb125655e72033f2adb37d4c136
35cc0192dc6f3f01ae5e325597791464,583555199707017463,brieflyxliulei,19970701,女,4192,79943518333,申纲
男,79189290218,郭梓涵,f18ac1971271f7b26418d6feaf61d40f,web,80810919840104043X,4193,19840104
乐正喜,007554198310236158,4194,19831023,marblueExOrigin,男,75358352575,a6d0162f111ab9d74b85e1aedca26fa3
4195,593944198510209234,liwei,奚楚冉,676ee5b492006dd51772b1cf63e7799a,男,19851020,73440168583
华悦帆,4196,571840200312251275,lihaothecosmos,75949776199,男,5481af6c98fcfdb8e7d16a98fdf73911,20031225
3928a0b517036a21e306f9ce72e22cb7,738195199008149637,19900814,73125205185,4197,liujieEX,董朋义,男
75748551877,女,rinigewangying,蔚春嫣,526356199709135946,19970913,4198,b536f9d7673583c3a525e06f59d9a5ea
师立轩,19930416,79159efd6f1819318995405c5142ed20,4199,78378358214,XiaoTouMingyoliufeng,145330199304163089,女
ZO1ROchenhao,1d38d2897b1973702a918b744362fe50,73519628941,男,4200,曹允,62543919700430647X,19700430
19791024,4201,女,liyuhuaCDUSEC,814643197910240580,75645397606,ff005c2e4575c08ed33a117b1250eb46,雷锐洁
4202,137677198501181232,95d71db6e89e4f2e45a770ff616936c8,19850118,winzhangyun,东乡正德,79104663792,男
4203,蓟伟祺,Wooyaadarkeyer,575103198902099115,bb84b231b50c9730c5f65d6933f5bd85,19890209,男,74097256098
公成劼,男,4204,788019201210170234,73ba365940782ba746b0895dcc8febb1,20121017,73094224372,zhanglihuahiourlife
75088353085,d52cfa7ed34c1ece391819b0bfb1a907,243925200006117235,20000611,公丘蔓,男,4205,zhuiguangzhesec
014760200305033812,20030503,4206,0pnlightbit4,fd06dd099a292cd88a7a75fd6727cea4,76664473290,华儒,男
凡闾浩歌,73400502500,男,b252990bd5135cd63a7d24388afadb2c,149135197905052152,liuhuagiantbranch,19790505,4207
673018201510305210,4208,男,20151030,公梧桐,77478904040,9a2443e29d84200cd5d3eeb03af8f0a9,3comchenjuan
4209,0d9ed7fb39043a227bc5eeeef2fc9c9a,530576200704136825,女,关其正平,79844610302,20070413,Auxy233
wangshuzhensafe6,73378634630,向紫桐,20070612,8e3e0448a777405e5a83199bc4724dcf,202919200706129469,女,4210
75675010194,女,35508519991203684X,43aefd09d56710d7cc3e751eafa08827,4211,JakyXman,19991203,利沛若
8809c405e8139b7fb4d9c148608ff867,车哲妍,73837899038,男,417379197005042654,Gukocaligo,19700504,4212
4213,77399051858,586599200403276559,f02adc705dde8fcbb99160d7ce45ef47,函井平蓝,fuzzer,男,20040327
皮暖梦,20000827,d0f7b134c28851479e01259af0e94221,203871200008273018,4214,5am3,74693201350,男
19920909,男,lifang,79680495320,4215,陈春嫣,556134199209093635,cdc965ecdc0bc564109a055db9650733
女,20140804,048782201408040646,4216,74903324813,蒋幼萱,yangxiulannavisec,02c425157ecd32f259548b33402ff6d3
女,76635789603,131913197408289649,inkLonelyRain,19740828,4217,c08774ae18a7327bc84072962e69dc79,顾菊霞
tanjitibPJoanna,女,4218,19810315,公祈欣颖,0461d099263210c1edefaa11b86d93ba,168937198103156623,74068748931
4219,公罔琮,19990510,75132075936,aaa6bb44d40e8cafe9ceadb8b9acd5dc,女,368283199905105221,lanzhizhangxue
wangnawangshuzhen,77210336023,64ad3fb166ddb41a2ca24f1803b8b722,19730720,960066197307204914,男,4220,公乘婷
4221,284415201702196363,杨濮,79091008183,b5c0b187fe309af0f4d35982fd961d7e,cyru1s,20170219,女
20021203,4352fa8d0f17260129ab3322a1634ff0,zhangfangx14hack,78816714005,索婷丽,917261200212036031,4222,男
138498199311303645,女,19931130,qingxuandonot,董花泽,ff18af07889f5edb88674a901d399669,4223,73211940474
4224,公山代荷,20050218,b17386aa3879acb5382ae14034f1c17f,670511200502189059,liuli,77785644128,男
79128820966,4225,704830201503225570,男,20150322,秦翠霜,tiaonmmnkctf,296210854447920c389e1c888f755c93
男,78304245686,236558a7ec33e3223db4471024833013,90781919750823281X,19750823,4226,公为乒,xuweitest2
76769481835,4227,女,034d292e1f026abce337311dcf834b20,20130223,461061201302232668,邓野云,pingmaoerB1ain
76747797517,宁寄琴,19711122,35402219711122831X,4228,3793b9fa83d7031d3271a385ebe93e15,lilingyzddmr6,男
女,78716944893,公旅怀萍,19861004,629332198610048528,4229,742f1ea25c2f36b2856153d33a1665a0,Cyru1s404notf0und
830815199404031465,ede6b50e7b5826fe48fc1f0fe772c48f,liningjiheme7ell,女,78697867629,19940403,4230,左师滢渟
471310199309065987,耿元忠,75942516784,女,c7919032c9d81ebe04045c1cd1fcc2a0,0x11omg2hei,4231,19930906
20180318,糜彦,73481118681,4232,女,248126201803186227,au1geLnyasssswin,c137f796399722460d5c15c8561bc4c1
seaiiblogHackSafewangzhidaohang,b8087be5d5dcc0b99565da90fd38e192,4233,19900517,阙英发,女,75214211426,104416199005176525
zhouweinorthity,328042deefd98b232922af437b7bda7d,褚苏娟,20060106,男,75008440144,4234,264016200601061917
patrilicFlanker,429028200001109024,5f660ea3158a7226ad4c601412176a34,4235,74767742597,女,20000110,尚远航
4236,wangjianpw,720482199201170855,19920117,男,01e62e3c56e0a33ed63f5e42b13bde7d,古里幻丝,75390038449
暴觅海,546259201111224589,4237,21232f297a57a5a743894a0e4a801fc3,20111122,女,liumeigitbook,78659853104
女,a7umGoodboy,4238,仲孙飞飙,75785189619,fc25e557c4ecc43daad3d9f237713fb3,833187198004016946,19800401
男,d5170a3e24af791ba3d674760619fcd9,74526389996,V4kst1ziami,段同甫,499377201203208232,4239,20120320
cb5ad2ebeb448368a85354bcaed4ff50,aiyocaligo,058008202001037140,女,20200103,4240,73916181826,詹翔飞
4241,05b2b9f70584279b57795943cc7e1b27,sherloczzhangming,女,卓瑾瑜,19970730,77373355853,668305199707305043
613522197907312656,64b56733887b448a360a8ad8155e6881,4242,19790731,wilsonliu,男,堵问筠,75827903563
206557198307240223,关妆,91e12dac6cde9a39f2466b14aabcb29c,4243,19830724,女,gh0sttangguo,78143124813
579687197401029067,4244,75684403217,kerlinglovseclixiulan,3a1342a09027ca54f046265f488869b4,司才艺,女,19740102
申淞,77223327967,zhangtaol3m0n,女,20010723,469733200107239448,996769a1c4530e9b905a1aca979d3fea,4245
656164198909078521,liguilanlidan,a9c9f2d3f12db4b063ac3bbf50b03488,女,19890907,73570968192,4246,韩慕涵
wangxinlitao,78803565177,25ee2128efad3c49c408204e2daad13a,东阳德义,622901197607063169,4247,19760706,女
73044573676,4248,女,19940424,546ea21728dd9e5b4fc310bf221252d6,016074199404246967,zhangkai5alt,伶舟德曜
iomicro8Gorgias,19820311,5a33f17eca3ef2ea4be4a9fdcf1a08be,男,937723198203110976,77612888922,花泰初,4249
74577166609,20040508,4250,489124200405085832,projectmoonliuxia,男,辛嘉洁,c66234a4573cf6cd5ee22fa251d4fa2d
b522d7695694aecbafb040cc6da26d7b,125469200205139721,芮梅英,79544969867,4251,女,au1geLnyasssslightrains,20020513
50a43eb2642863cde34fd5f2ba7a5b28,76720353858,女,474922198409261965,idogelihua,19840926,4252,乘马秋荷
4253,男,贝仕,fbff60e9c75269ee87ae43dce9fa02bc,149908200710042375,20071004,73609549680,AppLeU0Vancir
4254,d94cc3e670e81e20c1a6dcbeeef027ff,傅慕涵,男,ret2p4ndarj45mp,145613198705091771,19870509,78639565367
祝丽泽,20120812,79027789653,女,wangyulanchenguiying,6c8c866f3e66ddd8de9dd369e4adb1fd,4255,377525201208122783
4256,男,austfishzhangfan,19850509,78350304518,7cf50708f57a9566ca882b9eeb9eae31,403408198505093772,菱新梅
75135821166,女,cobbrwiattack,20090206,77232920090206048X,11df9baea40a071c081c0fdb149911bf,4257,曾智志
939676200712014340,76773052837,4258,wangbin,20071201,99c21556bb19e69a51bd5c080348ac6b,公广山柏,女
spacelvwei,611684201510307383,女,73017136840,36705db80b21693a752bce963d9839f7,20151030,公孙阳平,4259
b6390581e169aab507162982cb576bfa,女,4260,177967199005169889,77447696302,lioneijonsonwangluojiandao,19900516,幸惠
78124431608,447905199611247070,男,chenxiulan,514262cf2d86b8e7cf8718176e3e59c6,4261,公乘清芬,19961124
19770818,84fff345e08ed2ab47cf2640ff358bce,女,芮安翔,326493197708186347,avfisherac,4262,77486599936
c8bddab0be370971cd42fadc1a84c4e4,4263,19730528,77721837978,公伯蓉洁,Geezlimei,786661197305288088,女
公冶文虹,20130611,4264,strcpyhackjie,881512201306114253,男,78227700875,a22388ffab5a580212771fb5cf92048a
wangchaoliuyang,男,73711719890812617X,4265,19890812,79873589742,禄碧灵,1dd53bd2f3b3aea0a429de6f8e680119
8ead19ac784929f84da7a71f30de2049,4266,78082940948,atumlovesg,公析诤,364046199211226030,男,19921122
boogleyanghua,4267,男,尚智渊,63f32fd6bab22660d47f71d42a74e21b,20070130,78474834408,727750200701308678
4268,oraclewoshixiaosan,73344626905,61592020080202061X,巨母雪枫,男,bc6a4e700fca7eb9615d8fa1e111ffdf,20080202
20181031,zhangjunac,117418201810311942,池正诚,4269,女,74871397697,35663520cda133b9d4e7f2daccc8a701
公施慕凝,73357684483,a2b9e5b77634523cff4f618cb0955d61,768767197305198578,wanglanyingMitAh,4270,19730519,男
78400580655,qvqyangchao,蒲莹,558285197506030778,4271,19750603,男,41a431f9b8fa5fb2ce9b9d8ab105bbb7
20021227,78680025504,qianlanliyuying,弘孜,11444720021227228X,4272,3d477c8bbc5dc21b43ce83fd3dab9dbb,女
a239cd42573226065e1f6978cebea0fa,981397199207079225,茹嘉宝,chentaoliudan,74547907621,女,19920707,4273
1f49730f5f43caca5353525d828b0840,4274,20010507,郁翔宇,77621755514,xuweiweilavera,男,619213200105078658
男,1287641e536683bee4c8935a43614f44,77327321989,19950601,4275,788200199506010134,lengyecuijianxiong,公刘丝
男,45fa50b9d090c6af19f55c1025c13af1,耿映安,832595199702133950,19970213,patrilicchenli,4276,77706618473
中叔德义,20011025,女,XDSECwanglong,27bcb584531bd7a840b3c8c3b2f18bf9,4277,346874200110257084,79069323395
xiaomiProjectMoon,贝寻芳,4278,73148435618,19780515,283125197805153864,女,e998ff8d32a67f7f2bb88d1ddd98efb6
男,939235199807045575,司空承泽,19980704,73742689104,a467fd8cc9d05c9e94ea27abac472c66,4279,rdpdwfault
76325d161722b3780ce0389e965610be,男,65515419990728957X,78504024062,郭白莲,19990728,liujialightrains,4280
783349200412104433,bf5da5bba03065d0c9877852c71c3182,semaineblogwangxiuying,男,73426446763,20041210,4281,武昊
77748343047,女,19820828,phpinfoliumei,牧清浅,52e644f1ac1970fc6bbf136aa5bc1302,4282,848935198208280080
20011110,1f2de15d680024fca36c47e16f5c95d2,怀沛凝,568763200111108281,女,79655829634,Ph0rsechenmin,4283
yangyangweaponx,男,19881113,432056198811130336,4284,40a5aaebb24f1a9c38abcc847c17e06f,李星光,74627161032
wangkunTracy,78524700175,20020424,654823aef7da629d17e16ff550ce4cfc,慕雅楠,女,170018200204240441,4285
76687915301,20010831,公孟穆,wangyulanwangdongmei,903698200108312656,4286,男,429d63689a0813ea87fa77c3931bf263
4287,19791108,Luhreywangguihua,715407197911084189,47cec49bb5b15cf1fc59b770e45f2dbc,75314102068,女,申国政
366449198105157367,19810515,4288,79004608346,8116e3f0a593d2f8fc2bbae9b48a0168,松丽雅,Honevirzz,女
4289,74010858510,19730713,乐羊旎旎,jgeekAdog,2bd12a930c3012f9bb4e0ea9bec9a3fc,556883197307138661,女
女,62373719840418712X,76774515692,顾嘉祯,huiyipiaoruxueyulige,4290,19840418,9855894e5c3b3042e7ad16b367a1582c
19930125,mianhuageSn00py,勾白曼,9595f4735c7c635c017e928008103a4a,4291,77565384636,女,008315199301257942
20080531,暴承天,女,4292,zo1ro,640643200805319368,75085067739,34ab7d6f56b0b64a8bc62116af7bb4bc
79860529305,778227197306106122,a1b0d47ce87fa54bd1a65d30633d2437,hackdogJayl1n,谭忆翠,4293,19730610,女
4294,wangshulan,19860124,男,夏孤晴,73735577155,908533198601249954,f6de1334614e0d6fe8b73fe87148827b
公甲晓凡,女,iceH,760c34fa221e4b3aec4ccc91567ef11e,75875488877,4295,708123201903237169,20190323
sycsecluomiweixiong,169081200804028664,女,77634606608,3f0c10e9cc0e6522b64083ade21b8a88,4296,公玉经义,20080402
20200410,79373031149,4297,毕璎玑,anonymous,女,ab46502b0af3d8763d0346837d044030,58512620200410132X
4298,19810619,工师景天,e6e2e96879cb0b450bb3ec078d0cefbd,78366288035,wanghongmei,644103198106193060,女
4c2f15e3186b949a8c3e741d2cab53f6,19800128,212890198001280143,75548767371,钱碧灵,女,4299,jmpoephuawen
c5db244dbfc91ca5dc46626cc21d5594,0u0wangyu,4300,车飒,19850428,女,73551952212,822456198504283644
818217200503021181,女,758c29404a5e694e0f8c93867f511197,20050302,鄂伟兆,73829693359,4301,chenlinsk15
4302,407527197102081615,ffbda27031b6a272e7c5108eb181964a,19710208,p0destalihuaiqiu,79182479009,男,权辰
女,19851216,4303,公文英资,73863878823,160687198512165061,bccdd5aef6813f44c7f5fbe289cfd559,NoneGirlIuhzhangjun
女,古龙柔婉,1b8c7672d209df97c28fa72726350db2,4304,Xyntaxmochazz,73863739871,880641201301299240,20130129
4305,42063520090814132X,女,79377215953,高同化,ae9511f662e1b9e52454d15178f93409,Weaponx,20090814
19760225,35a104fc981d397a904b91b6a4bb7035,何丘雨双,managerB1ain,男,77546617993,349155197602250074,4306
女,元亓黎昕,4307,20130227,78421373739,ret2p4ndamisakikata,b027b171f1312ddcad7ccc7b1fb964e6,894003201302270428
79339709356,男,4308,蔚梦蕾,039114199712113715,lilizhangliang,371a87d2da173c67f59a0b893895b801,19971211
男,336100200511267414,8a6f2805b4515ac12058e79e66539be9,4309,20051126,卫羽洁,cal1momomoxiaoxi,73131235735
717380201805127926,韦玟丽,183b7ed60b7665fdc49cd911881b0b77,女,78879490173,4310,TuuuNyamali,20180512
女,893407198402234469,菱嘉言,liuwei,74864327625,f1772cacbf8c1cf6f80188968edfa9e7,19840223,4311
穆天翰,yiyepiaolingac,4312,19931001,男,160003199310013275,80481d3a8f03abc7703a1cc6268b2c46,73716992014
19840713,77333762080,liguiyingJ0k3r,4313,8d50bdeed09b7fc1c4997292c273ebef,女,740586198407134163,蒙念真
女,540799202005240224,netyiyaaixuexiwangbo,f4c9ba83d266b0c41ee126d53af58ad6,20200524,78968763968,4314,邴琳涵
587319197207289962,b1a2109ee710a8b9493f10c8937661d0,lingeringhl0rey,4315,即墨阳曜,女,19720728,74715667319
19850515,256395198505159086,4316,75194837671,胥弥心水,geeeezliujie,女,bb9bfdd22207b9dc674b6c70c31a3d9c
75599699875,水嘉珍,4317,20021030,MagicBlueCHgetshell,男,162a2b9bd01db466b83a5183f3adf0b6,554519200210306214
412652198012289512,itjarviswang,77313695857,4318,公若伟诚,男,19801228,6295fc2a1e95556d9c9a1ebac7d5f206
79926409473,4319,19940418,贺实,zhangyuzhenqiyou,男,d0f2ee2d5581e8d494fa83427ce853e9,532661199404188014
068e3a03eea56838d7e7fb5241b8f64c,79615529990,423160198801245315,eternalsakuraGeez,4320,公刘柔婉,19880124,男
905383197004118214,公宣翰,男,4321,78039371697,19700411,Rvn0xsyMisaki,63db71f9ea1c3904e6da0979ae3932e2
118784198002027341,75584539645,女,4322,19800202,8eaad478886c0f89425edd7c7a9f0f59,唐春晓,Ekkkkkkkowolvez
78129881425,849471201410134654,4323,leanotepop3,男,南郭秀慧,af5d046b3afff1226cfda61024d13b3b,20141013
女,农修文,4324,louysTomatoTom4t0,75273884041,65de29c993db08c03957a7adf17c4688,20120427,770125201204277522
富依童,19880225,571482198802256345,c66fbac494c9b535af86886bee9d5907,73912836756,4325,女,jmpoeplixiurong
diaosiguidangbijirebeyond,78610875843,20151020,女,蔡春嫣,4326,b43a813cb80fbda31e41d5c19eb8dce3,681344201510206465
byqiyounetfairy,75865624157,902540201406232746,4327,e46037c7da94fd6b0d66f4a4a792d629,20140623,女,禹芝
20190519,zhangjiandeveloper,男,edf975538ea3992a19a656e4a4e71add,4328,74888509815,公建阳文,290144201905195911
19940612,4329,e4b339337e961e0af141e188a31260e3,lingzahuopuhookgloxec,宰泰华,女,848917199406124662,74635369610
301350199807082418,男,73160382630,19980708,4330,zhoujingsafeinfo,07404c794c3b9b5afebc667d4ad7cacb,东乡沈思
74950410559,19780910,66303419780910042X,5b6c48ea5d5e03a048a0930e93b8a195,se7ensecCosmos,4331,女,费菊华
20190816,公群端,lixiuhuaqiyou,女,4332,030035201908168281,38b55f71116d619c95d659283fb596f7,78464639805
4333,男,528445200209021356,52e12836cb3b37d051afc58c35bb1588,Vsaneimap,77469816088,柏和洽,20020902
75795680205,570377199012137162,liguixiangDa7uraN0ir,4334,19901213,女,50d4a2fa9da85bfc56388d3b295b7e3f,公乘绍元
581484197412179241,19741217,凡闾楚冉,女,77100270131,4335,a3uRaliuhao,26c5ec9b6a6637863c0157841994dbb2
77184975258,b9a7256e85453ebbe6e133a9b490daef,909859200702211964,女,20070221,b1ueibey0nd,皮俊捷,4336
女,4337,Niexinming,79879099624,乜心悦,20100907,548859201009079148,9c5cf2f3090122579593d21499611f4f
b4c8fdbb4500a5da50eb302b2cb67de5,ZeroKeeperliutao,076663201211246340,20121124,75561386960,女,4338,公旗华美
76798915923,4339,15235420090926606X,Ch1ngzer0yu,伍映寒,女,20090926,c6c71c4c9c8e8f4136e2cd7dc82dcb1d
cb3985025efc99417bb3a2477d6bfcc3,符梦茹,73177261075,20021115,4340,男,xiaoshenghenmangBibi,646182200211158977
d4rksecbPJoanna,男,20030107,557914200301073252,公建蓉城,76fee55312a00cd0650cee90c10e2535,76647596683,4341
19890908,73051354732,麴贤琴,男,3c2374460b078584f62e995173c7c0c8,Da7uraN0irwangdongmei,656001198909087654,4342
713641201301035524,wangguirongzhangping,d8a6f945fb300ae368adae979a63326e,20130103,4343,女,78248235591,弘综
平妍羽,20030625,4344,cb6ab194eaab4e17efe35b558eaee67e,74813667167,638945200306251850,yugodwangyang,男
男,78282974770,2ead0dac3abe2c7e0825e7defe21d97c,4345,884115200803188355,简悍,20080318,wangdongmeirmb122
mang0gaofeng,19790808,女,940878197908082727,784e11add06e0a5c4cd2771b3d3e1b4a,曹乐安,4346,79939208279
陆烁,kirinsaymanager,250707197402153132,男,4347,6db69bae2f58f1900ce0db4fc71dfb28,19740215,78574565781
math1asbeifengpiaoran,男,78924612311,19871208,e29d410aff00a41dd7b7f700b836826e,东方曾,460597198712086876,4348
谈雅丽,7036317bfa74b871c8687f0d6bf412f8,4349,278315200707131819,20070713,73933636136,男,saltyfishyufolishyuyuf1sherliuyumei
78901445460,eb50810b199098751809d10294f84bfb,阴芫华,314969197001318987,19700131,女,4350,ZO1ROH4lo
屯浑星渊,男,4351,868322199803278931,79819820139,zsxsoftcdxy,19980327,a4dd2ef7f4ef670bf94068e48eb3e4e7
容凌晴,男,20040205,4352,rj45mpzhangfei,94d8ae8bdc3848222447357e8a1d1a35,79301799801,745128200402055078
女,19801123,25204693f8cf85c01d3b163b84037f89,78205582413,Dik1slonelyrain,4353,973879198011235548,胡毋秋荷
hackeryunenwangxiufang,4354,79668148895,逯依辰,038025199003199934,138950f1d9e796c72829fa81dcd7cb2e,男,19900319
男,9d7dd4825f7ca4a981d11534ae6b9b18,19880629,74784595983,4355,chaoge123456liuyuhua,996535198806292670,寇安安
827ba94663ef029ce486b856a2aca92b,chenjianhuaxyz,4356,19760124,女,705275197601244486,74074100788,公冶凯唱
男,75542583027,19880928,253c33eb15f56ba31ba2bc6fca20e7d6,4357,thecosmoszhang,古冶学名,533227198809289739
女,16ee77d3b2f7a81f074d6456830372c4,党忠,19930208,77877980474,4358,klionren,759762199302084520
女,20141208,78081310940,wangshuzhen,227867201412083969,4359,0af1cf29c85cc558ec4c06fb0b8dbc90,东阳烨霖
bestwingb404,4360,73145529981,男,20180205,819541201802056052,简楼兰,d9c1b58ed29b3c667872e03340314550
392312200612155917,ZeroKeeperxdsec,4361,20061215,男,0659c7992e268962384eb17fafe88364,79587521625,公罔安宜
317529d33b74a87b7363dc94a1fed977,73262076790,562261198908010120,19890801,公刘玲琅,4362,女,chenjie
264409199903250783,75604258469,19990325,Mochazzlibing,4363,92a1fc1303b98e491faa68f09847e3f9,张银瑶,女
越星剑,男,lidandan,00d03f4bfd2b72811fed5888386f5201,19720422,206333197204220370,4364,79177226696
4365,apple,苍素,20121119,男,693034201211192416,79042263057,27032267465f920a533b9d2415710823
19771029,wanghongmeieternalsakura,a4e57b3652f251748424f53392d44708,4366,78793149153,女,817882197710291824,束伟茂
053271199110289028,4c3827f5260667b331dff7af599848b9,74663622220,19911028,女,暨永琴,4367,coco413zhouyong
138fddf31c6b398b44a4706bd36ce0ef,4368,女,536136197012122789,73732226506,19701212,lixiumei,何丘小雯
lijieTimeSHU,54724719821104552X,7d673b63764b282977d4de0251b108f2,77248172758,女,4369,19821104,郗静芙
方蓉城,4370,78764453261,19820808,superuserhuawen,女,33373219820808478X,fdeff03e8c11dbefc4ef38a9bd494c32
442366201405104269,池沈靖,Greenmchenfang,4371,76626778424,1b82ca850fc4f272d107ec7ba16a4edf,女,20140510
08ef84145b81dcd98554b70c662c41ed,4372,r1dd1erjmpoep,汤和璧,571393201807210440,79177037560,女,20180721
4373,728782201905149441,zhangyulankerlinglovsec,20190514,79860694226,女,公输卓逸,fb02603021b95f90fa53dc7e9d986630
4374,单于雅彤,20040809,女,78575432308,026648200408096166,smtpseaiiblog,eaf8a744cca22d54560e67543094b350
78424674999,73777220041001942X,weblogicxiaotouming,章仇思淼,女,18a8e1f5bc3dcb086b7001dedb186351,4375,20041001
16a3ac959f773983373ac1d2daddf738,庄问筠,4376,19731016,732765197310163536,男,74617374331,Cytosinelili
项醉蝶,e20cb08f6f84c652e00986a681aa07b6,女,78757748028,813940197505307442,Poacher,19750530,4377
73837222312,卞醉卉,c3e0c4cdd6de6b5837a8362fe9022405,女,20021112,4378,188998200211121328,webadminLovegood
20190218,79098137216,即墨珹,d40bdea17adf3769c9e62bee34ef7763,女,049034201902185666,rdpK0shl,4379
20180720,f642d2aeebeed44f5c1e6de5db39a31c,77519566346,Rockyb1cx,方炜,739793201807204189,女,4380
4381,男,923e339b18147608948887b802c76fd7,20200824,hebic,75196580488,557595202008244476,工偻鹏海
P4nda,30729619981011335X,男,19981011,77624723474,雍曼易,4382,1bbd886460827015e5d605ed44252251
Zedd,75168833529,4383,20101016,c440c59e317499e2921907907ce632ec,冷沦铎,男,346142201010163457
79322806216,劳幻珊,4384,7429f01029fc2ff85596bc3c15bdda91,65449319751023925X,iomicro8white,19751023,男
78402029552,lixinin,19920703,843290199207038950,齐吏,4385,男,c8db3fbc82bd3098463add6d94a8f219
91178920160828427X,田翰音,20160828,男,scanfsecDe1tateam,4386,79592453659,7cf4c89f00e5ead1b0f9ccb91cf169df
400097201208319438,男,89823788b6530348e0eac4c15d124271,20120831,75522701263,公析兰尹,liujianguoRajChandel,4387
klkxcom,廉薰,男,4388,6ea43c46e5e1b905bd9e5f07d05a7c56,19780426,678977197804268851,77580505329
4389,20140112,女,78630118472,付里冬莲,db52c173f06c06adfb28cf90a2206b4e,839122201401124782,chenbin
19970910,寿川,4390,73358053541,男,35a84fe62f202c2f11ed3d92fb92d9c1,088242199709101536,0u0mali
女,4391,918800200603054561,20060305,麴睿达,75681738049,b6e0b2ef5047ddfab76729e1af45511a,marsMitAh
50abaab277a7dd2735f64dbf9290f54e,77256134385,iretXyntax,740624197708317563,4392,贝怀思,女,19770831
21ef6dc36dced52b0a62d7e7992f2a3e,536751200607113073,男,lijianjunOrange,20060711,终绿蝶,4393,78952638684
女,471029197912149143,77499415029,3e928315a7fe9c5c5a25eba1a8e2857a,窦雪曼,4394,19791214,Brucetg2kb
19990321,伏浩宕,4395,79852659714,757920199903215261,女,fb7354394aaceae2915924e504528bd1,yangbo
134353198701081965,孙天慧,5e063e5bb7bb3a5a85bf13817f72ba8d,19870108,lixuemeiV4kst1z,女,75925847039,4396
女,公息飘,19870810,4397,79048650097,7d393bde21a7d053b3264e14926b1b35,lingeringyanghua,734850198708100225
6406585c67745372a935b686e22881f2,19990422,228407199904220440,4398,女,73204251265,chaoweilanmaochenjianhua,后芝芳
liuyuyingqiankejiuguanluntan,4dcc85356f37a4c4227c8b286321b2bd,男,4399,933284200709230053,79916300388,工师山雁,20070923
4400,方寻琴,903103197704187929,19770418,16ef8d1fd8a7082308d97a7568d2f724,73135414790,女,wangxiuzhenhl0rey
486468199512279143,8bdb18befe956d958a38e6070e6552df,米阳州,19951227,女,73231939061,4401,Cyru1sloudongshidai
581060201805295733,f12ec5cbdd47924b277b7aae944d2126,4402,78713105050,20180529,qiyou,男,浦凯定
19910823,15ae942b5ef2a1b6952cb40ba8d1853e,仲长惠娅,男,78078810003,lina,4403,698902199108235433
637f1deea7de3060cc0f5527e083b97e,73410510277,4404,男,20140306,漕选,chentao,385092201403062811
MisakiKatafindneo,73117043817,4405,22025319921005306X,女,宋子萱,19921005,8d7aefb718f23657a7f10c36d33130d2
石如仪,8d349ae534c1935f4551360041983ace,74759916315,775050197402249860,4406,女,loveSecWiki,19740224
75817575701,790684201911131638,wangshuzhenpwn,男,4407,048689506fe9924494e0fd4faef4087f,璩冬灵,20191113
74062229786,19740325,redrainYlleny11en,女,4408,633483197403250026,94c7df89313081502f6491ea470ceee8,单于小雨
9fe19529172332d24de8cde9e812c144,男,4409,101741201505111138,20150511,束英媛,qianlandeveloper,73500180125
4410,女,807453200101248184,73796631470,20010124,桂守,0fd2070b9e7eceb7d9e9e1010bf30132,liguilanjiangsir404
女,40b388c6ccb97c9fa888db2b1c66f9f2,公何晴霞,hackersb,770432199609150140,19960915,4411,73921856511
19860523,78207772808,4412,secice0xmuhe,男,921a0ecc485e76efb240ad96b2244993,824780198605231139,贺良才
19740902,lifengyingpub,4413,女,797262197409020323,78436653537,从新林,3414c9a1b44f1649cbd360a53b5e1053
73215825444,e08ef53aa22c65c4fb411e5586472185,4414,20130101,女,limeiWhite,419006201301017126,公晰浩漫
451d83ad4d954422440aa267531ae3f6,wangjuanPolarisLab,20181124,男,4415,公孟燕星,206142201811245558,73590261593
evilwingvipread,17a268a7805061e22de7ca1cb41aa172,19821205,816540198212055179,78350900423,田德运,男,4416
祁雪儿,4417,wils0nNightShadow,19970908,74629803815,b6d9f881fba351dfb9d3ff9d4cd493ca,904084199709080656,男
女,ef92a65b411ef631eef501b70e1ab6d2,13580719931007368X,78941961146,弓莎,4418,19931007,ba0ziSheldon
男,78010859974,鲍豪,backlionliuwei,f0c2c41d7e624527d17c307841a8908d,643244200808058236,4419,20080805
女,016862198303292829,萧慧颖,4420,6702c8ae86c03bb31d1655e150aeaf97,19830329,75777082298,kangelMars
19831105,b727ec0ae6e7601ada9f07e4535e3322,76796944232,716759198311053731,男,吉白欣合,4421,zsxn3k0
523611198711220062,19871122,4422,ScarletFBey0nd,daa6c5c38975b8f48902c3a782c3177c,女,75625261530,甘公乐然
宫秀颖,男,19821128,MITREATTCKzhongwenzhan4uuuNya,4423,77538077048,7fe13b901c45feae08270b2025e675c0,276054198211280630
男,78263512547,2b048a9597ddc4073fc203768da7c3c6,4424,20040213,netyiyaaixuexilaworigin,181080200402139919,邵初彤
储喆,78766012737,20181028,女,likaiPowerLiu,ef2b89ea10fb6441149ce3fe5a3a3204,414285201810287564,4425
404407199412013584,女,19941201,费炎彬,4426,6c8eaf143a51380acbc2be4f1ac4c4d3,liuqiangwangzhiqiang,74624295445
liumeiLuhrey,男,75394135034,19730802,4427,448465197308022777,a110d54aca05a42ad1131c7833650105,公石君昊
netfairywangxiumei,19770204,4428,73146769030,80926320786ce4ba8b1f6f1c7548c1a7,卞博厚,男,792179197702042318
78890794251,20120110,4429,崎邱代曼,8e999eb6fae9f57bc160eb74458f09a8,qingxuanwhite,女,621450201201106729
75775251590,4430,d1bf5268c2f43bb8b11cea187ffdd769,男,弘实,855286198603262430,admin1sauren,19860326
75391577926,女,617465197102031361,4431,liqiangwangbin,19710203,6bcdfe3faf8d02513868ccdcc94042c3,公甲冷雪
4432,20050130,244306200501308433,孔悦和,chenjing,73625244209,17be7412a5e1aeeae329e73d473f4ba0,男
73191079979,163743198006093570,4433,贝寒天,648c6b5d2a3dafd70f6b2c557de12ac4,19800609,男,WinMinprojectmoon
4434,78992634417,11c48da5e1f4fa6de1e76210f3127916,巢安波,19901106,liushuaiVulkeyChen,男,122533199011065630
4435,3946dc9a3bc78001dca289323573430a,女,苏浩浩,liubintopwww,77640081697,20061013,183083200610131429
女,4436,77346900006,cal1yangjie,袁涵衍,935419198205055445,bfd424aac71da4444f19bec6e670278b,19820505
vnc52stu,20011121,d6832b74e69e30c532869c4a06f28491,4437,418228200111216267,75932883927,女,公旅孟阳
395151200406302281,尹任,7a158c081950571b4e7f41d34a62aecd,Xmanzhangyun,20040630,78409953026,4438,女
75547865921,男,5f8a9f7972ab2669a96ecbf9a5ccabc8,公伯环,246086198503071430,4439,sqlservermianhuage,19850307
giantbranch,c1ed457df02b7269bebb24942c8a1d06,姚崇,77644201793,197137199302249465,女,19930224,4440
毋湘君,19781117,4441,男,9d5621da2d73d2bab10a38b39577f71e,77825305079,mylamouriosmosis,566948197811176550
dropsligang,0a0e8f252f11c2ef0bbb38c35b8b9c1d,女,4442,燕修然,74637530619,19800226,92122719800226446X
20101020,男,57992720101020375X,5bb602e1337502981182a68a3c829e53,feeianyu,77359726606,4443,怀缨
730835199406120447,19940612,78465901542,女,4444,payloadsJirairya,池艳红,1a1f6e16aa656bb10fcd129c742c1476
4783ac1b073fc0985dcf9adf12bcbead,791179197911084214,19791108,男,4445,chenpengshengqi158,78452597183,能光誉
212138197206191787,女,4446,nobbchenxiulan,0124542600aafa892e1ef2c55225d556,平键,19720619,77496431477
19830502,00894b375afd73aad04c795cca282fc6,78757447736,4447,男,jianshuphpinfo,古冶黛,661226198305022759
王山柏,19940131,男,0u0qingxuan,79942502221,56a097d542d8706951fd85703e430e27,4448,145834199401318831
女,4449,20160321,马紫萍,wangguiyingnuptzj,74718797405,e6ec5b57dd81b4d8797f72a8bd27b3d8,063700201603213682
77327911042,4450,19790603,3656eedb724f9f9c3dd0c316784366e5,Whiteliukai,曾绛,734229197906036625,女
男,705065197607013837,lingeringapeng,4451,屠岸俊德,19760701,cf5b79a3204ddb495c1c8a374938191d,75077772795
122174201703225741,20170322,女,祝微婉,73869495443,4452,bc27eee34ccab9cfa1bba266a6a1267c,liujingret2p4nda
女,4453,任俊豪,20180221,77758419945,016989201802215764,wangdandanbl4ck,3546887b9339244029315eff2b5be88b
960985201411121120,a576e7d480c6c394db2b291984828e33,公敛千束,20141112,4454,女,77864624974,idogeH4lo
鄂慧艳,19830624,男,4455,cengjunjieburningcodes,75062101369,04d57f61ab378624fd0d35cefbb39178,600271198306241777
20160811,4456,女,崔仇,78266656526,470864201608112961,1beb4b123a22f8812227835932977d1b,yuagstypr
20080403,TimeSHUfirebroo,454431200804033415,男,77425247209,413524c9a398f0867ef0706606be7bc7,欧瑞云,4457
4458,80dd60e5c0d661f084a0f8a92e137d58,男,74681076890,firmianayzhanglanying,韶候,20080715,844223200807153158
4459,男,75582287513,98481f0a4f4752b94a89f326a089f4d5,公思娜,19800810,906907198008102115,zhangyuzhenMang0
20190424,12992920190424607X,52be21109ad6cb639cb26fd49509c675,宓傲丝,77649696914,4460,男,heavensecwangrui
4461,19960710,302625199607100459,公金安志,strcpyGroupT00,73037871051,男,ab257fcd42f5d906519ff17410deb8c2
4462,女,cade0ad58b844c52f07e83f53f36b654,Tr3jerCongRongCoco413,咸一南,111408200409140320,20040914,73309800590
chenpeng,女,6f2a3f8ce0e6e861d4eb6a4ceb5d7cef,4463,78332082567,20050301,公广宜欣,186490200503012262
女,75837477970,967842199003214345,19900321,12f7ecc6cac1ccb30ebff68fe69132c0,4464,northityjinglingshu,冀飞章
男,5a297cf256d9d3eb1e4d330434220795,netfairyliuqin,4465,470475200410245315,20041024,公敛熙华,74698343838
4466,女,646109197806055342,devicebugsafe,77204909868,d785c99d298a4e9e6e13fe99e602ef42,叔先北嘉,19780605
79d2aa5827f360e9617a3f7132dd96f7,75254550039,男,4467,BrucetgAlkaid,20021124,杜慧云,037336200211240030
837090200609050879,谷稼,男,20060905,75017157301,2df590eb8f6bd4946f4c090ddde4e06f,liufengMediciYan,4468
4469,794550197105081117,男,19710508,b74f03e96a54a2dc496ced888e00f4b6,WisdomTree,77387714636,乌彭丹
yasengSakura,c863413c141ec607c3907adda92d16df,20061110,阚真仪,769117200611103740,78778629426,女,4470
安雪峰,33898620061107341X,sm0nkvirtua1,78634513860,7303e756bfc4236204da4d3ffbb01120,男,20061107,4471
129852197311085812,4472,男,zhangtao,19731108,78884717954,3c6fcccf800b9652d2ac85de6c108c86,孙绿兰
pa55w0rdRocky,78419508481,f12cfcdbe68bc849199563e7c8b461b4,女,295000201211204265,20121120,4473,公晰魁
61961620100509754X,女,75023644497,20100509,liuyingwangyong,杨思宸,4474,10037a5c17c9a5371d2eaa54b634fba8
webwanghongmei,573294199701107333,4475,77372936509,114e1563e71cebf00caa6483130071b0,19970110,养春雁,男
325906197608025547,75252784414,19760802,古龙高岑,sayhiwangjian,2bfe9d9b75c32f92702266152fc10219,女,4476
76769071272,20010527,贝彩娟,女,lidandanRcoIl,955140200105270947,ca31741fe8ec31446488ffbc3e94e2cc,4477
79340692722,女,4dced4d93bf27088579d7f0b7af08eda,20100915,4478,286651201009150824,史悦婷,lijiangxgoodboy
女,538530197301029949,zhangningjinglingshu,19730102,4479,73992302808,汪涵双,d9e78020d97d37d1cb30a9f073c6ef9f
74981295488,19731225,易雁卉,66546619731225476X,Virinkhexlt,4480,女,6aa571c632598bc9b7f3e6588b4966c7
cbe59373f2d6d3a2886997c93bc1f3e7,ginove,仲孙瀛,女,20030226,75108186910,4481,990457200302267380
jianshuxia0,怀雨蓉,77700795488,4b2036aeeaea55219a47c0ea484e6fb2,男,20060802,4482,599736200608027134
appleadmin1,0f9e743bddc0fe7dfefc806252860d2d,20031206,女,75204096762,余谷蕊,580985200312060363,4483
fce114c2cd0b91e3396ce385ceb32d9d,991938199212281078,男,4484,ohlingebackCover7,19921228,75133175943,益绮思
da65a26826c8e437cfd496d069c6cbd1,男,4485,951542198104238954,79607870737,chiahaoPanda,19810423,东方七微
be52b3a7cfa2c77c007fbabf8dbfe437,77519402599,4486,132440200208146480,女,liuyuyingrickyhao,20020814,谈惠美
20201216,b9f3ed3adebf55f61e215a187387d420,395206202012166064,女,lijianhualiudan,75501854733,4487,叶思宸
籍咏歌,zhanghuawangguixiang,513657200208144071,3421b9e67d0782607679785b77f127d4,78305876312,20020814,4488,男
4489,左师嘉胜,285363197005259944,73749295444,19700525,liumin,女,6743ce905209f24402a40e1213be97b0
76697105544,4490,19881228,Wyimpakho,女,怀星阑,485156198812280720,0ee772ce402597595a0240d4a252482e
79693039912,591213197209242247,女,liujianjun,古龙冬,19720924,4491,0f2101c088ebfb7c397f4f80015ea0b8
冯啸,968055197203053339,79100872207,kkzevipio,19720305,男,d4f3677dd01b7c082c2d53e1ede264b6,4492
5980f539fd85012bcf4a080ab0b2c7a9,堵嘉佑,268048198409198272,77897089548,4493,winwangdan,19840919,男
717283198005143150,南宫玉书,lixin0x584A,男,19800514,3685a9de5d3ebb7e7a74a41888f18018,4494,73515354037
4495,公襄睿姿,021bb04dfe74015843b024ea49c08f62,lengbaikaiphithon,74598368886,19921106,男,383064199211063556
4bde98189ace8814a9cd6c3c4c294ac9,19850217,喻玉珂,79698303861,女,54367019850217258X,papercomu9c3ca1ca4784,4496
19701022,男,78715284641,1cd9dc79c7ee63fb02d7554d7a722696,窦公清霁,4497,457970197010229416,Wins0nliuhao
chenbinyangyan,伍若灵,775277198309118546,79159872936,1665a204509a181a75cc2e188c228c53,女,19830911,4498
女,762540198805037525,92390ced93840f4290b3abebf68d9d9c,75602529847,hackeryunenwhereisk0shl,公阅清霁,4499,19880503
07094ae33e3c105a716cc541d45e3a82,77174373927,lijianevilwing,4500,486448200303182230,男,20030318,沃雪峰
983380200709207450,56cc2ca6e0b0374097bba6d8a80cf409,20070920,顾思宸,75854948769,4501,男,Gorgiastangguo
男,77575471387,evi0swangjianhua,623499486e9bc644e9fd94b6e0cc7025,叔孙星晖,20040616,195072200406164439,4502
20031210,4503,817855200312103176,proz3r0yu,男,苏奇文,87f1804ef7c63ba36e4b3a795f330b23,79833002335
20081204,73873900834,lvwei,8411f96c0bdc5cb3fabd958c3627edf6,蒲天禄,男,4504,391275200812041817
034820200101088625,77492515632,20010108,3dad7911b22ede889cad8fe22ecf9e34,4505,女,谭梦泽,zhangjianhualirong
77873486246,钟欣嘉,4506,女,9b8cf6bdb2086be0173fc794b0a4e578,20140603,464032201406031183,szfszf
6005545589ffb607bc7f9f90ce44e31d,4507,左师飞瑶,77309438134,liyunhexincaijiji,19881209,56767119881209551X,男
047876198208259742,79600857487,工娄亦瑶,676818ff58423dbcc47d6696094a8971,redteamwingshengqi158,19820825,4508,女
820123201205156177,79002947295,公旗宾实,20120515,男,myh0stx14hack,a0b66eeb49c870448da3f70768bd4fee,4509
4510,78493590730,929597200211063966,20021106,4ba715503ca0b64f5d52d816dcae75e0,简莉绫,女,backlionsilver
261535201211213354,77439960892,20121121,clubqianhaojun,8b84a3285c8d2777c3c9086af67a1be0,男,戚宜嘉,4511
莘乐志,59e1ec0f31fa4b949d15599dcb58de23,77743634654,19780927,J0k3rmath1as,4512,女,152894197809273741
4513,433253200002283730,柏芸若,73132304786,c4ee70484daca702e24ed34c11a0e177,男,Xi4or0ujiChaMd5,20000228
2f0c0ddd1d3f00c037766508e5537ecc,77346755757,4514,519714202007185133,严星辰,20200718,男,lvwei0n0
464883f99b55e22e75707b0604003e85,031608199111136957,严凡,男,yangjingvipread,19911113,78504391272,4515
女,be5ff64300a7b6526d89089aed6156b0,76648208834,828426200403107948,元亓思敏,4516,20040310,l1nk3r0aKarmA
lixin,公舌弩,4517,19780505,74594070647,723627197805051275,男,b371dd01bc9efadbd292a38a00cc5e39
856648200301074244,堵林,女,yasengMoR03r,74712788566,4518,20030107,c42e412e8948b923b6ea08dd13757699
4519,yqxiaojunjielixiang,77478771696,0c127a29205bdaf370bf267acc4b351d,19830607,男,阴醉卉,436866198306079832
611432201204093017,e5fa8d25fc70e476ae63de14bedc66d7,wangyuw8ayy,73696967687,男,20120409,贺沛蓝,4520
吉白博超,chengang,a833f0d894a2c1ab4ea68463c09043f9,453450197401095148,19740109,4521,77250925253,女
040874202004268719,78710096228,iosmosisjmpoep,4522,男,3bad6af0fa4b8b330d162e19938ee981,20200426,师永贞
77636626527,男,appleGroupT00,20140213,039917201402136375,4523,a756fbdafe9b27c61e3ed68efda2b1ae,屈霆
254897200012054524,liguifangliuwei,4524,公祖新语,女,78294136485,20001205,2569d419bfea999ff13fd1f7f4498b89
女,75788457106,275864201202282589,甘公思源,evoAyulegeyu,078563f337ec6d6fedf131ddc857db19,4525,20120228
19740501,110557197405011625,daizibukaikouy11en,bcc1f4b0d3d79cf8824cb177fbd4116a,公舌松雨,4526,女,77206517520
男,73165761927,19981031,f47005a00f8c16257cde7b4cc22d1286,4527,赖含秀,liuqiangsqlserver,151605199810311812
4528,19820413,79578871623,92569719820413465X,37c9486e0149e082dbb023f4b1fcbe64,liuchaolsafe,蒯温茂,男
19771010,050352197710105012,4529,男,74843024058,zhouweixianzhijishushequ,皮珹,3966e9f2f2830a0842272e1b6aefed0f
鱼黎昕,79124229658,yangxiuyinglibing,男,485994200902111236,a890c705c080094b8c8f36bf0037f05b,4530,20090211
4a051627cc3caf2d56fc1fb4de686f9c,女,833887198312276780,admin,宓绪婷,19831227,4531,75000758233
4532,东方风华,74774927714,19770611,女,wanghao,ec1e07788504c41311ed22b2abd607b1,501767197706119063
男,4533,708302200603062939,红骄,yangpinglilong,20060306,bcec07e5ab777cb55db000445337edc1,75629578444
4534,男,79654223143,daoluogangtesen,19861110,051658198611106634,cda0c91a4f05d3b35665371db142acef,常芳媛
4535,巴沛岚,286227200811222745,20081122,78488784719,女,micro8,78742dff6a830e540a1757dc47f7c592
19900103,古龙向彤,287143a1fbda75fcc3e024fe7b2a321a,78352531083,Evi1cgliuling,男,4536,643359199001037236
8a1b33b4c9accf61dd29e97b61089853,乐羊智志,4537,男,465065197612275479,19761227,coolyangbo,73246552395
19851213,182986198512130411,73677490987,男,晏菀菀,6daa4a0ba134d87cd4bd8fc5d6b1ff52,k1n9ph0rse,4538
sfishlostliuying,4539,655043199106014328,75179786643,69d807f0e5029bb2652d4e63b1b79cfc,19910601,湛天路,女
4540,b52b6dbf1def90b0d4934c486ebe1c12,公仪柴,honeTwosmi1e,19930521,79373259935,男,341748199305212339
4541,19890617,438486198906172139,男,松良弼,74934425950,ab0e679d4f30b4ddd6795e46f55836fd,liufengsmi1e
moxiaosheng,19771021,敖音景,865679197710213541,42b6d838991c0646280d48f164194fef,女,75820857413,4542
792702200102206335,aliyun9jan,4543,男,20010220,25c1004982613b9dcbce0485ad91bf23,77779509408,邬达
19701209,76435619701209763X,wangboyanglong,4544,77616073099,褚熙熙,8697cd6a3ed164c75a8f9896f7051018,男
女,20150617,RickyHaoyangxiaodi,田恺乐,4545,d7a74f90f22252760063ffd57f8d2d00,92197520150617172X,73412145471
女,4546,班晓亦,safe6wangrong,236156197210122143,19721012,ca327e48593b78c00f0473e3ce5c19ac,77492628964
女,305566200504096426,V4kst1zSingll,78099748125,4547,20050409,3215e0fec56d1527810c6b2bccc64a2d,东乡痴梅
3869c1f114466839da4cdc0e903bcd07,男,556299200808096175,钱天华,LionEiJonsonverazuo,74685535989,4548,20080809
75928112838,男,f78a80ce30b529faee87cf280fe30bcb,19871216,屋户梦容,dayu,4549,076975198712163532
4550,茹锐精,538443201503264010,75543880486,CDUSEC,男,20150326,b50901c0f88e15180b935abd2d12317b
卢妃娜兰,wangtao,c6430dddce759234c5471c1953fb1c9a,19730601,75127956686,50803719730601692X,女,4551
19841118,易顺,75127173123,4552,8260e942e626af6ba329fcac3d2d96e4,410651198411180014,VulkeyChenSafe6,男
79641482968,103351198104305714,4553,wangluojingling,男,酆翠曼,19810430,7cb2d29364a9195c0b949835d0910d15
4554,74628070296,huachuantingyuyulige,20161023,1a0e6c5b4e1c6c6a4e30966a71a5b5f5,229386201610239657,男,甄冰之
73366607781,103cb9071e2d642a468b7feb2433c892,060625197403283758,申雅韵,19740328,zhangfangboogle,4555,男
6136f037650484f331ec76c0843e911c,4556,女,959286199112010425,公扈安安,19911201,zuozuovera404notf0und,77600989441
19840528,44cb37f0a00e3dbd79e2258e1ca459fa,女,中叔厚,liuxiulan,522967198405288461,74650306518,4557
19890221,zhaojungrt1st,男,78409589288,fb42f45c2fed80a0d62f950104d067aa,4558,徐群,101239198902213417
dwfaultcloudyu,男,19860827,褚黛娥,77352070112,4559,045646198608275118,8d6d7575e460aeaea232e331d4cf4a4b
19740624,79057413226,flanker017aye,女,995694197406248582,4560,74d738020dca22a731e30058ac7242ee,乔英逸
257292201102027522,20110202,同蹄雪萍,4561,1e980f7f88b0cd11a40b7b95a0322ff4,aiyo0x002,79185898603,女
湛凯歌,4562,136860198709095037,男,78305758760,19870909,ManassehZhouzhangyun,32a3fe1035a47c53cb5b47a313d553a3
19700422,男,98499919700422927X,zhangyu,4563,严盈,76681688045,5a59d8620c318449c8817e4a83106cba
yuligezerokeeper,19970127,78126091289,男,4564,0545ce1a9bcad775506d6eb8d6c5ea5c,253158199701276676,窦颁
94cab6a7f5e83825b270de6cff88ea28,20080602,79032896947,339760200806024438,男,容志新,zhangwen,4565
77264421413,20140813,375772201408137510,4566,notestelnet,傅问丝,男,50bc861775d9957d929f7f46874ba82d
20130719,dd03eee961d63174257781b8bacdbf86,huangxiuyingAlkaid,4567,75519494782,男,727386201307199951,毛冷菱
zhangxiufanglifang,1849f73714f7cd7ff3d84d9ace035ae6,73286611416,麴萦心,773900200705114822,4568,女,20070511
19930506,266767199305069679,code2sec,4569,关其星光,75f85d0d28790fae1c7e74693290dc94,74807537473,男
3635ff2399fea20319317cde323436c3,393574198411022537,76714645404,4570,19841102,蔡高超,男,love
li4n0pa55w0rd,19941206,公胜儋,4571,75820755868,男,241102199412069456,9756748a61788b22288a809b15920cdd
秦康乐,19730907,75962915001,341001197309076650,n3k0HappyTreeFriend,男,4572,28b2912bcb1e7760cc966d99af94bc34
75190846698,女,19700325,liuchangkn0ck,陶艳霞,4573,947785197003255261,2f935c89a791a80b4c46cd6fd72156a4
25be763833657b64411baf0f715321b4,男,76770424178,4574,隗石,413898200109272152,ioliuli,20010927
女,549276200302192561,toppro,6f9cff127642122229cf04338ea600b6,77743005409,戌坚秉,20030219,4575
79329833122,4576,女,莘奇伟,19990804,bigtangzhangkun,d24294cd8c9ad5ca11cb1c12be775e35,981945199908046924
19960702,d1996c4ef27aa12eff05a14753a06fc6,屯浑德庸,4577,ccpolarislab,78887972399,男,016549199607029752
男,4578,jkmeliuyu,00b56bda72f18c72ec9aa8d7a5114b92,20010708,燕芹悦,235144200107081556,74850090297
zhangguizhiFireBroo,牛凌雪,6693f6f4c71588e6a2c6e0a21c5be1b7,19791024,4579,男,468783197910242919,77711587946
206623197603284025,宁建章,74676705454,Goodboytonghuaroot,4580,19760328,a96fea77b67711f2c3e2b5f44403175c,女
089e67a5f7b4e489345a34638faa0bd1,男,chabugwangrui,夏棋,428740197109113954,19710911,4581,77871753583
男,75720065186,5955a7de85842262901e6f528effba52,045084201903253915,公胜知夏,4582,lixiaohongImagemlt,20190325
融若芳,男,4583,20040703,sayhi2urmomrama291041610,467976200407032579,78543932955,be25350b5f9bd68f81eb8cef8f0746e8
19931022,aa54f1a1772db9e26393532ea9e4ec1b,男,27041019931022855X,4584,74775041358,吉胡阳文,YokeenCh1ng
4585,089055199011140068,machaowangzhiqiang,cde8e3e58ab6e2d16cbe1a0ee19fe3a3,孔良材,74627854679,女,19901114
035329197102042852,男,4586,cd611a31ea969b908932d44d126d195b,79898472524,Patrilicblogs,边真仪,19710204
19710111,冷沦偀,220620197101111465,619a4fdd053acb690a598ff038cb48b5,女,inwangbing,4587,78748014597
19851020,78310096210,mang0chenlei,507732198510209024,女,公正采柳,55e3f965f741cfdf8df02e53858fc766,4588
4589,fc29a731417af821092488c12b6aa3d5,衡颖,75333664286,男,19750316,256815197503165758,JoyChou93leqingxiaojunjie
男,680769199501264231,34beed75605f15a41e269d0a3d0d73bd,19950126,75001531610,公何兴昌,cengjunjieduzidengdai,4590
19910709,5f8dbcc360a7ed19b5fe73b2188730ea,男,程琇芳,4591,880210199107094915,78443446547,chenlingwangai
贾菡,359982199208017040,女,75055883246,libodwfalut,19920801,7e4561e66fbc5517cb4083286d6bd273,4592
SycloverSecurityTeam,032161197309102521,19730910,4593,73242472970,462252cf365382a69c554cb46998ba75,女,邵语柳
19920828,4594,女,76658410260,12027cfa65a7a57fa68bbb0e1dda4bd5,陆睿彤,cjk123zhaoyong,757819199208287123
19930611,男,73201557838,skyofkingloveliguihua,4595,d8267747ab7c99d53c56ed75d0983b71,700027199306116732,项船
smbXDSEC,女,工师黎昕,77109980024,877833201501130648,4596,20150113,60931e1be1cd7ff9b28b898c96b15d48
73151981944,b5675683e99fd9d1031a6eaa6fb25d59,19701128,闻玟丽,4597,weblogiclilin,女,239779197011284545
799970200909304482,女,chenpengCyc1e,a911ffe29d913db7d61df77c9d758488,公广冰之,4598,20090930,79105696760
c9d9b253815e542b76f915637ea27a20,20170314,74803531045,lihongCaligo,女,4599,融音,906115201703140085
peterpanflag0,643826198406232748,bd157db0d76a64b1797e19c9dd0f7d12,4600,女,74715430831,陈金,19840623
78513314079,huangyongYiruma,满子欣,19870516,fa6aa4fca3f06568a9b95ecda39f9f1a,4601,男,926718198705165877
薛谚,75707599687,20051124,4602,女,sh3llzhangshulan,77ad6f3d81d65872f31047e11425b650,487970200511240322
729716200211232948,cdusecchenjuan,20021123,即墨山芙,4603,96c2965a51474dcbf2f7782b2b2bf6c2,女,73434236099
799874199212067354,4604,3510438d839d1502511e7aef9ef91cd6,19921206,边锐思,74082443952,男,GodotJarvis
229242197008317156,RicterZflag0,19700831,41832ac07af6bf2d2c6561086b5ba459,4605,平开畅,男,76696149274
男,79814567197,7976524aff5fdd464ca3db130a7b5d9c,20130221,4606,webadminLcy,784789201302216715,石宏富
邴娜兰,女,863976197211295066,4607,19721129,28db6c72bc55d0c94bd5ab5d16827639,webbaozi0u0,73278839140
女,78762884417,舒卓逸,kingxhachp1,20080515,47b6ba6660cbea511b29f1c1ede881b4,878870200805155447,4608
男,66185867b3c5b12c1a4a5ae75d00ee78,越俊民,JarvisHACHp1,249614202003172457,75839803419,20200317,4609
19871010,79949448490,4610,田新,777821198710103052,男,wangshuzhenSouthseast,ab4f76e2ac2ec07f702ed4643a6b6e4e
4611,79128350876,男,payloads,392918201411081259,20141108,2aa2eb0e0170d91e0c0c6b54d36fe7a5,凤绮
20091225,e7c16a62e9925be3b65d84fa2544a11e,76607572905,575714200912257828,4612,女,liqin,叔孙傲丝
test2comu9c3ca1ca4784,98207819900121217X,陆代亦,19900121,74736263286,4613,男,f3febf566e657c79714b41a6793146ca
女,4614,20130708,78555310480,HappyTreeFriend,傅余念巧,331284201307087144,bfdc40778e4aeb8a8b408acd20ea5bdf
男,75833940852,singllyuanchang,邱韶仪,d4d3ba8758ebc629b9d2da8feefafc49,4615,19760226,380018197602267513
77198851336,540664198811209649,女,liujianguozhangyong,19881120,d487cc675a7897b557422fff1424094e,安娆,4616
78775516016,38854484d007ee3fc19ff5b704214d04,445880198001047715,禄飞雨,4617,男,19800104,lanzhi
4618,公敏叡,diaosiguidangbijiwangmei,77830436125,19960817,46bd6f516aaed0f3abbdaf0c27a59fff,女,698584199608176989
wangjianjunliuqin,男,19890726,4619,cbbbdd851c60627b4785e3ecedc8ff3e,74965587481,邓音,813318198907261859
闻钢,19820922,353659198209221684,wangxiulanOrleven,79327672266,女,4620,4438fc033f8aef433f9db5348b70e8e5
621863198110110246,8e6160e336adde256ee1ce8cfae88335,女,19811011,75643569381,j0k3rzhangshulan,4621,甘先英彦
莘幻珊,77830007441,女,4622,19850511,378630198505113544,wanghuanliguixiang,d4775deee71b65d40c97c165545efee7
江会,437403197604157287,女,4eb9f8ecf9da707d1ec84d523a833d3d,73336761437,19760415,4623,wangjianguox14hack
19930814,480663199308140869,79619764477,潘旻,女,wangzhiqiangyangxue,65819c5a87146b3100772958ffe9d48e,4624
2a33dcb2d0c035306d0bb18c835748d4,Kirinsayzhangdan,75583948839,105983199508016070,4625,狄冬儿,19950801,男
76689019235,吴英喆,766cf57bbe37ae23f92011e53ece3311,20160418,naishayeyingxinanzhilu,4626,198900201604182747,女
厨人博实,4627,627c7902367dd7b22e8fba238c11e762,女,notwo1fssh,19950206,73845840112,317899199502062523
39ba4488eef691191eae13a43ec478ce,男,73096664182,20080105,秦哲妍,netfairylijianguo,4628,377345200801056019
女,20080224,HoneSarielD,4629,84295620080224154X,78408088745,92ba2d5c8a8c03335d8ad7c00c48a6b1,沃幻天
wikide1ta,075310198509095413,19850909,乐羊汶,4630,77f069ca062b2306e25ea2b5ff3235d5,男,75581337389
4631,73935700851,男,zhangdanhackeryunen,6f3526b1ce43721b3866b748991faaca,19891222,林芬菲,355012198912227571
02532bdc1420c1aab2c5c7699cdb4cb5,We5terwanglanying,男,648648200305252039,75318447338,项同方,20030525,4632
77446311993,19750927,dm,59e8575dd043dd5cf8197aa1ffb61189,男,660898197509276055,居艳卉,4633
19840829,bigtanglixiufang,21b8b2b78a022f16cc428a351f86b967,78156506601,郝秋翠,653261198408294940,4634,女
公之萦心,20151205,wolvezrai4over,470928201512051121,717b01ee385fd04a855085ea880c6dd7,73625609460,4635,女
685995198306207454,农马,19830620,3d3b4129782a662cff462247b7118329,yunyulihong,4636,男,75712419890
4637,aa77d26f6738f7d9451b43eadb18d4c4,张永怡,19780630,男,76710337718,MrRdarkeyerMITREATTCKzhongwenzhan,708737197806309310
女,19780324,茅金,727444197803242720,4638,73859855158,ac6a158ba021fa51450ed79b24392aa9,lorexxarwangshuai
男,Klauszhangwei,20081210,21fc5c783fc4336fb0eab90763046a03,703647200812100510,4639,77802959329,葛逸
957eb3f93c4fcfcd4cde6abdf046551a,女,4640,20100316,572475201003164980,77560126390,xinanzhiluPa55w0rd,苍娘
男,4641,19710416,lidan,73235009744,83513719710416005X,18303491dbdaa48a7f5a8bd237157163,扶勇军
15e2c7c10a00b9e8b2b2fbe1d2c8c8e9,男,19780523,20173019780523133X,79032863017,4642,广明达,dropsevoA
wangcheng,4643,495a55cec8591be21af427491f7a4b2c,20060724,男,魏英才,74607430878,325527200607242915
女,53a858a672aa5e4b0950c12b66116302,司空雅娴,20181124,302399201811242866,4644,Feeimochazz,77792446160
955720200310111379,男,3e2c4c8c112d337af5fe6be4c5aea76c,20031011,4645,79520620166,Vsane,钭宽
19930426,杨殿,4646,75807681444,happytreezhangxiurong,女,76fe5bf3f88fbb72df62bb677a4871ed,574527199304269766
73605783713,wangyuK0rz3n,男,19820401,和俊才,4647,372971198204019173,ca77e617fd249c5853917d944992016c
73847317354,男,4648,古龙鸿彩,5129ad38ef960d8e5e74d4db81576986,jisecwangdong,19771124,08561419771124627X
19750621,217837197506212486,75997361321,394cbc3010f1f9c4b59a7fafa5ee6a47,4649,女,昌彩娟,mozhucyzsxsoft
4650,969429198804199880,女,19880419,avfisherqiyuehuo,745a4067bf4a6d2434f24bba768af243,空千雁,77157270025
77374028600,89079120051124392X,20051124,4651,25578ab5e4c7125e82fa102a4fc7a49d,女,Ne0,芮建茗
20000327,男,那永逸,zhanglihua,4652,597109a264eb8fd58e8049c0c1242b73,79344464271,729260200003279379
565045201108257877,郗彦慧,20110825,79926463535,4653,男,V0Wau1geLnyassss,70a6ee8b816ec8bbb12528dd1a7b3ad1
50535eef24a4112bb5e6a0ce13a0e1ec,test01evi1cg,19820328,丌官乐咏,男,361688198203283333,78653275478,4654
K0rz3nwangdandan,乐羊蕴藉,787499197202140469,a2960b394c5f1a5d14a092009cf5a29a,74081873804,4655,女,19720214
公伯美,女,20030921,9bcb5f6558e4aade7263491b91d037f2,75299745504,JISECxinkong,009528200309214129,4656
女,连余妍,80d1ea3fd609ee99bfab0c157d4f80c0,wanglanyingzhouwei,4657,19840728,74536261834,778467198407281663
女,73164046739,班雨伯,781678200601260124,20060126,ab8b64b1dc58ad05bfd52ea34aeef323,4658,LonelyRain
w8ayychenjuan,762363201007315437,20100731,4659,73372175456,男,公仲莎莎,b538c6fd231ef0fbf7f09fe393663cf8
4660,女,e6f0154d509e5511dde1b5ee2ab0d083,135784198306021580,郭纪颖,Mourzhangjianguo,76784523597,19830602
d544e8cf9664d114ec42bcd4a80cec7b,男,d4m1tsliuhong,407706197311033053,19731103,4661,78136924264,慕清婉
19720501,卞滢,男,4a2931fb587d3bf20300267366fabe7d,4662,bigtanglufe1,14462619720501213X,75585542270
19970704,4663,wangxiuzhenrepwn,女,祖惜雪,874176199707046483,73416737020,07fa23a0429614f6dbb4e386b3dc678f
20060307,081377200603079144,74708098374,netblogFireBroo,58a93bc77baf23c8001330687b41285c,公若平松,女,4664
男,643973201704208011,77854157668,61a3709e72f40fd860851791aaecd1ee,工娄高,20170420,virzzProcessor,4665
空相乐容,73861127751,c0ny1lidongmei,男,d9fbdc994c85363c485a839c125b2216,337537200702133510,20070213,4666
77248850747,612322200212011251,6567a147b5fa17592145fe9307adfeb3,男,谢献仪,20021201,lishulancarlstar,4667
207360201402107036,褚江,男,20140210,75073988498,08ab59358efbb47868a93bd0d617ae5c,yanglongyunyu,4668
4669,605814197901199548,lixiazhanglin,信都雨星,af14e92656274ae220273db39f420e82,19790119,女,79668441110
4105112652ba8172279e7c2726eae784,20011019,邵仕,男,78846373356,lixiuhuaEvi1cg,4670,116927200110194333
20050502,428454200505028985,公罔乐贤,76674589065,L4oZu1liuyan,5f158ede88a67605c4a024d6f4cc9824,女,4671
Sn00pysuper,693530619b28093089da747f78e8707f,4672,男,76754745856,20031111,葛寻菱,874384200311116939
hookgloxec,740346200903136027,4673,女,78831061785,3c663d7f558059a0539a61da5a676d69,狄乒,20090313
githubliyulan,3f318d06ae5f76444d82d13e6b5d9797,男,19850520,485077198505203035,4674,79371679265,俞优悠
19920906,男,汲生,liuqiangpw,4675,fc12a3a1062dd98f0aaa8ddb6946b49a,290300199209062175,74606333433
virinkimlonghao,隆雪儿,155072199501296269,女,75330220336,19950129,ea754dee3446058e8bc7404fd583c811,4676
史柔雅,73995444244,6dea7d5cb4305f9cefb13120428c0a0e,4677,男,328870198105088119,19810508,developmentcom
女,冷芮欣,bbd6121f8754c15f2d8b59f78b8e3202,20011209,f4ckwebzhaowei,218338200112096245,75933397850,4678
4679,19980804,75892301955,单于如霜,女,900c6c160ffe0f6f57b2331b75253cb7,765856199808041743,wangguifang0xMJ
男,扶路英,20111101,77805888538,Orlevenredteamwing,252884201111011635,f807e2d4ee5363b10496f57c5c33f543,4680
951902197603240182,花朵薇,zhangrongSmi1eSEC,77625662978,19760324,4681,518a55937e002ab1480f37f4d0e072f9,女
944506197801151142,4682,77abbedbae6b7bf5a04d41b6be929925,19780115,女,78334311303,chenleihappytree,祁彭湃
384948201805212379,77713654527,4683,8a1bb852497fd11de2657a1528533dd7,20180521,spoock,男,陆箫吟
公阅昊然,74604097132,Ne0D4rkSec,6acb17712bd7527656dacb5a0498ecd5,19851119,4684,男,396153198511195071
男,厍生,19740414,776777197404145239,78981530407,4685,wupcochenyuying,89b32266b19a204ddf5daf1b01af5e3e
today,男,78872968100,939308200904132058,73ff02983e6fc1a5aa9fd360cc010c32,20090413,4686,司峻
73354328343,冀玉山,女,247609199303144047,95634f83cb4b6a051d24b7e33e3fb5f0,19930314,liubo,4687
4688,222606200504182689,machaoliuguizhen,索悠逸,78487734952,20050418,女,181b2199d1561ab11d0e19a58c30aa07
539372199809084917,wangyingwangfang,男,苏莎,759012adc0ba76bedd705b159494d4a8,19980908,4689,79579886364
4690,女,20070223,096025200702234246,乐羊曼,liyulanlichunmei,78434464327,11be64c2d45a259ff588770894a24011
20020328,77669875048,317809200203281583,60549efedca2254e862ac90783c328c3,zuozuoweilaLcy,4691,女,丁若浩博
72936a31f3f5ba8e7f90d8815121e6fa,appleu0xueming,78977215810,女,冀千叶,20171101,73630920171101876X,4692
于成周,4693,northitypzhxbz,75705924777,10961620150127324X,女,20150127,9ea5efc15759a7cf15c68f74c3f7599a
77715843936,男,4694,ce6f0e723bbf8a2d495d6d6d59f86254,石妍羽,wuxiuyingegguncle,19980109,958194199801096475
20120128,公冶冷雪,4695,74905771184,女,058843201201288225,smtplinkarticles,73e6ee10c88df54ab5f13f32049de4da
77606968635,20150318,能元洲,LittleHanntanjiti,610151201503181422,4696,女,33d6262bc0ea3f0397fbc88cd0eae18a
2e146802d960699107948c76e84479b5,iceHJaky,78403883021,4697,342561197201312927,女,益燕婉,19720131
女,20020317,cfc95b0f137ca7e6b1ae8f09c16a1de6,4698,瞿擎,Jayl1nretme,75385937226,177805200203172123
296427199404188364,5a3cecece4466989995b33861e16a5c5,女,kangelsever,78193202414,方怜云,19940418,4699
834705198603164552,19860316,lifangzhangguirong,古刚洁,4700,1c1e8e2fb07ec0ec2569aba3f6cb9efa,75138166286,男
79113453565,579900201810096075,男,liumingdr0op,20181009,4701,65ae30b52f5c7f6de958c9c0a8063659,司曼冬
酆怜翠,a071495b74b65a34559c76227e0633a4,606318198909230662,4702,19890923,lileidaybr4ak,73280092372,女
4703,sqlsecrinige,19770827,公为曼卉,女,a45cf722544a29077d7452efc799d755,74579495091,628223197708274761
73830179574,20180617,纪皎洁,4704,bf8b684e135c3b508326cf961e9f3b3f,zhangqin,139434201806173423,女
044682201208164661,女,20120816,信平平蓝,wikivirusdefender,4705,b6d13bd77b628a16110d12bced12dd0d,77300689725
d642c0bf7be69cdea269f2bf7f3a7b98,4706,19810329,仲长力勤,男,Stonezhangguirong,603638198103297234,76777958917
8c0ef2b7e60ac8bf16efd22319cfaf3a,4707,20160214,公何才捷,73890415696,女,zhangguilanlifei,529000201602141822
d35dcd68d6c1ab1562b4d834c9e42e6a,615807199109304866,女,公石嘉运,79819968329,4708,xssavzuozuovera,19910930
东陵寒凝,女,77625325624,CaligoZeternalsakura,4709,aff6d880970e889b73e79bb0382beaae,326756200704235382,20070423
20140131,男,4710,76721005726,mochazzcc,庄诗双,959399201401314553,2462dc165c4439b2ec561040f7c03d2c
76700429954,男,e41d513bf0030513e415eb935ed66411,infozhangyuzhen,837059198601114459,4711,司倚云,19860111
a7umred,男,司空彭祖,19890929,401587198909299039,78342826893,4b557e107752400b14d8454289d9e16c,4712
公先永琴,4713,d10fd2b0402ea5d6093155df87ac6158,78392782985,女,19821106,wangyihangBibi,086913198211064088
19810410,944384198104104132,4714,zer0yuwangguizhi,訾谦,45a96d4e51c8c4f1948f184ecec793d7,73567447228,男
凤致,3eaa3ea397cb97f60b00b1998749937e,76794676056,男,4715,rinigewangfenglan,20140226,048683201402264236
61874014ef4663c0131410527a22c481,男,唐宏浚,103038200412078333,79517757794,4716,20041207,Akkumanxdxd
pubRcoIl,20170820,4717,73688028571,225057201708206640,屠岸乐怡,女,31d83cc1b1678712e8d1fc3f884e7420
4718,lyywangliang,20020712,511986200207128180,女,78252355098,安书蕾,7ca6807f1ea0234ef11a9dcba76426c7
be1530f5fdfa8bacdc0d133501a9ac4e,19810223,女,4719,MitAh,仲长亚玲,489356198102231240,78508190073
20020209,73137949838,男,4720,651884a61b8f1dcbef025322f652b643,286228200202090114,TiaonmmnBibi,叔促建弼
男,215945198809176855,4721,28465f4747e4e61e0ae50cb46e64aac9,端木碧,19880917,74663098334,shentoushide1ta
79531930151,男,lishuzhenvirusdefender,357214201005274438,公冶翔飞,20100527,d64b1e0ce5f467417c354c73b7a658b4,4722
20020108,4723,78599611477,omaebicbestwing,7e7b321d2451555d4ed87d718e448c67,545920200201081187,戚吉敏,女
126652197707180185,wulidecadewangjuan,19770718,79842812674,4724,邱天佑,bbb8aae57c104cda40c93843ad5e6db8,女
04eb07404bb55fe701ed7f25b267afc5,19820217,女,4725,bodkinliuguiying,73664129520,王官高驰,076281198202179322
liuyuhuan0b0dycn,86db3a2fc655fbe13ceb97a962c1746d,20051217,76652617761,4726,女,冉芷文,891593200512178720
女,4727,20101021,73122712990,zhangjiezhangxiuying,8cab128997a3547c1363b0898b877f38,昌嘉石,30110520101021162X
176751198607065684,Changochenwangxu,19860706,4728,d891c765641c796684ebf75553179922,东方梦琪,女,78647182433
905471200105071819,男,xmutsecwangsongstriker,a1e7f048b6ec3c6ff2b7bdbe51086bee,4729,77541510628,冀君茹,20010507
4a96db575e99ea767b508339ae0b493e,公都琪华,qianlanjayl1n,20151001,男,124570201510018058,4730,75600294915
公襄博瀚,男,74071631128,fdd43f934fca84daf4f99224eceb6c07,applewangkai,20100103,252445201001038259,4731
男,70a91df7da3508cc36bc2c85406ca535,flag0qingxuan,公齐绮波,19820108,324483198201081917,4732,73820059688
381012197905200829,女,邓康德,0ae8debbacb4698878e08cedc5190d7c,73990694429,4733,NoneGirlIuhPowerLiu,19790520
女,75626088777,4734,石峻熙,19700816,2d128cbfdeef4e47f1c576a134fefedc,054729197008165324,a3uRaaustfish
wangyihangwang,876112199707023871,巩伯玟,c281a1f36554ac7e926d2412942f729e,男,4735,19970702,75616939615
19890404,男,4736,关毅然,75651887597,tangguoVenenof7Veneno,e11f802dbd62322c029140ff1d8724de,967512198904043337
958925201710225156,79325270448,20171022,甘先叶吉,4737,男,xmsec,25d079d790575f3cd46a472997e593ea
099059200111285558,ed34d453d987d40c1d9d4911a70a6bae,男,75010161227,费涛,20011128,wangxiuzhenlucifaer,4738
fi9codern3k0,19810108,759049198101089946,女,5228f81b00b8b782508b4143a97ff803,陆雪羽,73217899896,4739
477d2a10667fb2d446efd7ce1752553a,20161201,75733084584,男,4740,公息琳,iswinleanote,530818201612010552
4741,0cxcomview,女,553354198709307643,79172374681,吉白元龙,d2ff5b90fdf9869860829b439e3b04fd,19870930
4742,令狐文墨,l0ca1nxadmin,9bc72ef7875573ff57b3326366643e91,女,75318393322,322436199302289467,19930228
公行谷波,20190814,fe9959828ec6a7d4b0888bf245c8b4d8,75169173650,550275201908142237,wooyaacool,男,4743
959463197111298428,0c0101103633420f6bf84dc6f9584ced,4744,东陵如意,女,firebroo,73861268155,19711129
毕妶,女,4745,19850216,sari3lD4rkSec,73127955730,292268198502169181,2ece9283acb69a8981a947f11f3ccfc9
77805012142,男,882923197406253931,19740625,4746,谢靖雁,f8eda97cab41992f44983af482e7ff08,liguifangguochandaxiongmao
780876199012311183,k1n9saltyfishyufolishyuyuf1sher,667598c93e87e58507418ea0f2b8a75b,女,19901231,时宏达,79146238447,4747
谈霞辉,4748,71f91958039bd2856098749f07a4384a,inwz,女,17069920110828858X,20110828,75790078273
男,20030527,d3203b7a1d170c240ce667ba29d7d474,4749,xdsecnavisec,988549200305272514,雍雅娴,75110667342
女,6d00d6341929b5411859ac7056c5214b,projectmoonhappytree,19710218,安凯凯,76695201274,09517519710218412X,4750
75864f187c05e2dd5f02f62c986b957f,681836198701300449,19870130,女,74924907542,汲浩歌,passer6ywangyong,4751
f74f4e5865aef59460a20e703fa7e8ee,73295192611,652863197308048451,19730804,4752,男,董开霁,Cottonwanghao
男,4753,20201229,049812202012299776,b3b0f67932cf09e91189c41941ba4f5a,wangfengyingDm,77558903306,冬日晗蕾
414348198209270349,4754,19820927,78010115539,867e1a36d190000d2f266d80889683fc,女,eggunclehpdoger,隆春晓
4755,20010508,MoR03rwangguilan,343205200105086470,49f51c70116d72db74e53fdcaf27ca12,利彦珺,78698790482,男
79567992394,19700622,4756,女,聂姬,0cd05f96b20b4aad01385c7ec74d3734,876645197006227527,leixiaohl0rey
greyd0gzhangmin,公行春娇,75128489011,9242aa680b0f518bc73baa69a74055c5,男,4757,20200329,963298202003294453
叔先之双,75831924032,20010828,176831200108280478,男,70fd75bece4c3a65c3ac65b054d63ce5,liyulanredteamwing,4758
344676200911082077,20091108,75307118609,lishuhuazhangpeng,男,郁吉玉,4759,bcb759b5b8ab63b06295c7434345d7a5
郁晋鹏,565a4cfed747760bef38e7a2409d474b,19790913,974183197909138034,yangfan,73245200211,男,4760
laworiginCotton,女,20000824,73462880025,臧一禾,e4303fa1ab1bafa140e75486263c6387,4761,703361200008248064
972116200202257550,璩飞绿,男,lishuzhenlofter,6e407e5f8aa83a45b6349def407da3f7,77166133228,4762,20020225
甄逸秀,20140516,382988201405168179,5f713a25e4fdb42dc98a44a241fc660f,4763,男,79017480784,liuhonglixiurong
77560028760,c26313a59e3a8a8d5ffee10359993808,19980726,324751199807261357,4764,厍桂华,stonechenjun,男
尤英喆,lishuyingwangyong,86fbd4f98fe8005c9e39c65c09f80277,19720315,441424197203155764,75840174098,4765,女
4766,lijinghachp1,819786201707039282,20170703,女,73474052626,祖睿文,bd1a800a026a47df98b6d9376a6f3708
19870720,弓乐圣,77778962186,ffa4a12c9e847a9d76459add247ade80,4767,Bendawangleanote,505634198707205743,女
古里流如,女,4768,20040402,731893200404024187,77163911753,55e57434a5412f3be5bc8f855fc5a0c1,xiaocaowobokeHu3sky
15e7f6b249d26db681b8db034731b97d,chenyunphpinfo,公尚丽雅,4769,19841020,78420115969,70677119841020143X,男
153970199507130088,ece8e85766232f7a0ddcb9e3ed65745f,19950713,MuuuNyaMang0,4770,女,林兰芝,75722254962
男,654477202006275730,20200627,73770314424,4c0c4c01fa373a40c4bf4bc876bf5203,4771,blogspotmachao,姚欣荣
77497431972,jiangshuichenyuying,4772,燕行,19840526,acb71a70d1904785c27fe72754e4f0e4,588092198405263217,男
4773,19780404,78405613727,女,3bbcfe83b243b8a3b185fe85e534c037,liboDispa1r,公行秀越,105159197804047485
4774,东乡丹丹,21e19bfebe43d502956a9e387dfc6914,19910704,78346651036,女,17386719910704704X,chenleilidan
KINGXliujing,716306b58b65a9c8c25e71b0cd435afc,女,78001511071,20060405,4775,丁若盼丹,432458200604057361
8e9c3be212ffc3d557ac6183fa46ec92,74044340668,liuyulanpeterpan0927,4776,19970427,女,543687199704271166,汪高卓
4777,78442844759,郝河,20161231,男,shentoushidaohangadm1n,64fb88bb43f38a5b5fef218d57106177,051581201612316214
4778,FeeiCNwangxu,胡毋高峻,77649126563,842463199610289072,19961028,男,adc7312b3031a4b9af5cec5230dc5ef2
4779,73528666102,孙季同,男,wiattack,524585198103252079,19810325,013a5b5cbad23afffeeca00969566e5c
4780,堵高韵,0cbfc27adc71fbc752c6b3df8daff66d,男,silverliutao,19920719,132457199207190051,75601019097
49380419970314948X,5885c342e033c97363f4e6eab1f3b199,女,浦庚,77898840685,4781,19970314,Hcamaelwangyu
20111211,女,4052507663ea3a1b740712f80dc2757d,4782,胡冬梅,yangchaoyangxiulan,42170520111211226X,73443205421
19761212,4783,lixiarj45mp,75672060522,665420197612120967,女,戌珍瑞,952fdc555f43a731363085deb82c38d4
79092254523,女,华胥雨燕,NorthityN0rth3tytelnet,ff64b279180af9707c0e1582b1c882ec,4784,19970313,437242199703130584
男,3a32f50a3e2328cac52c23be063b1c74,846465197607089712,柏谷冬,4785,zhangyuzhenyzddmr6,74793423985,19760708
lnyasTomatoTom4t0,男,042324201109261173,公尚雪翎,20110926,4786,e7fac2dade5d8e4684f9e7c98439b4d3,77279545867
73470587159,lifengyingxiaomi,e2e116e913701c4d00469f11264b3146,20200305,女,牧凤歌,292227202003051789,4787
4788,yanghua,屯浑陶然,79580606928,女,20120728,024866201207288248,4d93afee14772896de794bfa9b85745c
zhouweiliuyulan,男,19751206,厉永年,231390197512069113,10b38e3f0471a553d9381b00088a9881,4789,78988559947
20040830,4790,webli4n0,861711200408303262,68e3849953b20f3258e668990ca7135f,78225896927,女,廖紫文
4791,78351362304,男,anonymousBrucetg,1c1707e8a20719056bfc9a232527c5bd,茹秀曼,844413197108142330,19710814
8beecb73dcc58351872d376379300182,4792,女,和璇,398755198801053722,zhangjianhuad4rksec,19880105,78141608786
20967619891015858X,雍碧凡,c3abf714eac821f3c0dcef97c413af32,19891015,75947667920,女,Hecbinavisec,4793
b36ae5ba6fe1530ba7481885e0b52ee7,75595735947,男,20160330,hone,337854201603302216,4794,郏漪
4ad9819e47e30be444b69ca26e3922ce,174021200502260557,男,赵毓,Ethantomcat,77777725385,4795,20050226
meli,42a3882990e93e028a4610072e550b58,19760206,4796,彭小妹,363925197602066932,75514939893,男
308436201111261930,4797,男,shengqi158chenxiulan,f716f879ce94be47aeee788d5db0e233,共叔鸿煊,75961171421,20111126
73916877743,男,20150321,4798,ChaMd5wiattack,9a84ee41aa72de59c63006aad670bcce,225538201503212551,禹黎
女,dr0opDaybr4akmochazz,77757789835,4799,a7cdaf8735a136696a190cc82e1f641c,708369200802162562,公仇舜,20080216
22091ca452ef8e28103b9813f9623f5f,4800,XiaoTouMingyozhangjianguo,19881213,78380420745,女,749875198812132140,汪幻珊
20130626,4801,仲长千山,681766ced33047e93d830c14f8fd432b,665918201306263913,男,77463453260,lihuiYaseng
78267520147,wangsongstrikerManassehZhou,龙光霁,34ca67a05cbc9d9446178fd278d06625,4802,19840720,446170198407201356,男
男,f7e47deccf3a607845ae1325e8cd0424,19790303,yangjielili,308197197903032850,75685710580,白嘉懿,4803
42835b8ede0baff80c59b21c8e876b2a,4804,liyanzhangjie,78987357619,19810129,钱琴雪,女,824517198101293744
4805,20060219,汪海燕,lixiaohongHcamael,74780564227,c84d2361f255edd3422963c3a9707d35,女,908916200602193564
wangxincaligo,913505199806271676,bc226b686505582bdaa2b08622fb64dd,章仇银,男,19980627,74623553995,4806
女,111925200809282663,4807,FeeiCNzhaoli,75224248008,20080928,何嘉誉,7bd5c9120b89f0645f716db5ab054acb
kerlingtonghuaroot,巨母明明,78334829223,099854201712287555,男,4808,a913df5191b203afa9e9d5c05bbda75a,20171228
0xMJ,20000818,5961174d2ddccab3fc81489a14c85de5,4809,75120084371,男,尚冷珍,790922200008180516
086180198512091078,7b179e14a265bcdde85cf532c6b54e6d,男,4810,19851209,zuozuoverakingkk,容妙春,74641519950
78765894486,19730712,4811,男,358889197307120771,b67e58f23f4cb65446ff96f9c23c8242,边柏颜,seebug0u0
74897312265,sayhi2urmomlitao,19811121,高新语,4812,男,21488ddec8292586d824af578382a539,742714198111212717
cengjunjiewangfenglan,薛嫱,男,20180905,4813,73567336754,6a8eefb8d6bdc6cfd9438fcf2601e064,085658201809059718
19781228,79626596457,男,公甲天音,4814,651496197812284511,1b8681e7f277d7cfc6e6eaad91fa97ae,findneolufe1
035ee9f7732ca204f6d71ecf7bff27a5,惠岚,limeicongrong,20160729,男,4815,75212815285,554771201607294814
8dcb9cdd87e85966897d5973807a72c5,RicterZliuyuzhen,4816,77596062270,女,035376197206205147,伏羲访卉,19720620
19981126,4817,73677028395,seaiiblognetwhklhhhh,882399199811262712,茅梓悦,男,55fc20fcb67fd933ecda54330fd4c113
4818,男,庄飒,a1af94b9d493fd602a746715f4ee2a9e,78056315190,879477200801214255,b1uezhangguizhen,20080121
win4ido10n,甘先子宁,20090104,男,76717167738,6b21280e765e54bacf31fa3bdfb6c025,4819,076982200901042354
4820,20070923,女,璩鸿朗,708819200709233147,b404wupco,ed5d56ad2c25c206a2917ea557d032ba,79902944238
伏羲秀如,73712478228,4821,19870303,lixinzhangpeng,5b0859e0152d5c79c9c464b47889ec14,男,125530198703033970
4b0d24b91ddbda6a1ee2151295de95b9,女,4822,167334200902207885,东宫曼珠,20090220,a7umXishir,75181508080
4823,男,公山琇芳,d7cf8a796379cc184e57f24aceda56c7,536765201304176635,77852382043,yangjingMang0,20130417
4824,79881607434,wangdandanxmutsec,28648119831216122X,19831216,公乘睿瑶,acd9b85f32f937109249a6bf1932f71a,女
931748199707296678,73248642626,ttk7lixiuzhen,男,4825,7ee348ad373da8931ff97b65d1efe672,东关芸茗,19970729
女,19940627,xnianqwangxiurong,7896d2bb04dcb0e4f1e6e44cace73f9b,198368199406270126,4826,公广高妍,74932122270
73480502457,937057201808194113,20180819,男,4827,公良方方,dongztchamd5,af8f9dffa5d420fbc249141645b962ee
019664201201153181,styprretme7DiShen,af122483fa278333923d71f0ac2712d7,4828,石云霞,20120115,女,79061959829
74928251749,19970927,女,324751199709279780,66fe370e0cd9892e3879898fa40fe824,公宣凝心,zerokeeperwanghong,4829
d0a6372c0c05714a1ba7f1c0739dbff5,482985198104153272,鱼伸,zhouwei,4830,19810415,74905987132,男
4831,lihao0xMJ,20040317,190054200403170123,女,b4e5779d5b1f78f166f78d117111ba08,73317496016,宦方雅
4832,项红,79672652124,男,79486720010303717X,ad0ebeb5ffc77af2bc263093ca09389d,20010303,tom0liHpdoger
20000418,77525813072,男,1a1ca331ab62d4346ce8d2e845b3bab7,ZeroKeeperILMI,司高超,4833,838060200004188974
987664198302032740,女,r1dd1ermrxn,78350565229,9179224d8dd8f62c87a67b4d46f73b2c,19830203,4834,游飚
478436200105263843,yuanchanglcx,20010526,b894a12968a8eab545bef63e63d6dddf,78223793733,女,池莎,4835
19840605,孔僳,79590886158,darkeyerwhite,4836,edf6f38dec4d68e43d05aaba6a6586bc,女,222426198406054880
石坚秉,76693027798,4837,370137cd71c0c61090c754a8a70a1ecd,男,020211197103021433,Patrilicbrucetg,19710302
19930529,859920199305299085,E99p1antcongrong,4838,7519107df509eb54725630e6e7ea40de,女,广燕肖,79179236332
lijieExiaHan,783110201209239234,章蔡琳,4839,73942279462,2d481494d1929ce75409a2398fd2d785,男,20120923
f2cccb4045e6bc4b992f89e140553956,19830309,祁山,bendawangThunderJie,4840,女,252002198303098787,78115403533
男,景欣,4841,wilsoncom,b8984116cc7288d0a69be32400e92472,77104525973,19740212,220050197402122550
leqingxiaojunjie,321833199905033745,女,4842,宓奇,19990503,66212322859b1ce75aca485e135635a9,77586654897
邹冰蓝,20060425,5be38578870c2d1c3182fb7f55121252,WupcoAuxy233,4843,73181254789,12367920060425581X,男
477936197902125111,4844,AdminTonyneargle,5e1c123d8af06426dd71742fde3045a5,79392183059,工偻嘉瑞,19790212,男
153363201809094020,a07f13d149f41cca3fe6444be5b85299,女,司空伟才,4845,75933959096,20180909,TomatoTom4t0liming
c1ea0f8f69e4613cae5905dab52f29e3,78248757557,4846,20190224,男,979060201902243337,冀希恩,liujingweaponx
76772785127,4847,女,19730518,2fb463a43780aa59586aca84ef558940,邴宏放,skysecHurricane618,901648197305189626
男,4848,133921197708168955,狄茹,9ea5e6f10d48803ae38499c0d5e6d93f,ZO1ROliupeng,19770816,78535324547
4849,75301554872,19860411,男,424209198604110734,40a3f25b98fb61d55c7c4e038f3b1ac5,veritas5010n0,钭傲云
19721122,4850,77507338166,543328197211225211,男,developerbendawang,de0921d262ce38ddf1f2acf8d9d35ff0,韦初夏
9f8b706f3c34d29c8cae76f2f0d17f69,祁冬灵,61907820160911241X,liyuhuaqihoo,男,4851,73020026719,20160911
女,19780626,408328197806264627,77542618555,宰琇莹,03af021da14d4e2d8f8107a4df02922e,4852,pwnXyntax
20120103,79895052282,宁品韵,4853,020304201201032313,zhanglinklionsec,46936928d2593d1d53335eb35fe21b01,男
75151027312,女,4854,19761008,红千萍,589444197610088320,6253ae5ff176f06937f80ed7ba47df32,wangjuanlijun
94925419910121362X,4855,女,75892772772,4cd759427764b4f306d5d0ec09196c16,19910121,殷悦爱,xssavcongrong
920031201411053775,男,段寻春,liuyangqingxuan,4856,0ce00a5142dceb4551744d8247ac86b9,75675947765,20141105
20120214,女,10d8e6c01e212be9a2986f6e2d2fecd3,461522201202147469,4857,慕蔡琳,Wfzseclioneijonson,75092133799
zhangjuantanjiti,东方婷玉,358669197404127514,77527438128,男,19740412,4858,bdafba0784bebcac5b68e5d6a7c5d9e7
4859,omg2hei,2af369c083e21c5361ca828a8504b5b3,公祈凡桃,女,045326201302117726,20130211,78815121141
321925201003081356,gh0stwangguizhi,阎延,4860,73733741552,c2012f2c3a25467bb31b23c62cf20e93,20100308,男
19970425,78492801598,c408b8d79eb9303692c76319a9c52da5,女,a7umSwing,金飞兰,164995199704254565,4861
157519200702222648,20070222,r1dd1ermang0,女,75168977763,4862,575930574e6b5cc828792ed73463e973,李锐志
73447226827,afcb63106390b672a9fcf2a68477e813,179002199205183962,女,秦建本,nanmingchenlei,4863,19920518
蒙苏幻,19840310,Rvn0xsyYlleny11en,bb2d91d0fbbebe8719509ed0f865c63f,74652374776,4864,879483198403101519,男
毕绿柳,4865,109c44de7a2293d32392424c996881dc,452099197802024645,BrieflyXdemo,78511071180,19780202,女
Ne0superuser,d9e830e9cac46b30f1564a199450fea1,19870923,龚弘,77832081628,981058198709236221,女,4866
e304bb5fa560b1a87b8e4aadbe745275,男,20080321,公文千亦,78752657426,4867,211868200803214158,sycsecph0en1x
ccjeary,4868,19770821,77753525785,古芝兰,225672197708211682,女,777cb3ce5457abb9ff827a49018279c2
19840123,卓和豫,男,12286219840123961X,4ch12dyyangjie,2e8bec60b97764274dfde35ae2cfcb7b,75054083980,4869
c849c107f98cd7f453da0eccbe8e36e8,4870,19731026,后鸿畴,919082197310265039,77400476586,shellstorm,男
TuuuNyaapple,812653199911193851,19991119,男,78999275225,ae4bb908e8b0b0d144f9c1badf1d2ae0,4871,蒋竣
308311199904192047,东乡弘文,75989787906,19990419,lofterwin,4872,32005beb6cc4314fe07aa6b0c9208f99,女
410716199603030775,公罔颁,739f0a14493c7768181c81592f81ac7e,男,19960303,79807291909,4873,chiahaoxueming
572917199207183351,男,e0c6cc2dd2a7ee2ac9095880fa140ab0,zhanglicodemonster,75080107347,4874,公索敏博,19920718
19940106,0a011505f232422cd93ce75db1efae38,4875,74848225350,boluochuixueliwen,师综,男,617532199401064873
363475200602192147,73203242007,女,20060219,Jarvisscanf,0b15d4177e6ac40326045d92265f2836,4876,桓伟茂
4877,ZeddYudarkr4y,男,73641237107,20050805,庄如霜,127481200508056073,e61654a3d5016d4b84463b5a11047f45
程春梅,4878,147175200506224731,20050622,543b11f96c5860c7422ef80bd865590d,xdseclanzhi,79885362030,男
4879,wangqin,b7533379e3b8dcc709d28710236df31c,女,古龙秀如,74793671403,19780103,330104197801037428
201136197304044742,19730404,79631525475,neargle,fd3f1b3845ab21b40c7c1940e949ed30,4880,女,鲍蓉
俞雪萍,女,4881,rmb122Kingkk,73920889400,e71c9f148b22aa71d7e77e2c63eebcbb,975324200302255281,20030225
男,743379197812117918,b4ccecb03f712297c491b0c3eb47c026,茅厚,gorgiaxxsite,19781211,75816030408,4882
付马承基,021cb023e41f60a9ed78dc79a4e4020e,男,79150683484,liufengyingacheng,4883,20120120,384828201201203155
79819693323,女,彭元良,872911198609151465,91b1abad7d9e901a5896da5c9b6daad7,19860915,lihaiyanzhangxiuyun,4884
4885,529992199111305737,皮采珊,75392800363,19911130,男,567ed4d7cf08f759d1f65f959ab8b026,liguizhiXMUPh0en1x
675429197306092848,19730609,共叔皓轩,4886,rcoileternalsakura,74834820026,女,5267c6b999cd83e360926c5dde669ec6
76744393684,冬日德泽,c7a6894d89acb2d1962b5c05e9c51675,bendawang,877685201111181613,男,4887,20111118
19870610,77482895878,92d49a3cd520730162d5caf0f9b275c4,darkwingyangping,女,94999019870610584X,暨恺玲,4888
lalajunNODEchenjianhua,男,赖山彤,cdb652ec9c69d1f97b146a9c56dd3974,19720324,77578129763,944480197203249076,4889
女,evi1cgcomubf30f18c872c,d2316655d8eb7c6b9ee8225d4d7d78c9,74076712961,沈春梅,471535201306195469,4890,20130619
关克,女,e491ad7df00c4ebe93607f06f3af4441,4891,skyofkinglovewhereisk0shl,940537200606294549,77380324518,20060629
4892,幸海燕,413914200412212185,75594700406,c9fe8df0b5ab0887ced72994d2bb4300,20041221,comviewml,女
19960911,73651814407,男,4893,12357119960911837X,公输紫萱,8ce472b654697062f38147ea3b508e2b,Ridterlmxspace
fd475a5b7de028fdd2eb3b8fc66e877c,4894,19840922,77228143473,东闾兴怀,女,899603198409222568,liyuzhenharold
8ed801158c688d557edb7a450ace682f,4895,zhangxia404notfound,74692056772,347606200110267868,女,萧安安,20011026
公祈芳馨,20200412,phith0nzhangyan,361650202004123134,4896,男,322be21f5afb2907445866b4b0d47868,73619495757
19900719,男,73454122328,4897,fe116690f2c00755491f83d82ae9b682,wwwzhanghui,746190199007199251,合博恨寒
2487b5c872e493d469d2b8eee06ea4e6,Micro8chenbin,男,263007197303028332,77843480865,4898,公若悦爱,19730302
19731109,4899,526143197311097220,9b582ea9b415c900ab411a9021d0192c,敖依美,wzvnc,74916989358,女
4900,19710528,808045197105288161,女,9dcb2aa2b931d0ce042dbffc4c906c01,75786379283,wangminghpasserby,董莹
wangpengChangochen,977531197807179714,19780717,索清懿,4901,2625ce8eebd1a211975876ad2bba0993,77623338032,男
9549243cb3d6234b6309e29431ce515d,男,77848251623,南郭候,4902,363042201805044414,20180504,T1h2uawangxin
4903,东楼金鑫,男,20171117,79311731179,1f11e805d5f290b56b0643ebc0624db9,comarchivessnowmingwang,131367201711174014
73800447767,4904,68228320000128724X,20000128,xinxianquanzhishiku,辛寒荷,4788fb0da0c3de94eb1aa5320dedb8af,女
leanote,后雨旋,男,4905,434592199706044734,75240735623,0f93f6d7f016e4673267456e67490fad,19970604
chenling,78662501014,卢妃汶,4906,男,739032197607168910,19760716,d8954b71f1b28bae5bbeb8a683ce25cc
wangn0b0dy,fa3d30d2e1116390dbebf9ed4a141196,20170612,4907,胡玉宸,997477201706124331,男,74505429807
4908,73646022564,乘马偀,162790198805254362,女,c78d5a32f18a7537fef118f1f461178a,19880525,xuminlyy
女,d4306aa130e05b5e1f4f49483a266bd6,488290197405115281,19740511,78961497985,古立人,FireBrooSe7en,4909
73326134698,a6f2c5f85ceb1541a01fee09b9cf35c6,男,申缨,Ph0rselnyas,332702201010225415,4910,20101022
b2faf20b5bd4174b29897cc98324e3b9,4911,938532199107056640,19910705,令狐寒梦,女,74610584304,Adog4o4notfound
codersec,994742199207012179,bf709005906087dc1256bb4449d8774d,78925454577,男,芮好洁,4912,19920701
mongodbhuangyong,845981200609292037,湛俟,75593413289,4913,20060929,6c3ef28c468e5f3df1d993ee0ebc8461,男
4914,77184656037,585001199912042735,280da992b3597a1de6e9d4958686fd3d,男,91xxlove,敖敏叡,19991204
19701019,eb80e0bad294b92e30eed64f28e1c92a,75981065576,屯浑韩,146269197010191983,4915,女,yangxiuyingT1h2ua
79837714874,男,773981199512203039,liuyunyangziwen,4916,19951220,f9a02181e63621ce2061d77d61c176eb,乜雨柏
77fa1306f0f19f8c9a629dbfb1c3e26f,女,77836362175,shiyan520comu9c3ca1ca4784,19900222,4917,乘马谷梦,272612199002221888
EXchenming,45cfa33194a2d98bd3e2e8adaf0d5223,78010708172,19780416,4918,男,段凯泽,456084197804166814
4919,女,wangxiyuchenlong,78108961930,公宣泰然,20100626,6b771f9106ab8f870ed47f8a4c38cfcb,129243201006260469
4920,男,blainqihoo,乐正润洁,02707919760726831X,2dbec46faede2a9a4b22bdae4e10f8bb,77351177263,19760726
4921,wzsitezhangbin,梁兴怀,976345197108033413,男,19710803,75296464460,ae4ffa432cbd23ccaf58494b06865000
丁若绍元,男,4922,228443197004048119,8c93037fb9e5241b235317140699825d,73634189953,yangfanroot,19700404
男,77719909318,621067199711174532,19971117,dc0fa7df3d07904a09288bd2d2bb5f40,公宣歌阑,4923,WinMinmongodb
d2ad9f1b3a08f56284478f205802c5e4,王雨竹,50670220040621043X,4924,男,20040621,77137418478,maxiuyingiswin
4925,170412200809244465,NuuuNyaRickGray,4f83e36424f42f781ab23018bce35f42,弘侃,75715422066,女,20080924
19880130,234919198801300954,甄诗文,74671382100,xifengweiyuyangping,男,0c8d3224ecdf1ff4bc57c724448bef85,4926
19890823,78371599735,fec7940435db1dee85f3fb1df86d8f47,男,854262198908232871,4927,Nu1Lzhangyong,符星文
4928,446670197411073783,19116e3a03ea81185e1ce23c39168720,79024198720,19741107,yanglinglipeng,女,左丘信鸿
79612113735,4929,20120904,03328dc648e995eacbce24fa0f989b55,伍昪,yanglinmuseljh,480181201209048616,男
4930,1a2f17312bcc1a3a3e39195aeb5b9b24,singllzhangfengying,73483690254,20120425,女,厉俊哲,978067201204257882
卫永思,piroguewangyuhua,40a5835c13a3107b53ee8555d586c937,20030910,801801200309108674,男,74017119629,4931
公扈奇,4932,superuserdarkr4y,20160909,78311517953,384236201609092484,女,3e02112fc2e1dee6c15bdd6848526a29
20040104,端木宏扬,4933,802859200401042730,devsqllihuaiqiu,797b4f4820a3f0445bfdad57bf3ab45b,75902406791,男
73833701843,420526198209166120,女,19820916,777cbb9b5ec66949dddddcf418e23091,雍子怀,4934,webmasterExiaHan
4935,f1bf236f94ae10242a19df60733ff378,男,098947201706049455,龙素,Bendawang5alt,77140340543,20170604
20161130,4936,yuligeliuyulan,6046f19ed6cc900ef8fe2f36c647a9fd,男,端木承基,823102201611304930,77489871214
651430200806307772,张淳雅,4937,78360116640,lishuzhenCDUSEC,男,4d9d1b05158c9e55ed49b0388c9d8d3f,20080630
20140506,cb95e7d7000a5db54c2599ace763b1fc,女,阎俊喆,87402420140506318X,xssav,4938,77315109548
4939,20190106,c920989552af9884db01ce921fac7c35,74931812516,邵凝芙,女,WingWester,930175201901065780
屈门巧茹,b50c983195d194a97fcafeda05d97314,76721347781,4940,男,62228719940905107X,19940905,gouchenanquanshiyanshithreathunter
女,79092901527,887148197205072649,chenqiangfoxishaonv,安冕,19720507,4941,1c813bf28a3174502b62583853d65825
女,8e310df5da170452d5fe1bca11f1e5cc,Panytucaokengfun,20020702,920062200207024328,相彩,75775862163,4942
女,140535201805182489,端木艳霞,13de8adb7bf7e26b7032d78b32326d8b,4943,20180518,lishulanchenyulan,77741251399
安智渊,4944,20140226,heikejieliyan,872be7378d2e5c4b747f2547144c6dc5,149079201402267012,78984005568,男
75988747061,男,屠岸荷珠,4945,19701208,86c09978e5d437ea471363219a52cfde,28984919701208893X,zhangxueBurningCodes
潘纤,女,b826878d430bf2c73ec1b5ee0ab8bc0b,20160721,76645647666,046024201607210042,firebrooApeng7364,4946
19900416,女,温沛岚,258109199004169346,5d234ceb10c81608f9dd4906ded9a5c3,4947,0xMJlightless,76709048653
卢玲玲,男,eggunclezhangxiuzhen,011faa05a9610723c2b2ee270714abcc,4948,750535200207254656,20020725,79880298816
女,屋户鸿畴,4949,092636199404307649,79865249075,evi1sLcy,19940430,1e37719834e41d6013384076fc8a8a42
19800904,74598588875,共叔文静,4950,427570198009040912,男,ab62a4e61db682cb910fc8cf69d5de96,L4ttIc3win
78049438150,男,4951,19940115,964154199401158232,屋户鸿羽,yangliuzhangkun,d285e3a8133e74a813c68bd6c0399dd9
20120604,女,wangpingzhangliang,482198201206049428,屠钗,77724578927,923d96506ba322b1ead69c4337ccb1d3,4952
4953,Honevirtua1,公仪俊雄,20120531,77181046894,女,472763201205316740,e3e9875c73ba33daa4bb99af8ec47f72
4954,icuXDSEC,122779198404094040,73002421782,女,c190e5de961ccc49ee26d7eff614210b,19840409,古龙梓燕
公襄悦爱,4c68a99559a22e394e673df59f72ebd2,4955,20020511,女,73997647758,483839200205116320,EthanMrSong
男,欧修能,20011021,706067200110219870,78320660819,5816ec34b5d7b0ab7c10121d366ce7f1,4956,secicesusers
Cyc1eone,178644197803189180,4957,鲁项禹,女,19780318,bf76be3fb598409727e2392452816dc6,77667906146
姚炎彬,女,hazzelshentoushidaohang,4958,732756198805239748,ebc24e3cfa75906d132868e931d35297,73385317913,19880523
developerslvwei,79582575893,0396980da444517a0a7afa47054324b1,女,4959,499914197303301563,臧瑞云,19730330
sunweiwangping,235874197601172869,19760117,76711291582,4960,车碧菡,女,315eb115d98fcbad39ffc5edebd669c9
thiefnaweianquandaohang,云封,73ab447778cf616563a50ab019fdff5b,男,807195197511178134,73213632157,4961,19751117
818796201011262234,男,H4loxishir,e85782563fdd5367d717a6a72ccdfdd9,崔慧颖,20101126,4962,79130278875
女,3effcf5844983b32f58ecf17de062ae3,4963,乐正柔雅,442349197303193680,Lz1ylvm,19730319,78166099202
ed9d0ab247d8728e44798f3fb928f455,wangxiyumeizjm3i,73413674699,20001014,女,882265200010142960,水文静,4964
女,77133756263,连乐天,ad5aae889fab61fd1914d3c8b1218f24,19780627,zhangmeiyangbin,4965,965421197806278620
男,19750405,4966,Hexmanqiyou,巢慧丽,a854f34cd43fd4502a4bae3b2d6c0b64,79396892935,788828197504050116
78748441985,20101125,倪飞昂,PwnGogzhangyulan,321411201011256325,0cb32d06e6392031cb3de965c3df3db2,4967,女
4968,zhangguiyingr3kapig,男,bed350cf87cc39743783a022b6547168,423933198503070136,76786893728,19850307,寇坚成
zhangshuyingLuhrey,73479039974,公敛怀蝶,女,4969,26e91f2f83fa67ff92581a38b6309358,010149202004173189,20200417
4970,20060301,司空瑞芬,男,Hpasserbyretme7DiShen,75112034902,b5abc9590d540bd68541862bbf759f55,839957200603015276
75313280277,156388199407161622,19940716,4971,nianqianlishuai,女,8ee0d00062541b1c696d39f4095514cb,红漪
男,公房诗筠,19760425,webbaozi,79942382260,4972,ade2c59f875325910596352856116330,772900197604254812
4973,dongnandaxuewangluoanquanlianmengliuming,男,77379476016,16d0ff2688e224c52f6ac4b97ed709bd,羿乐安,324113201608269355,20160826
东闾博达,男,cc5643111cfb88db412c34b626d74ae7,Poachercdxy,4974,118540201711245218,20171124,73445818666
20120422,plz227yangjun,592263201204229610,e9bf3f9697eef2e505a33a78c88c0bea,男,79898468629,工师势,4975
4976,男,20150509,越劼,73185387497,053403201505093673,59b27197b47293244eef1c5a278a7bcf,lishuzhennetwhklhhhh
易路英,男,958170629047f9372135b2183670a777,Caligolixue,77311864878,984251201705213317,20170521,4977
20141218,73935610204,女,公之婷,4978,dfb535eb3588c3e2d207a6fdfc908090,skysec,305437201412181049
穆英勋,4979,709598198005243558,19800524,男,MediciYanlovei,881fee8de257a94e0e194ba5385c8c5c,75080591979
4980,慎语燕,女,75383801384,Dmligang,637171198111076480,19811107,f32a9cf89b126ef5c06323002c887486
a0702a17a0691159289d03dc73c392cf,883989198009240440,0xMJchenfang,73845798762,19800924,东闾飞掣,4981,女
408589201705031122,73049771540,lufeilimin,3fb02678ddb30c4b9d51211c520a50a7,4982,石凤婷,20170503,女
叔先康健,60c311d578d246e80511c8a9f0396148,75509636712,女,mistytwosmi1e,4983,800166201411093644,20141109
caligoNetfairy,女,77186520073,充弢,494845198607056084,4984,9f346bd226576856ebe4ecafbfd44a2a,19860705
f1shuknowsec,浦昭懿,男,4985,428982198002126658,342ea20178698afe63c94e85b6e139a5,79698351097,19800212
徐天,4986,男,34fe02b2785bb6188798cba885fd1f03,355379198309295016,19830929,zhangjianguopayloads,74715837691
卞蔓,男,4987,6c1b1b4db3f4567932ba7aad8a506b00,337628200212175370,le4fmanage,20021217,75708081839
f9617cd030ade91bb8f154dde91183bd,309228198707069734,19870706,4988,79560418159,终帝,男,lixuemeiretme7DiShen
chenxiuyingblog,4989,女,965337197912170969,19791217,fab08075f6b44167caab10c25150a8bc,广安国,75787841502
78766970130,oracleonlyfree,19741002,女,7d25e73c9b9ff3983fb4703e9c9997e3,仲孙琪华,302130197410029745,4990
19991216,4991,chenpengmy,女,79352727023,华胥正初,8f1fa88773e0518f7446972f1ed74ab5,941006199912162580
工师连英,75101893085,smi1eVsane,20170908,女,349952201709084460,05e235d61facea6c4f149b725062587a,4992
4993,蔡弓,19900517,男,yangxiuyingsaltyfishyufolishyuyuf1sher,923388199005178975,3ce1683202f4cdae8826698cb9998ec2,73522630774
3c34cadacf15fc66fbe95c137f1c42b8,hacking8Firmy,74698981610,19770429,4994,女,397980197704298543,古瑞云
4995,938292201910076368,wangguirongyangjing,e63493a3e3fb55195017912654c6d0eb,女,74505221233,赵夜白,20191007
20071210,巴乐童,b6a644f109978e24ba62a1b3984c8781,201804200712106684,lengbaikailijianjun,78216173827,女,4996
fuzzertr1pleWfzsec,狄姜,19961204,563ab2ddbb3b088542786179685851df,4997,794150199612045724,女,79861077659
74959881401,d7b5d22a5ebbc107cc52591a394e5aa9,080289199610195665,酆雨晨,4998,19961019,女,hexincaijijiguoguang
438040197202271264,4999,19720227,wanglililovefeng,女,74621989339,038b00b5cb41f8038d5a95d4b441ce99,韶元基
E99p1antFeei,5000,8116f18d55691ccb9d3ec32d73776abe,48813020051205638X,73791904397,20051205,女,公为阳晖
73555784727,19901114,718202199011143568,5e5888563bfb22444355ad6c4b4e20b1,5001,ricterzWangYihang,茅斌斌,女
liujie,孙语海,73031385036,男,19821219,712966198212191558,5002,dab07543de4acb1fecd7ecdbcbb5e895
73739842061,19770724,5003,047876197707242887,bd348b24b607ffa5b879c006d89f023e,XMUTSECginove,女,邵欣艳
20021212,zhangxiuhuasaucerman,77611665308,女,桓问丝,349759200212125828,5004,4d96366e14101ef082a575089d8c4455
女,79812635653,余尔容,5005,477476197203214143,smi1ecloudyu,70773ccf4968282f53fe375a70dd640f,19720321
毛平乐,男,b0702c08bee3e50c863e0ac25a455499,sycsecwang,20100426,5006,290705201004269715,77644343473
698612198604181173,19860418,yangtaodaybr4ak,76751176564,5007,男,王官鸿博,068520cdb04745f7c829f26d006b3152
公舌玉宸,rama291041610SecWiki,503064200008126222,女,77702938259,5008,20000812,6def7ae5ac7ed3caef4872a9275e08c2
5009,20180811,77111296848,462ecb6468422877556fa220cbae60f7,从颖,男,chenlianglorexxar,012991201808117557
女,19770311,styprszfszf,5010,73536885491,红芸英,9a818acbfd6de7fd83620688c1f134ec,268751197703117260
systemlin2zhen,25f33e0cc025afa2969e4a0502ed4207,75870820591,5011,女,19990315,561988199903157440,端木飞沉
designlengye,79064543348,269565198910023454,19891002,5012,男,乐海云,c542c6a2a26bfffb58b11bbd1e34aba0
blogfengzhiqixidi,古成梦容,女,5013,73076643112,914064198003291445,19800329,78af8662e7f0f0cee22ea6acb5fc2278
KyriosJISEC,戚依童,19810726,女,76692431789,5014,af952792001e0cf612dc0fdd78ca4558,764471198107268765
235047197311127047,73435572450,女,zeddyuliupeng,葛含香,5015,6f6753650f5ed1ab35caf4005bee12c2,19731112
即墨荔,19970312,女,79185560734,485789199703126462,t1h2ua52stu,5016,6b7742825f71d48e5ae60bd46d16e34d
5017,jkangelguochandaxiongmao,046423198502045619,a6ed035d50da2409bd6635aa4310fcae,祝迎松,19850204,73684578092,男
5018,60aa29ef77e41d92316efb6d5ca770e5,chenpingSnowming,19820821,74016590687,781839198208211728,女,宰莹白
78238865862,7242f34895840a8fda3bbe5414bfe679,5019,终弘雅,689313199009303643,onelitao,女,19900930
userzhangmin,隗马,78961569075,女,5020,097382201811287944,600be132ce0e8db227e6ff54d897c7b5,20181128
anyubyqiyou,公思亚玲,女,5021,64665d53026e67c890428730db5355a8,236269197412025189,19741202,73071944935
郜熠彤,4b66bedcc4157d925114d5413369fcc1,613773197602068614,thecosmoslove,74895724276,男,5022,19760206
20161112,qiyoulixiuying,2e32dcb609302131c49751bcd4480db1,女,75004140294,5023,乐正茜茜,721326201611123845
2db96d11fd30069d5006208596dab012,11949020131116766X,lunlunzuozuovera,5024,20131116,女,78786704235,邵宏恺
liumeiTasfa,男,19920506,古龙曼柔,5025,987281199205063210,78719053453,e92dc108dc567a08e18d2a9b013cca87
阚阳飙,4d14d65565aa8806d7acbe51481440ca,Safe61aq,5026,708397200602211775,78853374521,20060221,男
屠鸿畴,wangjianjun,546280197902043882,19790204,3661039c285bff72c469519746bc956d,女,5027,73247435760
7aa49524367e7c94e802090fd4606340,雍竹悦,74888170004,5028,706282197501307712,tanjitiqianlan,19750130,男
yemolibit4,5029,殳子蕙,73512531717,男,20160201,37963d933aebf9549ffc64e1fdd11e17,611054201602017614
公输丹南,20061103,105777200611035023,5030,女,0bb733c11a2b5243b3b71498e9d14467,Sn00pymemcached,78606886800
19760817,5031,946229197608178124,wanglihuayiyepiaoling,女,73051550286,30d4c61f82e0af544a04928cc2f88a0a,同蹄澎
女,913443201309134446,zhangpingbeafb1b1,427e6f91ae2c6cd1d07670a8f9d884da,20130913,司空巧,73944667417,5032
79588144883,女,池兴德,liuguizhenchenxiuzhen,19850125,297773198501254483,cd05d975ced222d1011915bf51d900dc,5033
殳乐心,168830200308219173,74562095161,79d24f5ea37b8a648317f6086c305dab,20030821,itchiahao,5034,男
5035,19840515,78631208796,yemolichangochen,陈泽恩,fc574916a952fbb5f495d5a1b5c35c82,082381198405152342,女
75157450443,漕雅逸,19830322,男,lsafe1phan,5036,d1cf7994f2ca5df4448d8c6ce988845c,012040198303228178
75003165150,huiyipiaoruxuehurricane618,5037,男,40e2e380a69dbb079536de98cad210ec,20110418,465231201104181675,京城菁茹
19881223,5038,75048228615,461600198812234773,游泰清,686d1c201e38859dac3dc157f6bcc8d6,V0Wliaoxinxi,男
cec84d54785f8ba25b96be7defdbd415,女,152343201901070869,virinkdonot,76655380650,公襄梓涵,20190107,5039
5040,783660197907083435,男,99e1325c66a6d55f3206232561f8183e,79107193530,居逸思,19790708,liguirongStone
20060116,loveli4n0,男,686653200601168372,5041,3200572876911e7fcb6b9a57d3e94ec1,78086259239,蒲香馨
卢妃秀竹,icusafe6,7843f2a606595f2e508f9205dd8a2806,男,19790306,75805878063,199945197903060613,5042
zhangliangksowo,0a215a035fda648f65ade374953a4633,男,78998789443,46430320010705377X,公祈乔,5043,20010705
74663375305,252807198011091546,19801109,南郭修真,edb2d35ac6cf708d2f2e96ee7bec5b3c,5044,女,zhangbinGinove
bfaf33062483457976a7464f70987fed,20170818,geeeezb1gtang,576557201708183942,女,禄佩,5045,73203101614
女,5046,526497199303270665,79039004304,窦隽雅,9e18b3aa187205785867fe1b9c2cda3e,liwenyangjuan,19930327
97467119940921701X,19940921,WangYihangyanglong,男,5047,fb642b145981361a1a88115a3ee439b1,宰银玲,79151943960
男,e5f3e62e99f36ee4543a6e62306a97df,5048,GroupT00cnlonelyrain,73524733727,董修筠,19751223,566926197512237132
75125262718,72ef23c707e83ee0a2ff8eed14767ed2,5049,demojkangel,20160629,公施曼香,男,752739201606297613
34a7553b840593186dc6fd05e6786095,公林升荣,5050,19811001,607126198110011522,77385757296,女,liqinmars
申坚秉,男,evi1slonelyrain,5051,73339106969,082074198508142817,85d406bdec53a1c6c80d470514414e7a,19850814
75799273119,20131021,5052,repwnYiruma,暨赫然,afbfd7c2833b81c345786f699ffa3bd1,288312201310212263,女
03i0hiourlife,女,20090602,79878338680,284621200906027725,越小雯,9469ee52df37f3d959eb114e35af5f15,5053
20081005,82116520081005657X,mistyexiahan,5054,75247139165,91eee9fbf44cdb07a1639042c4ae5134,公车鸿熙,男
ExOriginlixue,e782055d5070e8e6a6506609120e42dd,权舷,5055,75731091552,19980327,女,425950199803272728
臧昊,19890505,04zLaucyun,268888198905054766,5056,女,73882476595,c4578ca74d77c66fa7a1491747c7eaef
028489199902235777,男,74735124149,5057,98cc7afd2db8fda29f0594839f023b1e,19990223,yangjuanpostgresql,陆兴文
73638859725,7a7bd30dee8de0fd568daf6167b4ad92,男,wangqiangWupco,840949201301257534,20130125,5058,公息和暖
396011197411139079,宦亨,5059,19741113,e808f10babbb095c03afcf89008def1d,男,78787304118,lifangqimaidoukanluori
936219200309140425,5060,窦越,20030914,1d4bbcfed31c6e01e90d8e4099e39eb7,女,73126753681,backcover7lz1y
darkeyert1h2ua,671019201406152466,巩伯芸若,5061,20140615,女,5a7368e3075f668651d85f67a97161ea,76619115806
郭梦露,82c04f9a5332e60e321bd0c0d2c530c2,552720199801124358,男,5062,19980112,75766473071,ThreatHunterwebmaster
南门修杰,xia0hiourlife,女,20161019,23811720161019234X,5063,1f196a545b72ff847db3bb7892850b7e,73561602828
624163201212165730,a0463997788fd91298cb09d7a5e82bf1,74848671677,男,Sn00pystone,5064,20121216,公祈月桂
5b2e42e07d39ba7da7ac266293ab9124,jingzheli4n0,5065,男,75359926616,邴娴雅,20160822,19646620160822855X
79682827105,5066,何丘瀚,20001113,6637eced70593ee68228e6a7bf89aec6,admintony,女,970590200011139862
946369197705033337,324a17ac991597e7a14567620f309caf,19770503,5067,gxgoodboyneargle,廉翠柔,男,78137406475
791128201604041969,殳昕,女,20160404,5068,icuTuuuNya,78215232073,34a9135a0d89c81539ec92dae53edb2c
109173199211104923,19921110,女,bugsafetricking,皮信瑞,74974521674,6e8d4a8631f0e7cdbdb81944efcbb352,5069
wangpingzer0i3,19870728,841533198707287761,马梓敏,女,5070,c4f3c7ecb364d441f97b062523019d05,76637398035
FlankerAltman,和云心,8b997fe5a0fafd6a8dcaea9f7a095b3f,39408419960703571X,19960703,5071,74754840523,男
75105059899,20170922,男,5072,202039201709223216,atumlixuemei,729af14829118184de7db7dc8db8c3a9,公冶和煦
武雪娟,19990410,女,4d390cc5229e4c0f3bc23038d5007a38,wangyongzhangzhiqiang,001348199904109229,74037590177,5073
卜嘉勋,899073201705294823,20170529,9d8c40298732cd07d6fdb2b5adef222f,lijianMuras4kibabyJessica,5074,女,73007461055
30c64a22e004d3c4542330a43bd6a7f7,女,谈琸,920438199302076843,wwwliuxia,19930207,75207218475,5075
20190721,xnianqHexman,77717955654,女,063421201907215228,499279d031a7fc271c11a6d09962bce8,5076,廉艳玲
男,19830123,defa50a7babc2b727c44fe4e03905bf4,龚星辰,683867198301236376,5077,73113675507,comchabug
73177146885,19720303,女,05dbb72776e20384fd1f45bcafc27eec,5078,liguixiangzhangliang,650692197203031425,单于修诚
丘丽思云,74bf5a7379309654c5a592434f4cd80e,5079,78087717743,男,p2j,632988200607293012,20060729
20140317,男,伶舟姣姣,f0f53387bc224bb2a044ed94da996a3f,0pnlightzhangshuying,5080,112279201403179419,78883126051
蔚傲蕾,男,dr0opDaybr4akliuguizhen,5081,71214519801118257X,4c4f2f649c4c10b7d04b8073ef753624,79626738047,19801118
罗思远,lihongxiawangbing,75949740662,5082,189289197004056385,62cd414397922aa3be51205371e049b1,19700405,女
19920816,女,78407800148,775097199208162563,6ca0bdf55cab5bd303648bf629ecedf7,superuserxiaocaowoboke,丌官瑞芝,5083
78138133565,束思茵,337f93c11edf540e5ec5688f57b20e02,20140415,男,yangpingsecuritywu,5084,063168201404151137
5085,949a24cf93396feb6d08eafc5a424292,女,092204198305175647,19830517,乜涵畅,79905212628,zhangkunzhanglong
男,lixiuyingliuhao,74767053948,bfd9e3551db8021dd3a88c97be88f61b,关其文曜,350834197510234958,19751023,5086
庾姑,78267262051,男,liuyuhua0cx,5087,12a87c6adb322d916f90e7651eeecbf3,945821201205124615,20120512
445bfea1eb65ad99dc6268cf5104d558,707788200310142477,20031014,5088,wangguirongbPJoanna,男,78854079180,慎嘉玉
凤彩燕,20090331,75689228701,5089,男,blackh4tyuag,676683200903312030,74d9694b1d64e34742b30e31c93f8a10
司徒高超,958426201007144986,se7ensecwanghuan,75176492805,236f1ec02ef856b44006f1756f9b32a7,20100714,5090,女
男,liuyuzhenplz227,5091,020153200409128551,4fa39a8a0af43f5da8c40825528f668c,78296128774,工师玲羽,20040912
20050809,403906200508091881,5092,卞高旻,75608319048,be4b823e4e7a1f240427385ea374dfb9,H4loGuko,女
37374620110409385X,5093,08255889e6b7a7f33fb737bd093423b8,甘公平松,BendawangzhProcessor,20110409,男,79691703409
73363051997,男,19980502,4468226dd7a7b7bfde2084745f4e4690,082510199805020939,5094,topsrcvip,公仲一嘉
79525437686,林高妍,5095,090316199406039541,wilsonzhanglanying,女,19940603,233c8c8708fe2e9fdc21af102ef94c9e
5096,cd7cc530f834a0a6a741457dd9bfafb9,男,100120199608100516,78408399833,chenguilanWinter3un,相烨磊,19960810
73746898910,5097,20200412,7ecefffd686b5752a483971abb30202a,74458620200412086X,女,班元武,o0xmuheliuyang
女,185848201105240385,pav1lilanying,燕正妍,5098,79379049817,20110524,91ba783a876ce931492898199b1cb81c
73704012812,5099,42835c079b8db43cb2fb41bd806c1153,iosmosisZedd,19810211,526314198102110867,钱柏文,女
20111203,79bec95fa628826343cd43d236443cff,农敏学,女,lz1yBendawang,5100,302351201112037423,77680853258
VulkeyChenyangxiuying,19990205,6d407b63cec76be4b578ab8741b5c00a,813060199902051650,78501386926,男,5101,尚阳曜
987590201301025743,2da6fdcc49681defb2f1c4cc35b42ae2,lunlunzhangjianjun,74831519017,女,出连淑慧,20130102,5102
男,51be10f9e45ad2e151d980d3b201dc9b,788947199411041011,19941104,77319912035,景成天,5103,quinineratum
5104,19810102,男,a7umzhangyan,932302198101029378,5c4eec66b5cba144241a83d98f15fd73,76798290832,郎云
300717201501066540,女,成希,runhacking8,74676457394,20150106,3a8e209755f9406c1b0b7a6b73b97334,5105
男,d82af9de4e683814edcbea1f87e1731c,20140328,043922201403288511,wxyliutao,齐奇志,73426052636,5106
武映安,137377198207089228,admintonyOrange,79321366024,女,343b1c4a3ea721b2d640fc8700db0f36,5107,19820708
5108,谭淳静,78930573078,f826a5afccbbfe91b8ca10220188ab4b,20120912,055690201209123987,darkeyerjkangel,女
20071210,liuguiyinghuntingday,齐高超,5109,78419757648,女,6f83a25c45420e75cda8eedec6569a4c,022257200712101426
feeiBerL1n,493684201403178423,20140317,5110,fe5a3161af189a854685f7b4291d8bf2,女,73710074403,东阳妙珍
20000115,688092200001151175,公阅乐音,74596378539,90554092a073b64d8c4bf37b21fb4074,shengqi158n0b0dycn,男,5111
402897198006297841,5112,19800629,gorgiaxxliyong,eb1cd2b939968667b2d89e3c496cbaa0,公施坤,女,75570230028
75750458871,女,汲燕婉,ed44b666cb34b74e9995ae0dc5568db7,533293199006173466,loveileadroyal,5113,19900617
5114,cjk123Jaky,75966465534,戌千雁,598309200109077020,e51d647d2add713e9fd0e9aebc6a83e8,20010907,女
5115,男,云琼怡,af57ac64baa4e7928c0bd2ee2665e1ea,649191199210227110,78310620244,myscarletf,19921022
964746201711095516,5116,b1cxwangjian,男,公保乐心,79027525655,6d9430a79bc4789d7a9fefdb05759380,20171109
龚英耀,854255197604046641,79539658536,5117,女,zhanghaoyunyu,b72340b0c2929b7e84882c1817a56404,19760404
公房纨,b88120d640760295ee2f0f5bd9c5ffdf,男,guochandaxiongmaoDe1tateam,20030926,73699716674,102601200309265412,5118
5119,75664910077,庾瑞娟,adff933299dca0196a4826d8a1a93865,19700917,hurricane618JrXnm,995139197009172981,女
申敏思,063508199402149530,男,205d7d2e7e378b4d7b0e7211d3e7dfa3,5120,chenmeichenhua,19940214,78276073012
5121,79601033638,公析楼兰,男,061c61da807e7d6574b311484e01a52c,admin1comarchivessnowming,801164198302025339,19830202
19750829,5122,男,和春娇,imlonghaozhaoxiuying,933786197508296051,3e8a1f5f4bcc475e4e0e94c89ba45518,77472973380
夏蕾,mang0Rvn0xsy,980127197509244759,男,5123,75163221392,19750924,1a5b7affbfe5740166f6f7cea09490f1
5e5bc7e7ad52bb1bed1fd076cfd3e7b8,79957546537,Godotfengzhiqixidi,19800604,公建兴生,069560198006042033,5124,男
10242019921105736X,0f60ad26d87f16d2fe7870ef2dfdf7f8,女,19921105,齐晷,74861729215,5125,liuqinOrange
79104276552,5126,yangmin,女,乌熙华,4d8d90974fa70af8b055b79a6a5d72e0,116365200311183644,20031118
公房澎,1aqliuhao,ca547b90bee818821496cd48264ed817,20070417,884053200704178584,75660949377,女,5127
5128,古冶鸿哲,zhangmincuijianxiong,男,cdbdeb1fcf8eaadf9d8bb35e6cdd4769,78616272361,444933197611208710,19761120
19761007,女,0abe042117846b750d4ced587ae40024,889166197610075768,anquangongbanzhuanbijiEthancck,5129,78408127877,郁瑞芬
613483201612113226,lijiadaoluogangtesen,5130,78412559000,20161211,苗绮波,6636a78d3ec1833abb6ad4489cd38802,女
司徒康泰,5131,78177565819,19811008,xiaoshenghenmangtwosmi1e,cb9edc17a1a824f6559087ce013d286f,545786198110088467,女
711882201012011653,古恨寒,5b3c3c25994dc761a75246e0f8596b17,78540834427,5132,20101201,男,wangxiuyingxuwei
peterpanchenfang,女,19750612,古冶美丽,5133,8621ffdbc5698829397d97767ac13db3,78490287418,654089197506129481
男,彭琇芳,248788198603251837,wupcoyqxiaojunjie,78566029037,5134,5838e714ccfb757f882fdc99c0df6cb1,19860325
男,广玄清,438086198707059334,73611742602,19870705,chenminbyqiyou,5135,50d543cef0d28e6ffdca63f762a23eed
wangxiuzhenredteamwing,女,5136,464565198504251227,19850425,77477399258,习哲茂,98144dc235cbed8384bb70a503e17c44
20110614,77a10bc92d535288986956f110de6d51,吉白弘雅,633117201106146280,apengmaple,73434802502,女,5137
73863839624,5138,男,8066a362191bbde200a94cdd713724ce,苏情,Vsanewangguizhen,658972201202034939,20120203
78766689777,5139,wangyongimap,928020198302102746,司徒高杰,19830210,2439d2e015441a9302f18c9462ed0c8c,女
19740209,傅宁,女,fdce8b99974a6617cd9c8b38412eef97,186797197402095368,75384333648,liuwxbPJoanna,5140
5141,19890926,75675333681,卢妃英才,29dcc766ce871b7fe987a87c90e58bab,069836198909265939,男,chenhao
5142,36084419740309435X,moxiaoxihackersb,19740309,78caeffd20503c7a01f34ee806d466ba,男,杨修谨,77229869563
5143,763950197505223140,19750522,工娄晓巧,女,liyan,b73f00adcdcf871e7c608401af6f2da8,79948167645
73932843477,73cda2259878bfbe28f18cdf81b8bb16,柏晓慧,19810714,bestwingliujia,男,5144,893146198107148558
795923201108093829,熊鹏,weaponxlidan,20110809,9ef86dee8a00db29daf8861f1d31f982,78505176517,5145,女
770493201909217012,暨巧,男,chenxiaobing,20190921,5146,51061fa29878b97367587d3a4f5aa7d5,73900548733
5147,蓟鹏鲸,490718200605199817,fac64fe340af66da3866e4b20661bf11,男,fengzhiqixidiyangxiaodi,20060519,79345064729
19750914,空相菡梅,213f96fd9f87d35acbce37050ede06c8,女,579072197509141088,xunmengdwfalut,5148,73888209827
2ec8e5bb470162e4da0f86fc37a118c2,ckj123hexlt,5149,135253200311206545,女,20031120,78594210950,公输凡
女,20171105,22ccd1ab277aa23a6bceaa0a0ac7149c,533354201711055220,74077993071,0x584Aliutao,吉白韩,5150
5151,女,681108b9dba4da188fc6d0bf648dccba,73594083043,gitbookgh0st,520343199003242187,19900324,戌水舞
桓元魁,43748220060302612X,5152,女,74656961502,wintersun,73b197105b5366d300bcab1aba35fb9b,20060302
443841201408278417,mitahwanglijuan,8c67fef438cfd6fa833ba5ab5c59b079,5153,男,77884672650,20140827,公祖婷然
aff9218fc08ac3e8f34a0219cb0f0064,E99p1antwangxiuzhen,董宏,5154,20090418,74957725749,男,909403200904182176
testrickyhao,男,苏良材,0589c8358b6b5a391a2218b2a9b7417d,5155,20090824,174082200908240516,77875026168
5156,19850513,男,a375c9cfd6445adbe32b62496e9ae7c5,公金舒,79875054298,239382198505136930,mochazzliguirong
5157,e04755387e5b5968ec213e41f70c1d46,20060904,orgadmin1,吕念巧,050756200609046654,76687343404,男
男,曾如霜,75225154276,380217197712313474,19771231,evi1sliyuying,5158,d77bfd77a2978321ae7262a09395b285
20060312,5159,SecWikizsxsoft,506628200603128070,巨母流婉,97b28a537df4ca7e90d6b81bfc77c270,男,74863396361
3a0b4020a4574612adae4736f141b4cd,宰明达,5160,79561120606,女,19790613,y11enibey0nd,129988197906130127
19750212,93508219750212437X,严炎彬,liubojarviswang,6113378331c4a605fc93e8ab4f69d9bf,5161,73098598754,男
misakikatazsxsoft,男,厉胜怡,79584573449,5162,151763199701047679,19970104,34d7451677a1b73bdfe6d4837e8905a0
19770306,Misakiwutongbaike,5163,79999192446,980129197703062265,06b7f8777ecb06df8f90f4feec18a9f3,女,窦公子蕙
19781124,75843619117,548901197811247286,蒋悦欣,8f24b2f9a231e5c8d960058ead5ef08d,5164,女,zhanghaoriskivy
73515920215,5165,单于天纵,wanglihackingarticles,209eae20cef54355b3fc1086cb9ceae2,女,19940307,879557199403073260
Safe6tricking,男,ba4e09ed9f11a0192be6b6af3d00673e,78911050743,关其冠,19880705,5166,809114198807058674
240832199507267178,男,1f4e30f8beeac9d6a2cf6728465ca10b,19950726,凡闾华清,yangminch1ng,5167,76755298793
011d62757c423cf39440f33c5e656582,5168,男,司空瑞芝,mlspace,705876199406068016,79329508237,19940606
097261199005026259,b677b78f66fbc7da6f4cbec7bf4a07df,寇文光,7o8vzhanghui,77450056912,5169,19900502,男
75262925280,topsrcrama291041610,女,460627200503107024,5170,7996cf08a44a1a5f2d714c5a3d603a9e,郜芸芸,20050310
甘先兴,女,762020197205016926,19720501,5171,Hurricane618MitAh,74859084844,2f734ee639cbe3bff6838ba5c0806c8d
公先储,19711009,女,09deb3fe1ed3d9a134d07731ec1bc58c,5172,78028596128,payloadsMITREATTCKzhongwenzhan,189175197110096440
cnpanda,5173,74001954411,546166198407015958,19840701,乐正兴怀,男,08eaae80b8e72fa83a3004185e1f41e8
古永春,681e8a56e0a171239c35064c3ee142e5,5174,75858536247,028469199212122374,19921212,xiaoshenghenmangv4kst1z,男
76712183294,371950200104259329,zhangminDispa1r,单于冷玉,女,20010425,5175,193c4264999e475b3f89adc1c2913812
763985199506256541,女,75381361713,19950625,南郭文山,5176,f87757ffa074ac020f046893b0d25b5f,pingmaoerXDSEC
5177,73107903814,19860210,公绪令慧,wanghongmeiliujun,男,3133a9bb9fc56e125d6599b0c02122a4,754429198602106259
cfa6d81df9558cc8afa1faa8ed8973d0,payloadslishuhua,女,凡闾屏,77195928540,19940207,670567199402078147,5178
75051209686,262810197911144370,19791114,男,824c66e230c79b651de4051ce75f2d74,devserverx95,鄂慧丽,5179
20020704,zhangjianyangjie,881726200207042877,5180,01e959b643f6fde760818d377f890424,庞文敏,男,78375086135
5181,75863154753,293b0cf993d09a22856d02e4f06f3913,20010815,女,公房代,65157020010815586X,rai4over
女,zhangpengxishir,5182,f606ce2d091aa3264c08052f31b89641,343626198409242085,74636405772,信平伟祺,19840924
pw,70779ae926030f99c09b5f4dbd877807,160264197405031323,女,19740503,5183,司空儋,79149708904
女,5184,skyofkinglovenetblog,884204197401031760,a5a21fa38156e1c824d8295498c0d740,73136547489,利妆,19740103
益展鹏,5185,106047200908183179,73469489236,20090818,lishulan4o4notfound,eea77a6fc6938ff827d623e0541333f5,男
20071025,646847200710250072,左师子宁,74859225365,5186,90c2e78b60e5d4baf35fb61f149a06fc,MuuuNyadonot,男
男,507691468d05674d206b0b685194ea18,20080914,仲长紫文,5187,zhaomindr0opDaybr4ak,77208278151,582897200809145639
男,5188,690413201203282312,lijianguowxy,20120328,160153871da46c45196c6cf6b3bd8bf3,75225541470,甘公子蕙
男,79985120772,momomoxiaoxilixiufang,d30b6a4d9e94cbb9db971c6283cfcd9e,129225198605108779,信平宾实,19860510,5189
19800514,b7bbf01321357c4862c0c7c72b28389d,男,乜魁,Salt,79358057384,5190,770920198005147714
cloudyuliqin,706b572e960e6550f9b82c207c1f52af,445134200707064289,谷文翰,20070706,女,5191,77326243447
女,552457197101013726,5908dfab6d32829fbb87120ac0752f88,19710101,73436572289,5192,jinglingshuyanglong,臧杰秀
劳品韵,d4376d9cfc54fe9e00cdd18387b77e7e,19720225,Wupcocn,女,5193,79114872668,953379197202259627
19981101,女,zhaominzhanglihua,75775347672,陈萦思,731521199811015129,acd6a0cb61b98527ebda25e4ee1b5df4,5194
20030120,男,wangyulanwangzhiqiang,慕敬,5195,763142200301201215,167a510549257e09840a61ee33e17c3e,78935325158
詹代荷,男,Jeary4uuuNya,5196,19740429,78292260891,9fbc5f723f53079a7d22d639360bb136,553999197404298679
邬才艺,20080916,zhangkaiTracy,e522e88349b2e9b1dc95f1df2aa545d2,女,204835200809160545,77593146216,5197
0xMJreversing,5198,064334200810317888,73898922754,20081031,8cc929411076c024305c590affeb3c43,秦毅然,女
东闾寒凝,585284604bd2336a62cb84ba92152e9e,女,055672198208091541,19820809,5199,De1taTeamin,79862321493
19403919720730904X,77411749597,女,L4ttIc3klaus,5200,19720730,142fc93dd55cf04366f31f5ab958e1f8,扶彨
计忻忻,541101200411207351,139f4b0463cac688d95f839dce87f5f3,男,5201,77524212759,panghupeterpan980927,20041120
汪一凡,superuser,5202,ebec4240443b546836792e2d8bb868ab,19900615,男,78088176134,810474199006159513
659582199004081912,19900408,75259786395,mistyImagemlt,男,明访云,abdfe78b4fd5d7037e0606d7af17b80b,5203
7d5a52d11763db37af9357845c44dde2,klauscnlonelyrain,男,鲍彭祖,653544200805176534,79671001828,5204,20080517
zhangjingwangsongstriker,5205,19850906,029978198509063061,b98b2668a8094fa21d99a6c07abda720,女,73155355857,潘松雪
zhangxiufangKingkk,19900906,75093368767,5206,宓梦茹,db8dd411fd4b1d635345f41d707c144b,女,49283119900906584X
5207,785529198606099828,居永福,19860609,73537278930,35e7b9ac9fb91921dd119975d2a806b2,lightrainschenhao,女
5208,19970414,男,a0813ac99c80c215b361a0869d696f34,01533519970414033X,CyrusFanyu,和南霜,79852084651
5209,c2b0d7b2a6d6ddae246551d2e15be77e,男,20180119,77192456767,bertramcyiyepiaoling,46135920180119025X,桂飞文
20201103,许征,705372202011038615,75063533562,zhangguifangmisiteanquantuandui,5210,e274dd7e9138f0be0d0bfcd9b4d524c5,男
79528503431,20050208,478376200502081643,女,aryb1nKirins,5211,c618fa86642f09f1aa57f6c670bf6cd5,白嘉熙
wangxiuhuazhangguizhen,禄晓彤,19791018,682813197910187130,73488847224,802a53ee4185f931bb2669bdd179b175,5212,男
高高驰,男,5213,19980717,79689652634,bertramcL4ttIc3,6b8af48711fdfe96eba5b04d68c2e595,865337199807174971
闻俊达,386261201607102915,evilwingAuxy,5214,75711979676,20160710,男,115f0e1acc8dfb5d3a566359e5119366
公文娥,notwo1fwangguixiang,男,74704659533,5215,20090719,729317200907196812,47358c1ed3f7aa602c5b8bc281a78982
王官映波,3db9e2cd92fafec352681154a35ceab7,19950114,5216,75213663531,0aKarmAcomsimeon,女,23796719950114154X
5217,女,20151117,96b6afdf3d64503c69e08e0fff859b2c,73176545089,strcpyliyuying,937045201511171783,邹春柔
a7fa0e42f4307920c9429c8004cd7b7a,390559197003317845,gxgoodboyMrRdarkeyer,5218,19700331,75794057897,女,邴高义
宿梓敏,女,19870205,chenyongwangfenglan,421eb4ab64102a929d7ebee51dfc3cd2,5219,78476798908,356550198702057144
47790120200329584X,x14hackkctf,79388672737,阙阳煦,5220,女,20200329,e91edc794b625c95c5ee4c6f4c571fc4
5221,CarlStariami,464409198612091527,1b697c51d3a64005618e399f810e5d1e,女,77610562722,19861209,仆固星波
男,470492198406026458,1131912c48d57e84ae99c5179539774f,赖瑞,5222,19840602,73530678303,rebeyondGroupT00
sshwangzhiqiang,19851106,彭信,626283198511069560,5223,女,75031708921,e0464dffc41bdb8e5e1eb2e677833f70
5224,899535198601183859,73924830273,zhangyuhua,怀密如,男,19860118,c7f20d610915f05a9dd3ad0133b0e85c
75517690383,罗沅,a3eaf3fd85a975c6efc8fbd3ad2a0c8a,女,5225,161520198511024122,meHappyTreeFriend,19851102
5226,278641198411193710,男,关盼晴,19841119,zerokeeperaliyun,ac0ccaa3b2952361e23d2a5418e65201,77730749484
5227,73852544581,231108197604159816,19760415,68ab4b24d7e90ef03ad0da711b333b2c,逯雨茹,mongodb1aq,男
zhanghuiclub,75365876715,858131200210261981,女,汪理全,da22fbb744a3eae4324b8b3e47a76db4,20021026,5228
309895e79958c289687de00c16201df5,女,571111200909155083,PwnGogEX,20090915,75179916753,5229,黎波光
20070520,5230,73711107125,男,628093200705208710,b6260a2138679df00c120677dfcd45b9,安经艺,developlixiulan
男,be894327657810eb105b592d9b6485c3,19930829,饶高雅,saurenzhangshulan,75836236313,277128199308294236,5231
5232,19821007,liuwxWinter3un,73138765258,4d2123670b755189fc8cf092d661a224,男,566297198210076355,辛越彬
252761199911163952,公车子怀,5233,男,73511469823,hacking8Peterpan0927,19991116,5b90dfd95405354520f8473eb8830363
d2524b17ca055c536a0a529666e8bf03,5234,20200410,819535202004103165,同蹄俊明,guochandaxiongmaotopsec,女,73683320913
男,94fd5f0ae69a043d4bf1e627c0ad53e3,74692704918,291639197206200652,wangyuyingfirebroo,关武,5235,19720620
76712041899,叶储,7a1885dfe5748649578f2cbd201b0122,19851215,5236,男,177117198512153214,1oido0xmuhe
09239519971222366X,liushuaixmanblog,5237,19971222,74683085437,6a9a70a43defe2845e7e6c19d4b0c574,女,丘丽俊拔
lightrainstop,596a96cc7bf9108cd896f33c44aedc8a,男,74526004205,827109199306168838,5238,19930616,秦力勤
男,73134654357,20130521,5239,700cdc4506abc4aa83fcb57faf2e4365,561626201305213814,邱访风,Se7enyanglong
test404,20181002,73227877231,189641201810021338,5240,f408989c22edbe79828061e4402e1288,司徒钰,男
73466799383,20120224,88195cbcf8399ce6e48a550ec7ba8c93,女,5241,左人雅致,540422201202248124,Hpasserby
db7901124580ba50e9395c8a7965efd3,边瀛,20180712,5242,女,Yasengwolvez,75399734731,948375201807123825
5243,chenhuiBey0nd,c5370e63ef242d456c93f4e7a7248219,85609920140829541X,男,73030403009,20140829,公丘绿真
芮冬儿,436368200105174441,phpinfoThunderJie,女,75172810103,56c6ddb511cc68cc2ebe712e2f9d9f47,5244,20010517
320910197009159041,1d77372dc13263c2f599b2101501eda5,79363199940,公若雅阳,5245,女,sycsecSn00py,19700915
264351198102162487,78726541821,zhangguiyingplusls,3fb44167bacfc128e124d288c91d58d7,19810216,女,阎媱,5246
曾紫玲,liumingrj45mp,男,884705201809020259,20180902,9cd6889d755cc030dce384726c5be62d,5247,77894845065
男,75128005115,黄建元,TomatoTom4t0wooyaa,5248,985603197805015556,6038ba96bb568bb592553195054a9c57,19780501
75575644684,zhengbaozhangning,男,司桓,5249,19931214,40759e65016ff210d0c3482812355fa4,359630199312140476
75973500542,扶新巧,23abb8c3e79deb5741ba555896da54f4,848159199607229380,女,5250,lostwolfkn0ck,19960722
19870102,78113271242,7ba7773698e29a8c1843b1c4e234bc6e,rebeyondliuyuhua,5251,女,312493198701020984,屋户安澜
19810912,5252,男,75156770586,97666f0ee50fcb0cd7c7ec52e68f168a,连绿旋,616893198109122515,superjarviswang
20070124,414425200701246528,胡嘉玉,77188442057,5253,女,b13061928a84be5f5bebda128ac2c843,apengzhangxiufang
女,78095817898,845683199303084420,5254,19930308,apengsuifeng,唐镇,113604fb0e9f8ec502a7ded3c6bd5659
5255,19740126,wangfenglansm0nk,920bc5e5fdc9c0e9150c54f62d0490a0,蒲欣怡,76720455346,男,717871197401269233
丁若星宸,73922046923,5256,19780319,0day5Ginove,男,578f267f6bc9e4a62a933e8cb0bbadfa,608293197803195717
20160208,eternalsakura13wangkai,74819107333,5d54b0665211d9346d02269a0524e534,男,837793201602084453,元傲儿,5257
jkmehackersb,5258,195801ab4db27e422b70b80a1aae2562,乐宏畅,男,226003199407234711,19940723,73493780074
75653385319,男,zhuiguangzhezhangshuai,5259,593473201506158859,d19543ee1884216f02c3772620f240c6,伊山,20150615
441815198310268529,74873071861,谈驹,5260,19831026,49056911653448d085607cac74a8963e,女,7o8veonew
5261,wangpengmisiteanquantuandui,74676239236,女,鱼元勋,20020121,287929200201212242,aa400707abc722b12b5e3dbc06fa8477
19721220,瞿昕,4cfc1925d550b0ba6ddc881008eb5bcc,75527728923,5262,950484197212201019,男,zhangningb404
904fbb717e1f4e8b1b4dc5c97a2a840a,5263,274732198506069064,19850606,女,liupengwilson,77499175136,公冶涵蓄
352343199004072060,女,75987601448,19900407,臧婧,9aa28b5eb719205f4a14d8e874b072f3,zhangxiumeipeterpan0927,5264
74099794666,19871121,926865198711211673,男,liuminsqlsec,5265,6346097dbc46f8ad13adf24c2a8e38d2,田璎玑
公荆泰,79395969529,997791197102132562,女,6e79120dfe969a7846a4b7a1fb63ab19,5266,rj45mpevilwing,19710213
2eff34fee1396d075198d01edb2d2371,19850309,507997198503095267,wangleiSingll,菱晓霜,78672832093,女,5267
19790317,77717776016,男,滕毅然,eternalsakuralihaiyan,d61319962e3c539bec079660edee91cc,779263197903173274,5268
584191bc74d00541d16217e9b5069188,男,5269,73875883052,束思,19720129,783331197201296350,jisecwangying
华胥青木,1db3506604508697112009b0a7b95e44,男,Ginoveliuxiuying,19801111,5270,78766750395,166630198011117376
490eed2fd1ed80f8c867eef038dc0a5f,wanghuawangguiying,75068090288,5271,女,850838199102027143,19910202,弓欣欣
女,19940228,5272,79037466612,富北嘉,tiantangkongqiretme,875026199402282444,8bea07e640b6b436b14a310eb5e0930d
f9aa3ad6fd36e0bf181bfa128e3890ec,5273,男,77832094030,鲁泰鸿,436261197808135858,19780813,wangxiulanAtum
ebe9729bd02e72919444e5e096009fe8,979577198706234329,女,5274,19870623,朱高驰,79585924813,wangguiyingaustfish
c1310589cc34d039540eb68c03daf1a5,5275,夏鹏池,19771021,543721197710210636,男,79356171363,K0shlkerling
男,5276,20151031,949193201510316135,3f8f4e17741f092df9a4f65d6b2cbc4f,lunlunCarlStar,75352538885,伏羲如心
f1shchenhao,男,b1f53abd5820779ff37238b40f713612,5277,苍自怡,78910315535,092819201612075971,20161207
20061223,a3edf5eca24cbfbc590020b821332a66,男,5278,274475200612238857,王官月灵,77811307335,Jearyzhanghao
venenof,19910519,5279,男,a4c2b0e11a55514ea0157f29d21c1e2d,越学,61004719910519907X,77385828390
255015199012229950,695c56a0ea4be03e7b1b3b10ba348275,adm1nliuhao,狄丹琴,78929991037,19901222,男,5280
女,耿奇希,hurricane618bigtang,20030612,75e3c265d2ebfbc2cdade07667f9034c,5281,74660437938,898309200306121124
女,米春枫,77716782008,516682199802056043,SheldonMITREATTCKzhongwenzhan,06262c98ca63248fce5629a4e7f2feb1,5282,19980205
54635a3fc182b58a17ce2d49d48f4d2f,415769200512297784,女,施端懿,78157861583,5283,bertramckerling,20051229
女,abcdefghijklmnopqrstrebeyond,721806197403101142,左师和硕,4fe3415d239e8e7c579a476e995a5b24,73412776388,19740310,5284
897560201811133162,d5ea2354d2d73271a6ea94419180b68c,20181113,女,5285,redteamwingkctf,73399777537,隆晗晗
19990910,鄂岩,男,987659199909107335,74714866815,Dik1s123dayu,5286,cb69ccb496826a4e6ed1794cef6d1331
女,fbdb52fe33a41dad99027894e8527fee,19770526,曹文静,74678497219,5287,leadroyalnxadmin,864654197705263984
男,5288,20130216,公仲梦容,75694570221,459410201302166610,cbd52caf4b2d52759a19037eaf1690af,evoAKxCode
家元良,19940508,494676199405080041,naviseccode2sec,5289,79803602829,女,c5e172e2507e0a58fac8e343cdfd947d
男,73254638862,a4bfb20408d8ecdd22d1470c05c1a7a8,蓟逸美,074566199201185355,19920118,misty,5290
liujianjunzhangwen,111401198211265860,74978865654,屠元纬,女,5291,19821126,3a81355fb745d9b75e9e7a720e9ebfb0
dc9d6c040438ded85c2067aeaabd2254,5292,米语柳,215856199005289289,女,19900528,75572504795,51ctochengang
19960506,男,wangliangwangguiying,861776199605064910,5293,双冷珍,77618180010,1e81d9d48e587deec144bc91c570d6a9
女,5294,74056103949,19790806,meizijiupeterpan980927,5fd9181e1890c081d868e9e5bdd6f7a8,宫新立,244340197908064168
20031009,2edd9ec8ef2a55e3214db9d684d9f2ac,于海女,75604842054,630806200310097334,p0pocc,5295,男
tasfaPanytucaokeng,3387665260cdc06482c8f43e65aaac13,74984285763,484195201106191681,5296,女,江秋华,20110619
5297,屠兰芳,Nu1LSycloverSecurityTeam,ebf6b82588b45454d5108fe93710cf0f,20100603,女,932768201006032123,75020738663
即墨陶宁,172393200301230155,73468938650,5298,df41a9f98be89ff8bfbdb730282f44d1,20030123,男,4ido10nkerling
78558835905,08482519730116465X,LonelyRainliyuhua,男,35d0f1eb0410939a6d4729eabbc1ab01,19730116,公齐含双,5299
zhanglanyingdwfault,c593cc79d6afc605cec121e6f268fdfc,79844982294,女,5300,384919200904306921,丌官珆,20090430
demozhangchao,77865978431,女,5301,927aa91dc721755e8ed61877b312438a,19830321,古里睿诚,574279198303211066
403325201102028939,璩鸿飞,20110202,5302,9a49fa8a6fd11d1d85a3ddbedb0f7735,test404lunlun,男,73329686049
965015201505139168,20150513,女,4abe0dee17759debc28132ff31ecd6ef,yanglongyugod,77442771184,慕舜,5303
19950413,5304,男,TuuuNyachentao,越巍奕,cf802424ab1302f188bd1ffa77cf6c54,166169199504138653,75571392296
男,77565133290,safe6Swing,19960811,殷书蕾,095649199608116072,5305,2577c4b6b7bd4984a462e545e813460a
devsqlwintersun,f0d0145578c49ec655bd22c968d492f9,20040320,73843235868,884166200403207780,秦延,女,5306
77562125041,221967200903283047,19da178121f911384876948025da8de2,20090328,5307,靳坚成,女,MisakiKata
5308,女,406958197706093081,广修然,4dcc7e12c9ab9395ace0baefbe53d394,darkeyerSUS,19770609,73066372051
19721019,62a13ea3d9758ecff23b1b27bedd8255,z3r0yuadm1n,殳冬灵,男,78353357902,5309,896226197210195051
77116822075,女,19901011,5310,NuuuNyazhaomin,165195199010112228,蒯战,a594bd37babe6505458d52e227a9e308
73399929259,5311,女,聂伟兆,20040331,980197ba1074d8fcac38bdbcb52fbbce,rootnet9199771,588898200403313286
20070904,lipengDecade,5312,75336922324,b984afe363c9561419371cce709f573d,062316200709048113,男,能英彦
72606619830705101X,男,5313,7ellliuyun,孔芳苓,19830705,41e1f88ad307678f9eb73f5ce2f4ec31,79968759848
女,851e2f69779a64a152e4fed74594330e,78861853693,符智渊,5314,19940509,liuhaowoshixiaosan,237231199405096449
女,77187445981,e7a02af87cfb5a3fc0d844fab7dc8407,zhangjiedwfalut,5315,邵琪睿,20180506,082546201805060283
公良绿柏,5316,男,dc5c43422e6dd0a00fd4ff7c7ef4db5e,19830214,79959824908,liubingevi1cg,710556198302142972
moehexlt,女,5317,19810418,645669198104187567,74955878500,7675fb5ece601f42411f292bcc073b5b,昌思语
5318,78961124741,男,441388197012206617,b40502dddb78a3bbab508930a0c13bf0,19701220,kirinsayLovegood,厍蔓
5319,19870511,糜承德,3c08aff159d0336753aed69fcd4a6750,女,77284553996,028580198705119666,sayhi2urmom4DMIN1
男,19831022,5320,4e0abe266e9048408fa1513b577a7f59,75023323576,周朗丽,wangfei3com,185332198310224373
79549298571,男,a465f859bc699e6a5e116c4e437b238d,eternalsakuraTiaonmmn,5321,周啸,541921199202069814,19920206
470732199506111769,女,a4838d8cbac96d9bd631daf202f15e03,liuyuzhenchenchao,75997583594,靳涵,5322,19950611
cnpandatimeshu,女,321525201203222983,5323,20120322,储淞,153a977201c642092862713d38e88070,78088759461
游康成,75140034097,男,20150308,5324,318914201503085359,ecd05d3dc1933ab324834fca32630dcb,zer0yub1cx
b9b803ef59f9fc73408233c1b368a731,公襄和雅,女,79819900299,Virtua1zhangyuying,766048201112200344,5325,20111220
082143200908124782,354da113e68ef0498d9f3dd21378151a,5326,赖自强,女,73519775495,20090812,f4ckwebwangjianguo
522336198202090730,guestliuchao,男,75272699759,东乡苏夏,19820209,5327,c4576fd95f25cf947785faf0f02a8cab
42a0ec125ac0aa897509e7791c7da721,286764201504198742,5328,女,lucifaerlteam,南宫宜人,20150419,79511209420
女,19750713,liushuain3k0,973728197507136260,5329,79969416788,790c866c11a12d5c6e1d96368c907201,甘翠柔
73127836894,257741199702161984,郎秋荷,865eab1d4e5db2747ed5d2fc24209e91,19970216,5330,lorexxar,女
女,5331,8a5af73d5b02829f0b599016953d7237,79507811997,329802201803164368,武乐语,wangjunfupinglee,20180316
77750129283,19840810,女,27105119840810184X,c2bed5979f03b92443dc7a7596b9ab01,晃富,altmanac,5332
19710215,辛芝兰,tangguoAdog,1d31c1734ab708f3534e3992d1da0b9a,男,759589197102155478,77616373605,5333
74598407467,19950209,f3f7d013627f9fea20534b3ef9f15610,wangkaizhang,连语海,女,773146199502099167,5334
男,5335,20140523,7fe2032f8bc92b3cbe278761977cc66c,995886201405232730,wangxiaB1ain,74561187616,仆固宏伟
liuyuyingpwn,19760408,居瑜,d90f1d262f8e4fe5a027bd1c0e987f2f,73321709358,5336,507898197604089321,女
sk15cjk123,75956455944,5337,780251197006239438,公伯品韵,3ba7ebb431c9d5eb56ce6d0836e624b8,19700623,男
5338,74069115413,057277197006033551,男,L4ttIc3,7f2d324f2065bd830ed13e5a17825e02,姚鸿博,19700603
男,488713201407191337,20140719,5339,78996116941,36fb48a8d0611e21a4becef596588d29,公房幻丝,wintersunme
0f37cba9c8ac4383ceb259b711e4c9d9,5340,200334200805290185,78315746370,阎芃,女,xumindevsql,20080529
dr0opDaybr4akdaybr4ak,920779198106097451,73135983364,ae55b77f0f1652a6b86625786dcb7922,5341,男,时玉环,19810609
74908398853,20200417,ff49fdcc6ade2874c79e358873aa6e38,男,薛瑾瑶,lofterwebmaster,687614202004172272,5342
昌恬静,20100930,5343,H4loshiyan,628661201009305417,6d89d55cc2efbf2b882d17ed6a8a07dc,73172747764,男
伏亦丝,Bywalkslimei,19980811,5344,898529199808115833,男,74066118713,f56f595cdd4e5ffda9a9d11e9177a32d
男,78810027247,20141005,e21f25fef332aaa052a06b7fd8349803,ZeroKeeperwangai,5345,苍子琪,525099201410057835
70fe9d1c96b0b6ef2f711f0b5b48c1eb,公保妶,男,19910122,309532199101225574,73245749604,loudongshidaiwangkai,5346
臧永逸,96995019790220371X,男,19790220,hackjiedevsql,c5eb9fb64ef836e46d0c688772a3862d,78904219877,5347
73603270165,19750726,5348,Chuthinkings,女,b4bdbca58d706652090ecbf8ada0e209,213513197507261844,左师雨旋
19941129,Birdliufeng,74837429994,c404cf95a01c3118f232ee481c2ac095,女,雍伟彦,955804199411295226,5349
zhangjianyangziwen,75917556280,19770608,女,5350,039658197706089469,詹擎,3faa80eeb5165374b8cbd1e41bc88151
73940270077,女,chabugli4n0,5351,19721101,300637197211018082,f2cb5863c273391497fd25423f9700e7,汤尧
男,19991030,197100199910308032,liutaoliyuzhen,78322645265,89c1a2b08d80d680fc71ab3c7800ee7e,5352,端木雪翎
5353,managefoxishaonv,男,77105673407,848208199408110614,b1cb45587c187b0321c1f982f506b116,穿封梓洁,19940811
20160605,女,bc4a483b995500139960f21ca342f698,邵萦心,526378201606051860,5354,74935967094,pa55w0rdp0desta
78945568598,男,伏羲斯琪,5630470f9f7cfdead5344a315e47c50f,5355,Ginovehexo,695006199806025576,19980602
女,cf909e44433c30e7f32934000b146263,5356,698552201501253744,20150125,pingmaoerlijie,衡欣怡,79626319115
公师微澜,5357,247639199501201960,74682345688,venenofyangliu,19950120,女,8f4b3f034433f2ccaa03c0d89afe397c
liqinwangxiulan,5358,789813198505169515,男,薛和璧,93b2489395dc262842c4093c3a76642b,19850516,79008344966
公建山,zhoujieWisdomTree,769763197710212180,5359,19771021,2088d46bb445de832fc8167515df2a77,73178386135,女
153965197111234884,75604328760,女,51ctoFeei,19711123,曾光明,2dbccc862c86e9be556db3b5deb60918,5360
huiyipiaoruxuecomubf30f18c872c,88f5cde1b3840101e27285315a68da86,男,73227802123,5361,69782619871008915X,19871008,满秀珊
527b3c667204f772dc8b020ed69a4c11,chenlingyuanchang,20150713,481961201507134319,男,75593600353,薛明轩,5362
73457950576,5363,19860703,910854198607031414,党社,d5478f27e08ebb1f911213a1dddd2ab1,marsfun,男
77207518192,yangbohacking8,女,893807200408061660,元亓双文,5364,20040806,5871ae65b78b19d563a8c1aa5192e959
19920620,米蓉洁,jearyHone,5365,dcdb37d2c3890567ad9c6e8e9f56e28b,74513888574,206495199206209611,男
e75e2228a8036523189f451fcf2ae383,19901206,女,公输凯康,5366,197895199012065221,eggunclewangai,79855105857
5481d81eaf54da1fd381b6c7b128fae9,77616043839,liuwxzhangjianjun,317884201204113762,20120411,万问薇,5367,女
2c183ad5dd28cf6d7c08869db8320693,章仇尔曼,75966098882,19870617,5368,女,svnliuyun,177132198706179766
20180725,5369,9ef94e13da708501d1dd917fc2dab160,殷昂雄,GodotFlanker,409955201807250616,男,77453744740
systemimap,5370,ed6d379e8401cd91b1cee4f71cbf97d3,男,75783452048,645057201209108673,20120910,古成高扬
tonghuaXiaoTouMingyo,274658198304171974,东乡尤文,74869760246,男,035b5b17fe391aef0851f60844758e5d,5371,19830417
戈玉成,090715199804115058,19980411,76676370473,男,Wupco,5372,0168329f1530f048d3edb4545567fff1
女,74704891175,5373,chenfei,2019d497e1c2e603ec225cd910ff9b24,19821010,96573019821010386X,雍寒凝
708168201609187781,76672834443,公之映真,xdxdrepwn,女,20160918,5374,33ffc4ab0bf07a817ce642ccd7b88a07
8a846eb66a47d96fb48da3e080fbb950,甘先青槐,78811520670,男,87758420151226707X,cnpandap1r06u3,20151226,5375
5376,NoneGirlIuh,74520407574,19970518,455655199705188670,男,汪泰华,34452650d90d3c50be065202625cb608
花傲儿,a41d52ced9787e0bce109886d04cbb0d,5377,4ch12dychenhui,女,127256199011179163,79896980880,19901117
19981027,c66cc668c477bf14e48e916a72e6ab1c,641870199810274235,honeliwei,男,侯冈欣荣,5378,79854079471
86e3cc30e632c518e9691a8112ece8a1,冷梦玉,20091019,74683861572,5379,368626200910191160,女,lilongchangochen
5380,433073e77d0318c2a1860803e9c9e210,28599519850421612X,rediszhangmei,19850421,女,融鲲,73034121310
20040611,wangqinPatrilic,491091200406116580,女,79561751669,1156db94b6fcc48545531f2001fd4ba5,5381,毛倚云
dfc6cd9f4b1121636fe030df7292fe40,19921126,女,003156199211268324,xmutsecsfishlost,申亿,5382,78287866671
75104264686,pupilesevi1cg,姚灵竹,20161002,女,7a4f5b482827df8913c3522917b0f84f,194343201610025661,5383
男,公甲瑞芬,5384,73259504240,669317199506160235,19950616,chaojidaheimaoDe1tateam,662be8a28444fe9b80595f92b8493fc4
19950703,女,Bywalkskirinsay,0d96ee282285b0d3d418f856bc1faff6,耿晓丝,5385,04583219950703884X,74594491178
78773864939,男,wangnalipeng,19891028,鲍光赫,b7478b24c636e17722e989cab099a561,685862198910280276,5386
乘马允,73300373290,382092198104061731,男,69cdfaf06b23db4cc2b14fcf2d421129,19810406,coolliuqin,5387
Wins0nwangyulan,568000198504175457,男,邓水,5388,aee49b7092fdb27bcb21d83d8ad57858,19850417,78921639110
5d474bec6cb7d262dc2bdc9a68416386,5389,19820228,女,73147309639,后水云,MuuuNyaVicen,701370198202289147
女,scarletflixiuhua,5390,565843199602112463,公罔光,36741ddfa6f448acc09d75a881456a60,77444033176,19960211
19710529,向冰烟,fe01d67a002dfa0f3ac084298142eccd,980969197105295629,5391,女,73568751333,V0W0x11
20100305,74630436823,男,王官瀚,fe0af3362a2052f2b7fe3f9e6777ec70,netwhklhhhhlixiuying,551956201003058233,5392
5393,钭梓敏,19801008,女,klionsechurricane618,215111198010081786,78688701511,afc3c0448dad9e8d3060e379c8d51a24
19951224,男,50154484335d46b53089dc0627945164,凤瑾,660527199512240018,wangyulankangel,5394,74519063738
bce5fca47a70b43a785a77c562a314a7,l0ca1chenlin,女,249438200611023026,78287097658,20061102,5395,相浦和
941651199005140278,5396,62ae488c464bbefadccda76e4704a232,19900514,75613839473,党元勋,男,projectmoonlihuaiqiu
470892200612183587,e203298e6f42b6c71fc5757c98a3286a,20061218,终福,xinxianquanzhishikufuping,5397,79109792267,女
songoficesnow,男,公敛正初,20031020,77264136293,5398,3c9ffcd0e2677b06346c4ddafc6597f2,28961820031020263X
侯基,5399,女,84f2a85f09f5028830dc95d9298cec16,20120827,758322201208272169,wangyumeizhangxiumei,73845857973
景嘉石,5400,b4aadb300b8930c509c64d3ceaeafa3a,227196201312161855,男,20131216,comwangbin,75643261590
郭霄,95080619900319634X,5401,女,marbluewangfeng,77188550872,7dcc21b8a3bbed39874c44beb1875c5e,19900319
5402,ddfe8f525bbdde7ab1472edcade6b107,77315659578,da7uran0irsymbo1,20061017,郝高芬,男,457140200610178539
19971017,女,公仲沙羽,77697048731,e9a262216f8879caaa061d00838b2e90,yasengdaoluogangtesen,67556019971017814X,5403
5404,20090707,傅余逸思,007261200907075614,79977160570,a0fb05201bbd0cc7c6fde44a68b486bc,男,b1gtangliliang
20010110,466370200101101816,hiourlifethecosmos,5405,公扈芫华,f5691f218026bd7e6e4bebd6603d6643,73396161861,男
ccf60640d4ea07f0458645195686cd76,zhangyuzhenm3lon,13242420090114343X,5406,男,20090114,75974962594,詹天和
5407,575553200310226219,1481252bbec925e2fd51fbe1e1127dc0,20031022,zhanghui,和玉泉,75364387342,男
Zeddsk15,f9fb5dfff75698ffdd6133c5911e4ff4,79062963258,19900427,5408,342640199004271313,男,孟英毅
01763619860429522X,78966582223,公孙水绿,bc094ae78d087084c5dcd63671e6cf87,GukoRocky,女,5409,19860429
78023650370,5410,男,19760104,280535197601046874,357cc74b8b7860f62f30f0c3ccd3e685,寿松雨,liqiangevoA
fb41e9c06e04c28304a3701c7e7c772b,5411,309140200804263861,女,钭贞静,20080426,74950224509,rmb122lidan
5412,男,19840424,向高洁,812815198404245053,firebroowangdongmei,27b9f3535c425fb096ac5cfede6a1414,78830341891
苍蔡琳,anquanxiaofeixiapub,20080102,5413,男,75027684132,8a5e46457e4fc0b3d8dbffb3cf2d8a6e,823482200801021337
254179198305253526,blogp0desta,公何泰平,19830525,75733207258,046edcdbb64bc1233592dc33f3c58677,女,5414
5415,19780216,75015157196,836119197802168671,男,舒玲,wangjianDe1tateam,246a6817552718a3608844975c2c2d61
251015199008115017,19900811,5416,3ba0bf6ce69609dfe495c5830078cac2,男,75697337736,水元风,E99p1antGoodboy
yanglingliuhuan,19990408,司徒琼诗,74677671933,3a918980f3cdcc015057db4e5bd14cc4,5417,女,514330199904087268
20190517,男,767198201905171133,公宣采柳,L4ttIc3zhengbao,5418,c822c1b63853ed273b89687ac505f9fa,76719283506
44825919710729222X,女,鱼含烟,75268589391,19710729,5419,lvweiSymbo1,55142c01179b55c0bbe552bada0cb4cd
505567200401170551,73999922306,3dbb6ccd4c95fb2996867724b9f16327,20040117,5420,葛琴,sycsecthunderjie,男
5421,severzhang,男,77881141193,2eca9c944cc0b0fb92c1899ba7c575aa,282978200806255176,20080625,公旅寻芳
dc28f6f7930fe008e91b883ac26b5011,756551201304193138,农娅童,77751189639,男,Hurricane618Loid,5422,20130419
19860204,男,公仲嘉石,c51cd8e64b0aeb778364765013df9ebe,itssh,5423,881633198602046577,78130228672
19800322,yanglongzhangying,女,62bd17f4cf9074b58d3708b635833de6,490361198003227128,公输海蓝,74572138405,5424
19780907,男,17981919780907147X,濮月桂,79630078259,5425,3gstudentcomview,d83496c6a82f9182a3d85ee57d475726
0a4e0f23c5f0de70d2e01265afa8017a,胡鸿振,5426,19830903,男,396696198309030238,wangluojinglingzhaoyong,73436110437
liuyuhuawangyuzhen,男,5427,809274202001037752,卜辰蓉,4c8369012888ac775a07d79721f6dab8,74595864582,20200103
75679947424,834530a89a37447594d2062cdc9f6a5c,5428,693600200503050035,20050305,章仇淑穆,男,scanfMrxn
2bbded7550041a4c21832275fa9ef336,840473198212133140,5429,女,78078416118,19821213,aiyomianhuage,屠珂
那问筠,5430,ac7415599c32aa8fe7e7354a7eee7f7a,654714201901032352,74637539269,20190103,qingchenldlyuag,男
19790904,scarletfsouthseast,5431,73042414230,崎邱可儿,女,479994197909043667,a82e1fe1191d831b65d422d996150d92
wangguilanvirzz,赵文光,879414197506200010,19750620,5432,c837b32e19b81ba739b173074c2b34bb,77464652946,男
女,5433,步龄,wangmeigitbook,20160806,d0646928e302b2ba80dee6ddc2d88dd9,73626727197,424125201608060040
zhangyuzhenCotton,5434,79911578571,19810301,男,052719198103011454,14a48168227e70833f99c0b97add3fe4,仆固南霜
女,79636804463,5435,455285199202150845,融鸿福,19920215,9b1bc9f2777814a18fc8fedd2bd8cae7,Jarvislixiuhua
37a9187f07e4b0ef290112b27670c6d9,吉胡芝芳,5436,XDSECmomomoxiaoxi,20201116,74928795912,753895202011161620,女
5437,乘马英资,d37ba046763d69e6c835f9f237f22b9d,619388198409038731,79596687377,19840903,plz227Micro8,男
78541505270,5438,19941112,gh0stliling,456801199411121684,7d4314d152a17cb66d5d4408a0e91a8e,女,漕天罡
女,19731117,d3ed6d98ddf23fb763d2cfb4c0f399b8,wangguixiangmoe,公山浩漫,77415208204,593108197311178785,5439
73043559681,19701213,女,京城紊文,041233197012132640,2a22ced880bcbb397081a8b236658488,5440,liyuhualalajunNODE
男,058065200212308455,78650954951,5441,公先龄,20021230,liguixiangimpakho,3c243dc0995e5a6e67ae357b39777648
inDe1taTeam,5442,76714555478,8354b05fd06916884c54f01054b9ff95,农奇志,20030810,女,498229200308100728
5443,78080835982,乌之卉,7208906af2ee5c63cec2b50730729402,男,20150918,lixiufangMochazz,898692201509187159
5444,306207202009217423,V4kst1zsh3ll,元亓紫萍,0e3504106f3851e74b7422d559768ba2,74946623166,女,20200921
76669735421,19860320,男,5445,a3uraMuuuNya,656160198603203259,94e5da5e2873cb1751e228922cd330dc,萧薇
75858691389,365398201508236874,polarislabb404,5446,7152175da22ac1e71233eaec997ca482,尤鸿羽,男,20150823
986548200305205954,a400f4beb125a0883703266588f541d5,liubingzhangrui,公孟翠茵,74834231301,20030520,5447,男
5448,男,370777199908235755,19990823,mengseclibing,厉新筠,a3a7f80dda4cb400024ff3aa78648483,74565248735
女,79048943812,5449,20111011,yanglingiantbranch,562766201110113546,公绮波,d66d9881eb61e913dcada4b82b6c2b98
267821201405295486,d13026b8d85e3bf884e0525d9f8392ec,茹茹,20140529,女,zhangwenOrleven,79614715850,5450
064032197604041637,d0d927e73855a4732d2b4eec7f939c85,公正汉,19760404,男,78890545730,nuptzjwangguifang,5451
20040612,公齐千雁,5452,styprn0b0dycn,74961070799,512476200406126883,女,9f4ba86d1269ab8b6812c4ddfc809979
5453,74858533284,271877199710131582,mitahwanghaiyan,8a01a3157e6a9e5811085223b2407c2f,林天晴,19971013,女
丌官小妹,liuyumeiMrSong,女,20010605,5454,564096200106053242,0e5937f435808b9a50e566f107f420a3,78026318763
常平松,307381197209178728,5455,79942784488,19720917,95c70952160205c75d714ccbc344251f,wangdongmeivirtua1,女
77523386869,女,anquankezhangjun,bf6458998f1d2ac1cb37d107a8181779,19961224,91380619961224594X,公宣彩红,5456
女,878368200011120980,20001112,5457,78497442349,anquanwuleanote,3881fd126e5b48adfbed9c646d390f44,扈庭
Southseastsemaineblog,259609200510232620,991b99b8c06b21793fa5f57c45fd5220,女,宓凉夏,78650326773,20051023,5458
20150122,yangyanghuangmin,公何彭彭,5459,089934201501229070,79177468670,018d8f3b498e90cadbe3bd8fa37d9e4a,男
19720902,352167197209028056,fd75072a3173e62e95fcda38d41694a8,男,74783701461,zhanglinwangwei,宓兴朝,5460
5461,7ad0dcb1e2242d5215f5e69d3169c304,73339634513,男,116990200608129015,NorthityN0rth3tyzhangxue,关龙胜,20060812
77810660078,scarletf,19820918,5462,875840198209184339,男,益弘方,429e4902ed396d8752108f77a41d2f8d
942073200403284164,贝震,rickgrayWfzsec,女,73604396711,7e19997106c00f48e1dc7890d97e20ca,20040328,5463
118289198109031724,73989027835,杨桓,5464,myh0stliuyuzhen,10ed2ed98d9eb7ac6cda63b56262a4b7,女,19810903
79845534299,601432198003074542,5465,5086ce88f3ceaeb9a7fb1d78a1e04374,温作人,女,19800307,yanglinit
wangyumoe,74638577672,5466,华萦怀,915547197401223277,男,19740122,9ff976a1177e167b217ef06164262737
471655197607223461,4cfdcea0bc859ae95b49582f81b022d9,19760722,74789027400,5467,wangluojiandaoWisdomTree,女,任雁风
5468,19910818,wangxiuhuasayhi2urmom,女,77623170430,6f37e4e810dc1507da40f3df534de78e,990252199108186060,施启
19720207,戌俊楠,950315e5e9afa79c611402cc648243b6,男,5469,lixiuhuacomsimeon,78408904664,352893197202071474
58eb6325874a201aa9103adcadc8bf19,495422201612307270,穆晓灵,tangguopa55w0rd,74959125488,5470,20161230,男
77239346518,20051006,男,c63d96ec835b5d32b1b8bc53af4159bb,addonMap1e,5471,贺七微,292974200510066559
022051199502260336,78894170072,19950226,NorthityN0rth3tyzhangxiuying,c056e0768e2c8d2ac5e02ab340d4b510,5472,男,凡闾文宣
5fa269bcc463e8f811845085d5c7a84e,5473,wanglanyingNu1L,19970403,女,77148474873,969162199704039884,郏夜天
55319519780109884X,19780109,76669944539,菱平惠,女,zhaoliXiaoTouMingyo,5474,394fdc6b21be1759db9bc89e0f02ed16
20110309,5475,74074459846,b229aee891c0f31fc8adf472ba89ea11,316112201103097950,男,test01lishulan,充同甫
于素昕,966166200705238744,6714debab91de542e341bb1400194f7c,20070523,女,75902122953,5476,0xMJWester
男,75799223418,424070197504121854,tiaonmmnlihong,19750412,5477,空翰飞,4bb3d40a6a68f7277462a85cab09e929
19790415,伏岚,81e8f2882e508f4e2fbea219997fb79b,113379197904155738,5478,男,78362247811,moxiaoxiliuhao
tkhackeryunen,20200623,73857055630,5479,7d96842f5cd8106a78f87154ca99f857,63337220200623884X,公若芝兰,女
男,5480,20100906,公冶琒,De1taTeambacklion,158131201009069575,8085154908ffe9334bdbec2622804d0e,76708738061
古冶从阳,5481,ca17af8bbb44482f7faa734a344d9170,男,22603719710826291X,19710826,74888385067,TuuuNyazhangzhiqiang
79316901833,00de3e0a1ede2c9c17dc8049ed61765d,女,19890722,毛冬儿,840946198907225162,5482,retme7DiShenidoge
男,魏嘉熙,720513197910062578,5483,19791006,77683303399,nearglelufei,cbba67431cae5751d6ab8cf023689090
女,19770529,827390197705296166,公施清心,limingV0W,bf997f81eb594854162ee3326ebea490,5484,74761719856
anquanxiaofeixiazhangjianjun,19950213,045537199502135937,男,0fadfd55feb167a78018042ba86d68e4,5485,叔先松雨,78390555610
5486,富韵,29077619990209641X,男,liguiyingaliyun,19990209,31b302cae4e2b02bb649a22d9e7dd402,75565160576
5487,19820416,615432198204165024,女,78405034487,容睿瑶,d5f70fa2a43b21d8504e4389af221429,Geez
东宫涟,059753201912047127,75581079691,20191204,chenmininfo,7787d17b2292fa0da21e2b85242393df,女,5488
5f4ef6401cad641cf8c1af88480de1e2,19790308,5489,戌亚玲,男,lanzhishengqi158,491719197903081633,79957877034
19860329,郎朗,男,881309198603291957,73559337620,5490,Hurricane618jkangel,520965b61ee50b7071289711c37503e7
75519392618,厉瀚漠,5491,306231201704013161,20170401,女,Who1sCarl0h1in9e,f86f9315cbafffecd952d32bb29529db
a49381a26a9c509a5590cedc3141938e,5492,合博依童,19801116,545314198011168142,73205774584,Da7uraN0ir,女
男,Adogx95,5493,d19b608c7c4299c08953c4391fc58656,20050601,73278107905,811757200506016638,逯姬
5494,cnpandaliugang,男,77306370185,邹欣怡,19771207,10ba2e941ab6155957456e2cb257233c,68821319771207041X
岑巧,20200524,822219202005247151,0x11Apeng,男,f388764815a0dd5ff2a92f66a1754431,78952304352,5495
5496,902619199103276121,女,77656410314,Westerdispa1r,c58546692b1675f9c7b3f5fbd3aecab7,19910327,贺佺
536812198010053267,73005196988,3e2699b1c7334b07ea05a93b22e0d0b5,女,19801005,菱香馨,5497,tiaonmmnzhangmin
5498,19720720,8e370768a51d489c2ded7643f8357314,女,fuzzerTuuuNya,79962379472,谷白曼,998890197207202926
女,wangxiuhuayangmin,巢宗,20010308,75633532490,990dea127b08618b7b66c367848174ff,5499,774125200103089687
男,20140716,5500,671531201407161913,chenyingSwing,75916256797,东关念,136a9a685fa72ef780ef55bc4a7ed3c2
608092197909175426,sfishlostMuras4kibabyJessica,5501,女,元暖梦,19790917,74600626417,c24b5e84feefc103e8dc1ecdfc5542ea
onlyfreelouys,08966020040406224X,20040406,e7e3ad23f2f6d5dba43d2a886df5a987,公正依心,女,75512249060,5502
5503,男,118885200209140378,3e357444edfd4e2486385196fc4ee797,chenhonglove,公先偲,73793138035,20020914
喻俊迈,女,20071120,5504,37212120071120064X,wukongNuuuNya,cdf1c5480055cb89e13c1403fd62aea4,74991082637
026169202008304556,20200830,男,geeeezwxy,74754607565,詹彦露,0546a4154b6ba124bad3b80f9e12a4f4,5505
20010414,5506,3eeaef72ff330604d98cc5486cf641ad,75807009508,huachuantingyuZO1RO,女,公旅慧语,250502200104143229
78129485322,女,chenyongHu3sky,19890118,ee851bb869a32ebcba5d0768093a070f,5507,郎鸿达,481707198901181646
女,安国政,20070816,blogsuifeng,73155350211,5508,91c249c178126d041fdca934e6f45db0,261846200708166363
于珠轩,20201204,女,858093202012042764,62fec778f9f138b5ebff137b0c31a186,74983506073,fuzzerMagicBlueCH,5509
300970200004065043,caea2fad45408cea0d8d6e0f604b6989,78521065657,5510,20000406,女,liguiyingGoodboy,宿琲瓃
女,hexincaijijiV0W,072704199205067380,204486f41f1a8ecb45b64640f75e90cd,5511,19920506,74738479569,公索仕
男,5512,kangelkim,560651197105193237,叔促高芬,75994624549,19710519,846e6e9c4e43735ca04c6af632ce565e
949797197810299874,b975d4235deb9f733ef91ee419adba4a,男,19781029,Klauswonderkun,5513,77262915789,公檮稹
75246996108,48813ad7245960e5f3e5fc26093dda3c,MoR03rliliang,284883201612199032,漕尔白,20161219,5514,男
liugangExiaHan,435329198702160827,19870216,时建,075ef5fd695c4bd228b8937962086616,5515,79011330998,女
670932201906221930,73357255730,男,5516,平曼珠,rama291041610linger,20190622,118147019d602436eda825e1feec6bc6
19990718,5517,73122828027,c8137f196a6141d99588bb838c36fa2c,671809199907181610,家丝微,男,Wingeonew
563034201801238112,648c7a1fd915d1e728ae6bbfe6639db6,ZO1ROhuachuantingyu,男,家玉华,5518,20180123,75807268014
0bdb8bb753b9120b062d73932d1c01e9,79051955269,公正鸿振,632061198001224849,5519,19800122,yangxueWe5ter,女
公荆添智,rai4overtopsrc,5520,124372199001150116,080ea86de416da7ab8a2c9637d162708,19900115,男,77241769327
symbo1ohlinge,男,19760423,8be15d8a47164b6e8fc301f6d49240b8,5521,74950785345,27806319760423097X,莘欣秀
388362198709073616,liweiStoneMoe,19870907,5522,d336ab2ca9550ecc18b26f6a42a7d4bc,男,79592642707,伏羽莹
5523,23287820050824962X,20050824,d040e735403fc8e2a6d0beff6e29af4a,毛襦,女,chenlingbacklion,75754575442
隆绮梅,86224b51f36c53743f3e3208e450edc5,pupileswangjinfeng,73286383624,男,825614201908238916,5524,20190823
男,19741015,5525,屠岸江,ca64fbe700256101453c66090ed5045c,2kbdamit5,78568984856,992992197410157932
男,倪泰然,5526,20040418,18834ad45c402bd0229170287d8251f4,77406590388,zhouliPeterpan0927,177748200404186518
农书语,20120629,7a1a1098aae2d4dfd5b5ffb12a3ff8c3,79617542833,severwangxue,5527,209942201206294155,男
comu121bf0f6b3d2notwo1f,女,东方敏丽,20070203,631292200702035826,5528,409a06438ba0e70e9a175fefd905f8ad,74939355303
贝娟秀,5529,a3uRaKingkk,20020225,75258501436,77b5b875657a89ed59c7c4873406c25f,09421620020225442X,女
19980402,郏乐天,5530,192749199804028914,77801236120,男,5ad0ef436d74c4b75bed48b8c945a1a5,lixuemeil3m0n
19880425,todayliming,cc3f9f9782435afaafed75dfd065a800,411428198804252548,74586766450,郗高阳,5531,女
19960326,女,79028315752,439621199603268561,WinterSunchamd5,5532,a20e7aab9c9ab821031e882562a5fd74,益彦
wangjuanDe1tateam,da6fcab3b98b39338ed0b4b92fbc7a99,19931104,363747199311044334,计绮思,77605988704,5533,男
3de7f683985af015b0bb4b7ccef397b6,naweianquandaohangjinglingshu,孔如霜,981539200912184656,5534,20091218,男,75936441261
男,992d921a7ba7f8bfff32da3110125f68,283645201407104276,DarkRayphantom0301,76792988268,东楼采柳,5535,20140710
xyzMarblue,19860503,73905166445,ea78f4c502eaaa42a8a70397e02c1bd0,5536,男,943819198605035736,蓟娴雅
20111228,辛友易,liuyuchenjun,c6ca11c50cbff0774e2ae021ad55911a,552522201112280189,女,75117721663,5537
8eff80375a8637e5c4ad01550b5ec418,darkwinglorexxar,73106593865,5538,男,弓傲菡,19831001,757908198310019215
16110819781213712X,安绿,5539,女,c3a778d16d3640dfd0da01eac151c54b,19781213,74078743422,bsmali4rama291041610
73167468556,lidanLittleHann,女,494104197907104869,5540,19790710,关其红美,b0fb779a21daa4a5f1810de771fd15e6
20201024,78718640602,冀丹梅,男,771188f8584477ee1b147c6307ba2d40,514711202010246730,5541,jiangsir404jeary
女,74698405459,e0ac3affaef10c80c2c1269668898b13,蒙飞翮,19941003,452478199410032784,Lteamwangxiurong,5542
5543,79600735344,女,宋弘方,Passer6ywangxiuhua,145157197509078726,19750907,627729e56ddbf477f82d5b1a70f5fd16
19950304,989906199503047032,1f9c1c3350fad9ac69308fa97b532231,78415137622,5544,边丽华,男,comu121bf0f6b3d2wanggang
shentoushidaohangyangwei,公扈仑,066101197407152971,74851077606,男,5545,19740715,163ca2715f9404bed7ac53ee134177bb
79178732106,20031219,1f9544c54340c1d1429dc0db88175f11,713189200312194416,男,伏羲莹白,5546,Gukomoe
19740617,tw,962161197406179342,5547,空相莎,73249216351,75247d6131177ef752ec736d7932958a,女
2b3a8d6cfe30a8c91feffefd3911fba6,73942619943,男,97938419780819723X,19780819,chenqiangcaligo,戚飞白,5548
wangluojiandaocomuc531954533ea,5549,74075184254,男,冷沦恺歌,40e131fb492b8e168a3d251787f51bcf,19931015,706520199310158159
19bd3f55be9cea57600c43f163655b9e,5550,窦公夏瑶,74750832261,女,topsecplz227,19711227,408142197112276128
75697684853,女,文儒,5551,gouchenanquanshiyanshiwanghong,932905198408259647,19840825,3a69bf2703667a15056aabba9b2d4003
73093817193,47681719980523976X,女,顾木,7580df8adb8e0ca71e6ce00c3012f362,zhangningwanghui,5552,19980523
19720820,5553,7067827d954a42965d49bc7054802ffd,酆艾达,78893728466,190193197208205648,zhanglili4ch12dy,女
75687845227,6e3877ab51393fcc080c6b64a45c209a,apengpav1,男,5554,98838020041229173X,20041229,公何正阳
b8f8f597f244d3761efefd19fc6f2b14,20201112,女,78974299406,072937202011121425,E99p1antwangshuai,空相弘和,5555
5556,1fece835dd011bae657af51a73015049,77478820519,寿水舞,男,lostwolflidongmei,19961119,072244199611197416
19800510,5557,liubingEvi1cg,女,363400198005105884,afc2dcb4a92d6c4e5edc56d6fa4543cd,隆罗绮,76676183032
丁若访枫,5558,liguirongmanager,be26c3ee8d5cc34eb49214472b8dbd91,77736871487,20201218,122666202012182940,女
20011122,098131200111228287,54fdbbaf96b330c1e7dc95de7b789f4b,女,zhangxueliubing,5559,78681772430,尤晴霞
114159197602232261,5560,女,tr1pleWfzsecxdxd,77373580919,0f63a8addb3864d6f0bba5394b90e655,黄胜,19760223
女,70a0a1a2534c5a9a313bd7554f3b0ffc,349126198002119825,73498493640,19800211,5561,zhangfanwangguihua,杜怡悦
5562,4de35585e43001e7436de75dae44b67f,男,purplerocdayu,75135296077,宦尔安,523245199004119711,19900411
19840204,ef9204aa3e9b7008ccd5a101091d7332,74743381520,designplusls,5563,男,991099198402044072,辛奚瑶
lixiuyingZeddYu,e09c80c42fda55f9d992e59ca6b3307d,5564,宦笑翠,男,20130803,353117201308036752,76651991120
仰才哲,327867198208152946,5565,b2b98029a8c6c25c981a38d1a77ccd62,lengbaikailinkarticles,78172527578,女,19820815
男,许凰,73068048884,Lz1ychenfang,26965b29e3a2710fb6f80d29e01a9697,19991220,5566,684768199912205858
zhangleiwangxia,e9f0e0faa498c583936fad6f106f347c,19990717,840584199907172735,东阳希月,5567,78676611537,男
279755197704071485,73358605492,弓经略,ecf5e69cfb12c61b99e11a9d4c7764be,19770407,5568,wulidecadedarkeyer,女
71333319920927004X,5d26448d36ae5bd5e0b7ac5e4b2831a3,hackingarticlesyangming,73674633143,女,5569,19920927,车玉轩
74992062128,505344197712207171,wangruicnpanda,付里依童,19771220,5b05abce47bb9320d981d1a7b0ed5e8c,5570,男
利奇略,yangchaoliyumei,231380198612101354,78357894415,5571,19861210,7bbec4976692f506de3527381e8083d5,男
5572,公行元嘉,wzliuping,6e9c05a1d3358e0e6c6507e520b13689,185242198105247813,男,73165609472,19810524
女,c0ny1wanghua,73479669396,05ad437265fea4760c0ba97de8b3597b,19770420,5573,705235197704203168,翟含双
77397440928,男,2203bd86c7df4e4d8ca9bbc1fc219509,607497200404284173,20040428,5574,叔先雅,f4ckwebchenqiang
滕恺歌,20141009,692660201410097555,5575,73294348962,男,omaebicgiantbranch,61e940060c59980803a4ff031f460dce
356120199209138279,t1h2uaJayl1n,公车偿,5576,男,19920913,75198539748,94f63260c3d3387ac0dacc96172e46ac
5577,kangelwangchunmei,信都叶丹,03fea9f46694a9a01b824d6f78fe008d,男,20050707,299200200507078077,79066751066
穿封建华,78142299836,女,19900430,863826199004308725,446ce59c79d7f6308a7dec7341ee79d2,cdusecdevsql,5578
Hurricane618,78861673718,男,954684197107062058,6e4fac06358cf8b0f3bdf639e550c08e,田紫薇,5579,19710706
19741208,liuxiuyingliyang,男,5580,阴冬,371551197412089413,74549894805,4bef9e9b533756660e24159d0d33c94e
姚梦容,19791225,女,026612197912259728,dispa1ryangguiying,5581,73201428658,26fb5f4f798084ac2ee73cb4d4a4034f
687819201304293728,5582,74953050867,8362c83612c1a4d6021f27de3be70d14,蓟盛,女,20130429,hacktechqvq
5583,男,20060217,伏羲文墨,77146099527,e449779988b6076512b1be97e98b5479,849773200602170873,nxadminSymbo1
5584,欧悦,20100420,78981823553,zhangchaoJonathanSalwan,141a9a8928c95fe5121b73cccd478371,444082201004202840,女
5585,4df9981f960abe76edab624fc428d510,20120623,643550201206231175,78406780411,廖安澜,男,marblueSDante
zhangyunlufeirider,73484704110,2e52855c4c6615923b9ea3a48e684871,746768197809138772,5586,男,19780913,苗汶
20120722,threezh1,34435345bdfbf74a74a423d96b3106c0,公休悦爱,871074201207222339,75263392730,5587,男
5588,c5abc1dd3896087cfb4c6692c89abbe5,77461475391,495089198002088052,Winter3unSnowming04,谷玉堂,男,19800208
b498a6492cfe353e20564701d7d87d5c,243718200810235756,Lteamanyu,76693300140,20081023,钱星华,5589,男
男,412232201801286856,20180128,e0daa8b97fcd3f51f60af2ccb1c91bbb,5590,73991339933,evalbugy11en,公正飞扬
875f26fdb1cecf20ceb4ca028263dec6,678218201209257542,5591,77218455869,20120925,叔先韶仪,lixiacode2sec,女
19781020,Niexinmingjayl1n,823236197810204289,女,陈怡瑶,f43c1430c233dcd1e94cff1fee64c11a,5592,79330290372
5593,lufeiriderhuanyue,男,尹冬儿,64635a53947e7bb9172555697f91722d,20001008,77137896828,704102200010087837
20020723,女,overrainbowinpenetrationtesting,79060257850,5594,厍竦,50a4749082812b5f8a3a7c639acc8684,609441200207230627
5595,胜屠亿,brieflyx,78621588476,20050904,男,41572bcee47da6ba274ecd1828fbfef4,647158200509048173
439af3480e9404a2d122571756d38cfb,欧燕平,226843199002208456,男,78597649578,Brucetgfuping,5596,19900220
f3ee17822ae4c5be86cf9193113bed4a,合博笑寒,yangpingzhangxiuying,223849198912305432,男,5597,19891230,75844626015
991910199210078053,nanming,甘凡白,5598,男,73900623118,bd34374c5ef05075fccf584e1ec0e302,19921007
男,5599,甘公雨信,77704517716,tom0liroot,338439199201114074,937419dab3b329bf05ccd623dc13c3d7,19920111
80261f0af436747cb3fc3b2ea99df9ac,女,yangxiuzhenhurricane618,19811025,谭子墨,78631962588,915169198110256686,5600
男,5601,19780208,2299fe5884468afccbe8f0616070bebe,73208491004,kingkkpwn,崔傲蕾,624917197802080338
9d1eeaf65f402e4ae7e2d6a339e4031c,女,orangewangqiang,20050501,高鸿达,5602,863832200505015982,73712590793
5603,男,lingzahuopuhuachuantingyu,833327201208110618,79508614504,郭朝旭,20120811,9dcfe979364c319c4dd870a67df7e0e1
侯青木,74646032475,20160331,5604,805586201603311265,a356f9f449c9caf730bc86805f3d54ea,女,zhangminwangjing
78119191764,19720214,6a51dd16403541014a0db6bfa9d41f8a,男,公石征,799260197202143739,semaineblogzhouyong,5605
公行松,5606,73026624147,Sky,a7f1a75a92d1839250526058127e7857,女,049553197501093469,19750109
19720710,n0tr00tJayl1n,余阳文,8a74bf907bdf7ad6756814f88c609de4,75341019288,5607,941709197207105589,女
zhangyuag,937280200903024147,汪淑兰,73415006928,4d8e6ae67e1939950f54e7cc2c135d7d,20090302,5608,女
东宫梓璐,webbaoziwanglili,20120729,5609,79832905658,442035201207293942,女,6bce8f26a9b1980acc0b63ba4869764c
xmseczhuiguangzhe,女,f0344d6e4196558e2ad6852db2dd7609,5610,19710821,梁觅海,77580541746,108012197108212469
e7f61b9f147dbc883de3f86e819764b2,19960606,73706840612,netwhklhhhhwangfei,满夏雪,男,5611,179868199606063337
payloadswangguihua,5612,女,20020710,曹梦容,570849200207104165,0ede7570c3d6efc27b119c046fc2738f,74755957830
103075199708199827,932d39d41e92fa84e973ce032d0d2a1b,5613,ZeroKeeperbackcover7,女,19970819,73362605282,左师浩然
77502106244,王沙雨,19840403,e8372207cb99d2d80b5753d56f33d3d5,ioinyangbin,女,5614,833350198404031422
5615,74914489325,105abb205ecfbb5aa9d7817d54de7ab6,pluslswangshuhua,中叔永琴,669479199205258065,女,19920525
lixiurongMitAh,岑高歌,5616,女,862b835eacdc5237aaa64033a56cf32a,19951204,22183219951204702X,79911232976
39887219891209393X,78989727937,lufe10xMJ,男,19891209,5617,904a3256d16627fc85c5e3ff298dac41,芮秋双
冯选,男,eeb17fb4c2acea20603e49a7f6179af8,yangliuhackjie,19981029,678120199810299934,5618,73763724101
77536179581,e860b5f5128c1f311aa3431e49b6581e,蓟开霁,zhangjuanboogle,19930905,916791199309052846,女,5619
807256201311030549,5620,女,78476569644,庄怡金,2a235d94ad2e78be3bb7aa500366ddb2,CyrusFlegend,20131103
773560198206108641,7f174f65040921f0f714d352ffb5d054,qiankejiuguanluntanwangfang,凡闾清浅,76711036071,19820610,女,5621
Imagemltrickgray,671630198301316918,19830131,4901c8e35117176b7fee70daaca50973,男,77766102463,赵玄清,5622
19941228,996d52532f1737f56bfe2f05ed4fb807,男,78156137377,5623,libotangguo,宦鹏,307942199412286131
096463197406034683,a6c27fd6a8c7897a3246f41c55eaadc6,seebugapple,公玉睿范,女,77509151419,19740603,5624
75582134174,20110714,7ceb1173d8cb3e45dbc83e09aafb2a51,Orlevendevsql,苏琩,011899201107144653,男,5625
477736198102198615,lengbaikaiy11en,2f28f5e4c858ceb0d14e6de971e5270a,男,19810219,5626,78066557636,伏羲晓灵
5627,419992199205171762,a0e456d38f97dd22e71dd07ef9608abe,scarletfzhanglili,75594670220,龙天媛,19920517,女
20021119,248616200211192623,35be45a6b2b715d9b289482f00aa83d8,5628,xianzhijishushequlitao,女,78757150517,丁弘懿
74835431758,zhangjianhuaretme7DiShen,994552199103198871,19910319,5629,宦骞,男,3f3235b7e36830f54a3a768709bb165b
刘忆梅,zhangguizhenone,20160923,998198201609235546,79179272997,女,a982c69f4c86ca36f6135e9d4a11512e,5630
b17d0a9445bfb8439444f37785f93f2d,75552452939,5631,公林白莲,男,liuyuying,750197198312024550,19831202
男,907847199011299079,df543fc1d1b320816547fccec9aa8d5d,5632,19901129,公思含文,flag0wanglijuan,78262081165
20040226,77365240429,592387200402268751,wanghuanzhaojun,2ced9506b817a2f82b8bf6df6a82f265,男,束秀越,5633
5634,013728197401121382,女,cloudyuXishir,19740112,78562192738,章仇俊楠,77e5067a128a81ade74c1e24a2fd879b
b3ffe90cb9112557f8a0c36c0d6ddfe4,5635,883440200707053225,20070705,杨楚楚,79940028447,女,zsxsoftnet
projectmoonadmin1,20050213,77339849557,5636,女,876822200502133328,单于良,c62a63498c3af84b619abdcebd66b878
adminliubo,易啸,男,5637,b0a851a9709be2199708ddabd79246a4,77271991380,19920819,221490199208196516
20180106,5638,laucyunzhangmei,fac1bb3d87aaffa7813cee5f2666ff6d,78621068123,女,从欣颖,203265201801065323
331986201510273285,金欣嘉,20151027,5639,1d50eb0029d7f886e9908cea904825f1,78229396928,女,polarislabGodot
306688200605263224,78025820322,20060526,p0rz9SukaraLin,茅亦寒,ca65afa3dfd5dbff158bf7235db2057d,5640,女
女,廖翠,274957c22d67554eaaddda50d4319959,186921201012239285,rdpcomview,20101223,79008741093,5641
19900417,汪一禾,74707940742,57e83b433e51f7c6f402949178fcb156,051626199004177274,5642,Dmmeizijiu,男
5643,凤问旋,superuserzhangpeng,79573111160,16c26062f8ceb91091440bfd227cfd67,男,19800604,09436219800604957X
oneyangling,439023199511162057,5644,张淼淼,男,4dd131ae8197d9b333be0624e09b0843,19951116,79669567539
644810197303049057,78112926105,chenjuanliuhua,dc983fe2e863d30217a2640353a09d7f,19730304,明高扬,5645,男
5646,女,271790197605081065,75943538339,d4b6dd55940cc78402f76ec21666fff4,smtpcode2sec,19760508,鄂欣彩
082859197311216654,东宫和,e8104e2925d184bdf943dd47cdc4436f,19731121,73125258152,男,5647,zhangyumozhucy
20091123,6508a5176519cdfd940914179dee670c,5648,璩涵双,52stulikai,487112200911231671,男,79554095211
郁香馨,923343201301026383,573e82df169bb6d5c242320e292c0a14,77294569870,chenpenglengye,20130102,女,5649
19700610,78468946070,064307197006103383,zuozuoverapostgresql,0c8969dd7ee312892c1609b80bb9bdf3,史士,女,5650
崔曼妮,女,81b76f970a65ef20b52a3d708c941320,429702198811192944,5651,19881119,ph0en1xP0rZ9,75328671538
rdpsqlsec,邴涵意,20110627,1dd29f848f7468852e8bd3901b2cb52a,77339281336,女,037214201106272269,5652
malizhanglin,73293857768,390735201612067430,1f8e7501e75f3da73fb2d8b09ca2397f,20161206,男,王官诗芳,5653
79917092444,女,338ee602c9dda7ac03605da9f797065f,5654,liumeistone,公师祺福,20110730,593042201107304680
651495199904231065,73765323626,19990423,明天赋,p0poblogsir,女,5655,3a46217d894e0305c542a6a309c36810
5656,74758560870,叔促天工,男,464947198207309655,792e05920fbfdc2b7cc8047293cf3bdd,19820730,saltyfishyufolishyuyuf1sherliuhao
5657,女,00191d1b77fec2419bedbe4d6b39a236,jiheme7elliswin,严贞,907861197512234669,74958546697,19751223
05916019950303596X,5658,函井之,lijingqiyuehuo,19950303,44a0595af84f3a7eee3f62f25f68ad26,78459768900,女
柏午瑶,女,3d1fd735dfb1299bb57ca3af484cfbb3,73579352746,k1n9backcover7,743589199712153543,19971215,5659
78909204978,傅婉淑,722926200002099586,女,96cee087dfed6fe483e05166d64eb793,20000209,JrXnmspace,5660
5661,女,l3m0nnorthity,78326386404,20161014,公仪芳馨,4a0723d3bd4bbf847e66af526d2246f0,98256720161014596X
77424104695,男,412033197906097935,邴新雨,19790609,134c22791a90494d5d56884db391fca0,5662,hacking8lishuhua
公车雅山,73155503427,19940218,ccf06fe666f6ad6a2fae7e880818782e,JakyThunderJie,男,5663,527678199402189013
19940728,zhangyunhpdoger,伍阳夏,b6498dac62b830a364b1e39d0e3a2fa2,女,5664,77275587860,076770199407284268
5665,熊逸馨,20131218,75669873628,0day5p0po,男,039762201312186273,ec31ed85fce72499d22fefe28a48f0db
5666,b4af4628161465f6470347d7e8e8ae2d,73752761177,506856200209233223,女,20020923,libozhouyong,毛中
男,Adogring3,464886201509247473,5667,刘屏,20150924,199adbd60d7d9e76169c76880661026c,78853002470
5668,e9b06e195e7589064b6cc8a195885d1b,女,19910505,公舌志诚,251343199105056882,smtpchenming,77137488925
b3f8f051c6c5f422461564bb40852742,女,19700325,shentoushidaohangHappyTreeFriend,956208197003258746,74952266676,5669,桂乐语
67428cff1612f45604772491a9586c7c,5670,卢妃宜民,女,160894197807096825,74509519420,19780709,zhangzhiqiangrmb122
女,94882519970604358X,79936029699,9d02bfa9a7bcdaa9050f65d60d326210,吕禅,19970604,hackfunlanzhi,5671
男,58191120021017477X,76791461302,公朱良策,8e5907f2bedd34cacc55a5f50cc5eae6,5672,wwwyangfan,20021017
79604170272,be573689e4ec779098e04d9cadbeee07,CarlStarMrSong,男,19880929,薛凌晓,5673,547891198809298570
男,堵悦,37221e8a3be33e73533f33585d38462c,631059201908046851,burningcodescuijianxiong,5674,74827485678,20190804
王官淑,rai4overThreatHunter,77397510087,235704201501056769,女,7dad8d7737afdf0f7590590f78acf67b,20150105,5675
5676,zhangguirongmeizijiu,77883897423,男,19700905,7d25535e63653dbf07abaee56c9a6074,金巧玲,805227197009055515
73274934680,女,a1d2b0ef5b72772ee48ce14b993e225c,19960612,200840199606127763,卢妃熙华,iceH404notfound,5677
5678,CaligoZCarlStar,810430201607087280,女,0ac40d1b6efc25cc8cebd38127cface4,20160708,75275063527,习飞掣
羿今歌,3bbca5ca2633127651c9736055ce808e,5679,75205630071,19780602,男,786132197806022211,gv7bsmali4
5680,zhangzhiqiangzhanghao,78512211521,283e9e06b330adc58fba813b7e157a2c,隆依婷,19850523,女,511505198505238425
74082141592,女,8cfaeb5d6856e0bdb5f0862f1ae9e196,钭学名,5681,19980619,liyunfarbox,86215219980619732X
20151029,5c56efb18e838aa49c22d9c2e3e747e3,女,73751093477,714560201510298341,5682,liuyumeiwanghong,习钰
74772419283,19700416,chenxiuyingjmpoep,女,邱锐思,838dafa05eeb665d8c9aca5d42db590f,89970719700416962X,5683
男,韶良材,5684,75948210163,471820200702266457,a759fcd76628600445992ae305d34802,20070226,au1geLnyassssqihoo
袁炜,5685,73160056720,257341200511078014,男,6376c9f2b95029cda53e1c64c5ff133d,lz1ychenming,20051107
015792197105090676,Hurricane618Brucetg,19710509,左丘俊力,男,74575955530,9446238d6ae8e267c28e76f6d65a5eec,5686
73940346546,女,cdf7b0a3b292e226cd58e0500c501ddb,lipingeternalsakura13,5687,20130319,雷兰,471758201303195960
5688,0b375b72bb1e819033a84a02f2ffe4e2,公祈知世,20160924,426436201609242716,75338721696,liuweimaxiuying,男
ph0en1xymlsec,19820504,5689,79143860610,153969c873af74da99d1cfcc3e9553ee,男,294456198205040514,敖彦
女,19960625,zhangbopeterpan980927,74732801698,252033199606251389,舒夏尔,5690,74083c972995cf64e100e01b7f6e64b2
19870919,5691,684621198709192064,7070926a7d59b450beddfc79bfc10a65,康琇莹,liyanmeizjm3i,女,75152513223
19810112,guochandaxiongmaoXyntax,古婷,54b68483fe022bcbe002adc4bf8fdb6f,73400929787,495939198101120375,男,5692
19701109,62558619701109804X,5693,女,zuozuoveraxunmeng,78405494912,容巧荷,61f783d5f6dcd11c596300822fd2a29b
73826836497,cc077e4074d58b5b3afe96921b220364,5694,乜欢欣,19920323,087009199203231466,女,TuuuNyayangjuan
公林伟诚,392992201910050741,20191005,77117555065,9e627c9e2e7f0ba54757d4a6d0a56157,女,5695,Orangethunderjie
78364568767,wulidecade,584077199305312920,580f9ee5713d49ce54fab78e5d5acd7e,19930531,古冶承颜,5696,女
林姿,venenofwangzhiqiang,6dd5cbbb62639a67f3c1e9d44c01688f,73803082922,5697,20140914,027059201409144539,男
女,7d48800a287949bbdaccb040ddc23adf,丁若天佑,75232161203,227541199210267428,5698,0x002kerlinglovsec,19921026
73006082485,蒙林帆,5699,841872197111090921,54a06e334b18367551e6f1b3d60f56d1,19711109,Kingkkyangjing,女
77446393091,男,逯鸿运,5700,927488198110298017,lijunac,4997292d065bb5e1e20118c2808c5eda,19811029
609057198801052957,19880105,91183e9f0f2f957340573034d99c5753,5701,司徒彦露,男,78722057641,liyulanleixiao
441163197007285447,19700728,75328324836,女,2d68f8f7424e1c77b82453b14b5d120e,wangxiufangch1ng,奚融,5702
ddafb20dff79633be553295530233def,男,510140200011163554,rickgrayjeary,5703,苗鸿风,20001116,78382697176
192305198602156966,女,sh1yancom,19860215,78635163762,5704,3f690da978ce7bdc2c78e1c4bad0734f,贾之双
19820713,79350491120,dwfaultcobbr,女,公华彩,798367198207132864,768de957566bf2cf7f21739b54dedac2,5705
公何兰梦,c83115df7016bf08428705c2e8f661a9,5706,75765021699,20010910,f1shSingll,15044920010910855X,男
5707,男,166418201203245013,20120324,77682312374,华胥春桃,lihongmeijiangshui,1168eb9409048e651eab11831194b4f9
5708,723376202003227886,20200322,xishirLonelyRain,8347614861c74c62f78d4546b0927da6,茹芳馨,76787427655,女
丁依风,wangfangn0b0dycn,83df6a9362f1e3bf35664249972dd337,20030702,79192350816,292572200307027787,女,5709
75098316162,mochazzpeterpan0927,3f529e4016562d33b65161b5c86f6c70,013891199212176754,男,5710,19921217,韦婀娜
20030303,79534757191,5711,女,衡俊力,zhangxiuyunwebadmin,998e94536f84f65a0736002629430c7d,555162200303039344
宫尔白,5712,d1a9b609916c7b59200d10845eb21875,79877868106,384960201708156234,男,20170815,Aryb1nwangguixiang
73772041758,432242200802114134,屠岸康宁,yangyanyangxiaodi,5713,4a3a916305fc920e5958090d429f0b6e,20080211,男
naweianquandaohangfindneo,b736d71d7e081c8b3a1dd71348311630,5714,19711214,男,495588197112147275,公石笑卉,78240087840
whereisk0shlmianhuage,石木兰,20101129,78574198125,995147201011293757,男,70a5922f648939a1f9cee0dcc375a942,5715
79074629336,雍修文,19750107,5716,671636197501079818,0n0shellstorm,f2305e39d07f2a979ff12a8e550bc4c0,男
5717,167562199903057314,男,l3m0nxishir,傅余天,73109030874,15ee8e3da78c97aba30a50a74acace94,19990305
masterhackersb,75164653893,19750211,男,6d4f105a7ca9c764a103f84f6ec4c2f1,5718,曹乐康,916974197502112551
942840201701264664,5719,女,5f0ba1d0225ee8c895995ac671667fe0,20170126,eternalsakura13WisdomTree,78160969509,惠凌蝶
48249386dd2d93f04cb420cbf5621344,女,530399199808023444,79957635232,5720,公朱俯,PwnGogyangxue,19980802
5721,729510197905227170,53460ae624ed12d1993133a9057c63d2,l0ca1zhangxiufang,伊靓影,19790522,78148665204,男
989318199201282363,9d6e131e11597b7905b29eec2f6f1b84,女,74864573261,钱奇逸,19920128,hexincaijijinotes,5722
lihuilovesg,男,3886a536e765c2cb30df1589e63f2e81,19830829,谭兴文,324862198308299377,74962114523,5723
男,19871206,zhouminPoacher,da292230f06b6992e81b0285c2224d10,78523532124,553749198712068816,厨人远航,5724
18585619990806432X,5725,info,孙兰七,893f6575d50fe6348a4702ea43de69e5,78237820487,19990806,女
男,20161022,鱼愉心,75110464215,5726,38c81fd910e3c3e3efc554b8f7a16448,onebsmali4,131324201610227033
chenleiweb,公输芳媛,5727,79175128349,男,80400519930707297X,5bf83b72af42c2263f4571f723128c54,19930707
桓柏颜,男,5728,zhangjianjunchenbin,9bf46abbd3018c5654a1cbd401f0dd42,74533210625,921843197406078039,19740607
女,78810728657,dbf5cc30a5924b20bce48e1b4ba5cd4c,imlonghaozhangzhiqiang,5729,19930731,黄秉文,373413199307317127
yuagn0tr00tSecurityTeam,78461217574,公胜鹏鲸,5730,19731224,918c76f08422fd2a64622b905600e8de,男,438909197312241731
e79915c94f0d673e2adfd7fd1b9211c4,78077998024,19791018,赖瑞绣,5731,女,448733197910187545,zhangyanlcx
sunweiwangshulan,19860725,女,汤晓楠,5732,75170819543,57e042d5af3e2f441c002033b5a1d984,519588198607251127
647530198901107743,女,5733,6d602cb0350ed2c6da6293b23fb519e7,雍秀杰,19890110,ba0zikim,78785758888
女,898781200712162741,75629584636,93ffe469dddc281411c03857fa82fc0b,5734,20071216,古里彭祖,zhanghaiyanwanglili
5735,ioinml,73947638530,77178420111211974X,公玉华采,655bb3d326d434b32fb427f6d6f6ce2b,20111211,女
浦鸿朗,chenv4kst1z,19940525,男,5736,74591981441,292a8665d2629d01042a07c4666e23bd,730313199405255678
公旗舒怀,5737,女,wangjuanPoacher,845289197410127745,79634938915,4c4b87efa6c653fabe088e2770e68efb,19741012
78550820999,男,19740731,5738,92e263d75f27529fcc3892eb01224ce0,peterpan0927lengbaikai,秦晨风,973821197407310832
55c6cc2228cdfab64e00611348c2294d,893328197804084661,rickgray,5739,75353122358,聂宋,19780408,女
3e18dbf4c11ba4ed84c259bece93f83b,74753646307,5740,19720810,395754197208109736,男,侯冈悠逸,cnlonelyrainklaus
100332199110051741,女,5741,wangsongstrikerlin2zhen,暴友,193837aeaf3224b9d489b5e448f44244,78860432172,19911005
女,19810313,詹书仪,81d26f3e49277496b3ec8e1dc571e96c,csdnchaoweilanmao,5742,213067198103130887,75887253357
Smi1eSECtest1,419898198912173431,73780630444,5743,2c01f739d83ec44611cd1f8f48b27445,男,酆华采,19891217
c09caae025d75583ae07145858cd7e2a,78191170610,公丘骄,5744,19890601,女,928261198906016265,hiourlifeyanghong
825014201608239949,女,cf5dcff27c797283ac6a361a9c4e51e5,79818444986,司惜寒,wutongbaike0x80,5745,20160823
19711025,女,董自强,151224197110259388,5746,styprsher10ck,79361119764,f085857b5d446cdf1c515b485aa77749
19860419,1f8b982d5589050eebce880005ac28cb,332777198604191319,73018872503,phithondayu,5747,厨人丹琴,男
f5a52837cc8aba524876e60f50482287,女,工尹佑,78078190077,886116201604120465,5748,dr0op,20160412
19830123,74665344376,司空影梅,689371198301238585,wangguilanshellstorm,f05a050aeb3b51d0b1347576662fbd5e,5749,女
罗姗婷,73763459364,3a587b87a71d1428a9cf91c1840b07f6,5750,507627201809133456,wanghaiyanzhangjuan,男,20180913
wangfeilifei,璩凌雪,19951001,75846157972,a5a7db0e756a7f0e077a9eacde8192a5,女,5751,049978199510014564
Tiaonmmnyangmin,女,5752,花依婷,19760614,76682812950,825988197606142347,e989932e1f99617030dae071d980aa2d
从雯,4b02ee14ec87fd12596e8ebdac8577f9,20101005,78948203046,RajChandelmaxiuying,5753,女,96213720101005434X
蔡俊爽,p0pooverrainbow,女,665812198503274146,79086159712,19850327,5754,2086a2d507fffbf914a0c67464244169
73826360942,20070523,3af00c6cad11f7ab5db4467b66ce503e,尹淑慧,5755,maya66zhangyan,897501200705235718,男
女,309096199003298061,5f2f0b7cbb0116e6c62eb5da5d80a73e,78659946022,侯冈怀萍,19900329,5756,zhangjianbit4woo
男,19931015,87842419931015835X,75007426346,5757,聂国安,wangyihangzhouli,319abd91d29bf3b7b91b3a6e3cf4301a
向龄,男,5758,19730601,hl0reymomomoxiaoxi,75036892237,00062819730601997X,e6e5900f71d8df4139dea98d3e93ee21
32a1db9d590c40606cfc17c9ea042789,zhangxiulanorange,73582341572,839908201110239463,20111023,廉秀慧,5759,女
e188d9ab8e97492e24ff48d967028717,女,77243052340,mitahbodkin,19700706,孔绿真,5760,920340197007064660
5761,男,344808200611080656,20061108,74623937873,欧则,78dafe2de66b6e47b9250a2483f5d837,bendawangwangyang
3c2b0799c1721f71b6e6f0a010c12e16,79350777073,20000424,074914200004245516,暨慧艳,developerRvn0xsy,男,5762
5763,女,78210705513,015593199312036167,324b01b01d284216c656a44eef09c8d1,19931203,毕正祥,ChangochenXMUPh0en1x
heavensecKINGX,412153200902198072,公仲紫寒,男,90b60118dfe8566712d1da4eb1b88fd7,5764,78800451734,20090219
酆书,19941029,77815812156,844834199410293810,Symbo1,5765,男,7301d99db5aa1ad722f7539bf7adf415
ede39cee9bdf1086bfc369a21deb636c,贾铿,020995197911244024,女,19791124,78960010983,wangjunskyofkinglove,5766
zhangyumeisvn,164018197802200324,73027865878,女,19780220,禹雅阳,5767,d8d6b8bed2395837475e948b03ec4135
5768,wils0nmochazz,东陵碧灵,79681401684,19950103,女,767295199501038885,eb7ed8bdb75baca4f98b3cf8d93e5fc5
19701026,056732197010264460,76660644758,27fb10775a7d02fd177f50b4856370ee,女,5769,东陵思艳,altmanheikejie
185331199612250276,b5a910513a4313cc22f6d1813ecc2cf0,19961225,黎彭湃,threathunterzhangjianjun,5770,男,78576240373
时眉,75526289132,女,phantom0301phithon,997375201503218268,fe0e72c1ad84bc2f9c105661099227e9,5771,20150321
809200201607300413,73955177316,sinaapp03i0,20160730,5772,端木缜,4de122473627455344d2edc6b969cbfe,男
19741123,5773,wangyuyingwebbaozi,916076197411234362,a4de13ba98b6c5abe6226d342bc0611b,女,宓诗文,73221697945
2e8b3cccd3189e87684279278e6bcb05,公保光霁,73455767860,335701197402017313,男,19740201,wangxiuzhensmtp,5774
69257ec8b19566afe08db8a814fcf6df,164263200011079617,厍曼青,5775,clubxz,20001107,男,79154289282
75908852396,男,liminyangyang,175024198009178912,郎代芙,c6806df691a4ddb584735533e726efc9,5776,19800917
cbb25c07020ca84954f2c1e0e19c322c,富晓丝,BirdHecbi,男,062769198306197733,19830619,73494252695,5777
扶部,男,5778,834214995acea0b15b8e68a97fbe0540,19750502,kctfzhangyun,074159197505023836,75295350083
5779,04z,19960520,公乘国兴,77726730667,cc9eed49465d6af23ced6e3b6f195fa2,724674199605206054,男
147289201905136614,5780,wanglongLucien,20190513,男,73253660383,e2c508b7c5cfce26f479e33bd7bebfad,邓筠心
男,傅晟睿,5781,793319199012232856,19901223,ca3ba13a9111d566b0804c9a655d422e,77530044480,skysecdonot
郎光远,19840105,laworiginkctf,040950198401057419,男,79579306991,4668a0b7ab51f83a9e6d667ac7ee06ef,5782
809364201002222173,20100222,5783,f8f79ecbc949ad80ca0e31303d9d9ba2,Imagemlt3as0n,78185264290,雍娜兰,男
74026871392,19990216,男,公仇昊怡,chenleiwanglijuan,1ce727692e5c4674a47527cc42cbd518,5784,019427199902169650
806272b44333d376c1331c4e9a30c381,014389199111084633,5785,公索华采,男,79365050571,19911108,nuptzjliuguilan
LANVNALsec,f8b2a1c3ef8b0ccd1d2942731c02b8a9,彭弘博,5786,男,19790702,905367197907028156,79620906120
男,77249229019,272024198812084932,公正彩燕,19881208,8d786fd4fdcbb781c8987a22b0a4ad03,5787,PwnGogaustfish
宋旁,女,5788,19860507,oracleklionsec,77691069294,590993198605077486,ae2cedd48f2e319888cf74c4daa8799c
5789,皮翔飞,dr0opdaolgts,78059213865,cd9158c8fc94384bbb974c10de742c84,男,19990513,08963419990513125X
5790,男,564207941cf67222e9da8f6c4b1a1dda,rickyhaoZedd,邰银瑶,74953182328,20000613,83908820000613845X
男,8c4a7de3e9ef09e27425ccfb697cf3f7,zeroyuThreezh1,19731118,牧辑,118483197311189638,78214167341,5791
禄沙雨,43b5fb4b46964374fa727f400f60da4b,548821199006258678,男,5792,19900625,73374985618,fi9coderzhanglin
77186083915,5e6e1cdfcabc7f8722fbe1a6b98bfe29,5793,女,19730418,088861197304184380,foxishaonvretme7DiShen,相曼文
537947201601052582,公仲英秀,5794,73636415419,76d6ec8925cdf18e85cbf43dacc9dd0f,20160105,zhanglililiuqin,女
陆鹏翼,96abe471a2de713acb336cd59b16ad3d,5795,77295217850,536944200009077583,20000907,liyumeigeeeez,女
付里鸿,女,36265419e24f32427bfb08efe30077e6,5796,497420198208302827,wangjinfengjayl1n,78532286963,19820830
男,Ne0rcoil,79060225402,031375199602056015,5797,景妙珍,cf366aa3dd909bfc2da5ec23c4d34776,19960205
20200212,女,5798,258411202002123945,77758995637,盖经义,wangaiPh0rse,443ac561790e243700613d12bf5956ad
19980710,5799,巨母裕梅,045657199807101384,bae8a41f716b1c526b4b0b52c03ebe2e,女,74791366770,wanghaozhangqiang
e7e4cc5a99dfa23c823b0c1db6b045ac,付里厚,183727199903120426,5800,79362834594,19990312,B1ainrcoil,女
79309192452,zhangninggh0stkey,20070908,5801,96819adab0f2cca96d60ab277eefd1e6,638499200709083670,男,仲长宫莹
阴淑惠,74669712780,5802,633117198903106535,wangshulanyangbin,7a1decf5182b00015759a0eb1937fd63,男,19890310
603334200202285085,sunxiuyingzhangyuhua,女,351049c398f6ea0e63df2556f22dc0c7,20020228,公保瀚玥,5803,78510447117
5804,郝菁,ChaMd5wangjianping,f993a428a28706a350536ee066737b41,男,74812725591,19841113,928346198411138772
727397197305094486,19730509,养青槐,52stuwangfengying,女,aa78ee86c0f013de025fa3e006fd7b11,75763019344,5805
20150523,9c68edb3f0694ee3d851eec1c3cd6bc7,范华,zhangyulanftp,女,5806,73140753709,756044201505230627
prochenchen,女,项荇怡,409928197107250326,5807,19710725,6046b9ebc1787d3023757871647ba0bf,73952616098
男,704204200905041838,c7a399ffd5911e65f6904902ef7940b1,20090504,项雄,74503570817,5808,iceHlixiuzhen
77447753117,lixinzhanghua,912324198212274135,酆嘉禧,5809,男,fdfa8f936c571c053c103750b0a27c13,19821227
女,尹和惬,20040315,999081200403154541,hookgloxecgrt1st,5810,0d1532cfab179ea88089a6143d1bdea4,74565598153
20091112,shentoushidaohangliubin,217750200911127023,c4be65e4f95a290a6ef0337165b1f220,79300977710,5811,女,计坚壁
chabugn0b0dyCN,公为紫,36d66df4041b8efb3adcffc4d892a9d7,5812,768678197412300383,79515713261,女,19741230
BrieflyXyugod,b234f822e1f19dd8bf18bbc0aef1299d,78757987631,275979198610269485,19861026,5813,公若璟,女
5814,bywalkslinkarticles,龙甜恬,78630269803,f4975f6a66a09b65f2c27380a01a8a2b,19750308,846775197503086137,男
913638201011187027,20101118,5e609cf84f30850b8e85c8b775e367e4,5815,女,cuijianxiongzhangkun,庞依婷,77661578947
益嘉禧,19891217,e84834a73b2816ddc0e1396aa7818288,5816,altmanliguifang,女,145093198912177163,74682683803
女,19890422,78331062020,公息纹,liuguizhenPolarisLab,772526198904227548,5817,63fbb26a8f4c1e6af6769708bfee28fa
余微婉,20101001,79388556624,5818,男,133ff1e10a8b244767ef734fb86f37fd,foxishaonvnaweianquandaohang,528392201010016510
79353856957,027c1f17e2e49890b652fa604d60ac99,陆经赋,女,liuhonglilin,5819,803027199705159365,19970515
75323146495,吕雪旋,65f1a16845726fecf532d28666e4a3d2,102774198209102564,19820910,女,5820,Cyc1exssav
仰天音,73455312084,358b8237d5369d5eedbc8f059c0ab094,20180905,wangqinthief,688622201809055432,5821,男
男,063649198111149037,beafb1b1p0desta,东楼冕,19811114,78958931520,5822,addd10031be3333f1469e8312ad701ce
79508094778,19730103,5823,女,乔高达,wanglei,348dd0e4c91815132656c48abf5afcc1,570668197301036860
男,orlevenwangxiyu,崔小霜,573836199405267577,19940526,5824,77625283023,885034c2359c445728e67314e77b13ae
75275513947,男,穿封元魁,525bd9eedeb320f53ef9068622a1f796,766742197003189933,5825,19700318,wzrmb122
73043385972,19880425,e7ebdc50259e28fc656cdf43e3eea1e9,45990719880425675X,inpenetrationtestingKlaus,男,孙光亮,5826
邹雅山,w8ayysqlserver,202831200511259334,20051125,5827,5cffee806a3d70d97e893329ed91886a,73933895613,男
19920923,44801487d0aee2e2d061e407fc15804d,女,雷艾达,79340772496,5828,44667519920923816X,Caligoseaiiblog
5829,男,司空萦思,lijuanweilavera,73671016907,b7e0a7da9835e2882fad2eb08bf3c9a6,20120815,420813201208157053
5830,V4kst1zp0po,138fa25adf343035b5a35a94552d0dbd,846000199511168511,男,19951116,78180058427,甘先祺祥
Luhreyliuxiulan,男,df82614f7a221be37e95e26c7c25858e,73775580531,5831,喻秋华,65494420120922287X,20120922
yangguiyingblogsir,19890211,78379258787,纪庄雅,5832,4aac230fffd7189cda1b3e331341239d,男,611443198902114414
979500200212173745,liuleittk7,5833,bb7ca654623a64eaf4bf52f02bf3351e,女,78940108729,20021217,甘先雅山
女,574840199104304763,77766349371,yangfanlalajunNODE,萧好洁,19910430,acccead7e656f9985b661bbf3fc8934b,5834
8548cb13c1054c7ac85831fe837ce3d8,男,20201205,池旭尧,666418202012059018,03seczhaoj,73876466676,5835
女,d99811d6ab645517a9fc42ad57586fea,956533201811165224,20181116,lofterwangdong,5836,73671800008,廖秀曼
286960198709116182,77721973758,507f513353702b50c145d5b7d138095c,工娄紫,scanfRicterZ,5837,女,19870911
5838,379efd6d7674ac5b09ab1e1c5cd452fa,73499508658,660237197010303936,崔彦珺,yangbinSnowming04,男,19701030
Westerexp101t,367159198005139126,faf8c37ec2b3ccd92d38e974b1cdb4bd,19800513,5839,公荆浩瀚,75568544622,女
75645454201,弘欣琳,5840,4a68263c5c14ff5325d661d4b3fad926,男,19800110,908265198001107113,zhangguiyingklionsec
78048932506,19950509,058788199505098858,男,lz1yprojectmoon,a25ed341deffb4decb78ff902a2bc310,5841,公仲铿
77631609642,女,5842,宫斐,958176199301226322,19930122,susers,8c052577b27447de2385a556234f55c0
773ff7ed92fd3438e3b4c3334d71d7bb,19840628,女,73214846156,134073198406288663,鲁鹏池,mylamourtomcat,5843
75942889056,20120831,男,AdminTony,5844,851694201208315670,张修竹,18b32d9131a776f48bcdc93fcf5bf028
20021024,5845,74922060487,54aa1109f757885c04a829b00ddb0d6e,纪清妍,女,832302200210245949,ba0zilijing
东宫意智,me04z,女,5846,19731218,91ce2f44f33388e0123832dc38f9541d,78806610581,519275197312183080
19850908,男,5847,79087143975,982276198509089954,x14hackyangli,蒯韩,f6c3776054426472c409077a9fbc87e5
女,75687282767,5848,000434201211100340,shengqi158JrXnm,8c7be2c81ba0d16c35c597ab158ed780,蒙泰华,20121110
濮水蓉,78898047018,impakhophpinfo,男,5849,19710517,690710197105176354,d9d10551a955f951a363b20e6c78a3d8
女,9da9fb0df39766ffd65802fbf133cd34,593356198405116987,19840511,陈奇正,5850,wangleiliuxiulan,77339087668
0e450c1bf192dbeabafb5db4c7d4ae9b,d4m1ts,78529193882,张锦程,19960711,男,5851,229639199607110352
函井金玉,464975197012152054,19701215,79588513968,3a7cf8bc63e90e4201030f3d6a533d14,5852,男,Jayl1nliuxia
女,294217198012076363,60e17483aa5e59665549f8ac00ba2939,75960384937,5853,Xi4or0ujianonymous,王官文赋,19801207
叶采绿,5854,Seaiianquanquan,19750507,女,79358164518,dba499feffcd1c0bd9ce2344de4c08e5,11448819750507196X
19760525,63203519760525905X,男,Orangesusers,5855,向娇洁,79994294293,fc0a47496762745102f1f25583717f55
男,19940831,冀翰学,ac3f1f2443c688eb08e88450712e38a6,79130218729,sunxiuyingNuclearAtklcxcc,823656199408313256,5856
78726389173,46da3b6939387ac77daf2275d44829e6,zhangfei4DMIN1,19850413,璩烨烨,5857,男,18179019850413487X
spaceyangjuan,19740126,4547d8dd84da35ded67d7096f1cd8e94,35721819740126748X,厨人永思,75273347918,5858,女
scanfseczhangli,424260202011186141,女,20201118,郁恺乐,5859,c23e283673d104fc5f41c7caf016c797,76657339845
5860,1965e8c4ccafb7d379033c758db823ff,19940910,300961199409104651,74653641600,信都正豪,Cottonsevck,男
gouchenanquanshiyanshiFeeiCN,78097179086,公建天路,5861,19700108,女,2d3d730291a4574e6250d67d15c94e1d,411456197001083788
347274198209177242,女,党含双,5862,19820917,tonghuaroot0u0,75657107545,79ece106cf881ab3d38c3e02d33d8670
20140809,614c7722b42b3be818f10f39a9807eb3,男,73837309265,5863,639472201408096238,ProcessorCarlStar,宋凝阳
ChaBugJoyChou93,20151003,74767134928,女,306099201510038340,9160d32feaad046cf76266d7d8000762,5864,能蒙雨
郁巧茹,5865,女,b08f28a175f585a235c4107e32d5b2aa,20141005,77885155767,87304320141005012X,inpenetrationtestinghuangxiuying
Patrilicdwfalut,19820417,567220198204170684,5866,女,79581810745,公成辉,a855d03148d4c41b46eb52a93e48acfe
inpenetrationtestingxuwei,男,5867,19456820150225115X,3b39f9d68b1a7ecf5e23d9c8b5af2adb,20150225,毋雪帆,75553281096
能鸿熙,男,5868,trickingbyqiyou,5ca70bf21af094a06c2fe79860467c83,73378006691,291511201512153054,20151215
5869,公思茜,92ee82ce1133ca2f85aae14c45cea63f,cdxywanglong,女,19920508,836436199205080323,77188037476
5870,993741200204137230,74822541909,20020413,netniexinmingliguihua,男,璩康顺,150462287924b92d3cc49e0488f446be
c6f3d06820151f40d254a057bf1de831,5871,尤骄,blackh4trepwn,女,19821124,75845653744,927449198211246166
79845778397,be24a8293cea2fd50058d7589135b423,男,5872,800023197711032574,19771103,lsafeliuguiying,空思艳
34b7f03c6583f59ffcf108f476a74bf7,Ylleny11enP0rZ9,牛行,5873,19850429,560361198504297157,77728118678,男
女,386337199312230624,e389a212c2b3beb2a9a00ad2f13b8c2b,酆子蕙,zhanglijuan7ell,19931223,73043976490,5874
男,958359200905279070,5875,东阳丹梅,74901828932,nobbFirmy,2449b3e7933aac9b198374a410240f5d,20090527
吴纨,5876,73603536559,f6bd3f0c7c9a3c01c0933c976f959fb3,781448201605017848,20160501,女,lixiulanchiahao
19700509,aa3d735d1c47bdcfd392d95a53b62633,酆怡悦,女,77103657261,953523197005090542,5877,Pandaliuqin
5878,liguizhenWisdomTree,男,党逸思,1f39adc747fd27b8ff9c12984c1f0fb9,20110209,191922201102098010,73111197899
5879,56653f2919a20a4848087b5c4c913fb2,19770514,113855197705146173,男,chenqiangzhanghaiyan,公石惜寒,77262891785
babca7d5fb3676d55f8e10ac113d2843,74679892180,20150507,5880,zjicmDarkWingK6,喻青梦,657903201505071063,女
19841125,528636198411257164,lirongliyan,44f2029ee311075d77c3779fdc048dce,5881,78657246997,伏玮琪,女
xmutseczhangjie,904677198301153764,19830115,3cc02aaca4abcd90a7f2c4d217515d55,女,吕怀萍,73259535869,5882
5883,79524638360,女,19841024,624756198410246464,公晰沛凝,67d925033e0e8167b8eacf516653e031,lijingchenbo
5884,927155200010310943,seaiiblogbit4woo,弘妃,女,cb51b42d7fce16294370ce0eb5a6419e,20001031,77619613130
19910114,295674199101148626,女,liulingJaky,73563727491,詹子默,92f4ac7d928d7580e708586ce0b9c1b4,5885
75523428275,5886,wangxueliujuan,19861006,男,34a47d6f8603c05ee5582e12cfd09cc4,138269198610064077,詹夏月
男,515230201801293371,73753820776,scarletfmylamour,酆星辰,5887,20180129,f5884345e8342b1dff5c8404ce4543f6
74696693840,0ddc9e9c99441d9f21157afa130b48d7,Jearyluhrey,169044201111158151,男,20111115,乌建义,5888
77125655680,5889,heikejieeternalsakura13,ec919412adaa82f1f40baa0daed9a44d,施嘉平,75507219971004377X,男,19971004
5890,男,76679209071,335650198712298858,19871229,7b3c7f308374c9151c5e0afffe2fb47c,zhanglinPa55w0rd,窦公安志
女,73854820114,74025520190827116X,a99c96d5cdb6c2dc0e2abab65bd991f5,admin8zhaoli,20190827,5891,唐思雨
15563163433e25ca632c1a437bfcf788,zhangguilandarkr4y,73489914057,281641200007135274,凡闾帅,5892,20000713,男
20101007,5893,男,束银河,79369432077,1f9e59fe1dea0c858208c00907c8d203,wangxiyu191,406229201010074113
438268198201105573,9aee390f19345028f03bb16c588550e1,5894,19820110,yangxueThreatHunter,湛娜兰,79330761205,男
男,073378201406241350,c161384da86f00b235f2c905660c7af4,5895,冷沦康时,20140624,77117875090,liguilanPanda
20120808,1eec86e16f5a6511f0fdf8b3c42df6b2,女,皮承泽,254012201208086867,5896,CaligoZwangning,73119960234
秦丹丹,5897,725426197911105382,chenhuivip,19791110,78334418596,女,6df35495e282bc621ac15e391a4f789a
a80e3851e335ae279b74bf83c8175393,19850514,殳天禄,wangmeiHexman,5898,673369198505146982,79339865377,女
qiyuehuoim,男,5899,bdc6e720bbdd4cd2101b453693aba4ac,055882201905253436,20190525,75392520248,崔翠霜
0ed3454d2eb0f66c912daf0f55c942c6,57697519961007286X,northityzhuiguangzhe,74736899491,5900,元亓俊风,女,19961007
bfbdb87bd5460094763e39972a9065c7,fupingleeliukai,20011011,75707397437,男,151839200110112871,屠岸婷雯,5901
5902,19980219,d563b67e7a75f0f7f15c2bccf71659b1,女,宓红梅,73900345485,828024199802190726,51ctotest404
0735a8f5f688c15dd5f777c7bd988b16,493204198906157159,赵滢,5903,男,Processorpurpleroc,78721875780,19890615
5904,DarkRayphithon,73077048739,20010215,588085200102155629,师雅霜,20392354024cd0644aba0704cff739b1,女
280030198412100937,男,0c70798ef9bd5bb878f53df3f85774de,5905,73193624855,公仪青槐,19841210,zhangpingssh
仉督听南,女,20070225,5906,2b603c4981ccea4d0cd7bd9e9c553fc3,ba0ziph0rse,79396428764,661782200702253786
77187695740,5907,屠梦露,20060406,zhouyongchenli,女,044548200604067043,30c571cf91af30afcb058b606907f579
男,19800110,shellstormlin2zhen,阚掣,74868621251,bfd59291e825b5f2bbf1eb76569f8fe7,5908,785366198001106977
451582198606151261,liguifangwanghong,薛凯,19860615,76746269392,7ece8332be83bec1ee8a24849e3c00b6,5909,女
20101126,5910,jiangsir404zsxsoft,279843201011261373,74622058162,4138078dccbeb729b4213b5953cb287c,东关欧,男
LANVNALwangna,石炅,79048370463,男,19930323,394fea83948d3747ba26ebe892b00a23,5911,968763199303232278
男,20171012,5912,71024b6f9d74894f1f846265f1f2a0de,955610201710121679,公宣柔怀,singllchenling,73370487312
司徒竹萱,19791012,inkNoneGirlIuh,936e39064422bd8b6a8762a09731e82a,5913,274459197910120553,男,73206246514
5914,625953198010140348,78058613438,c9b03372b223edc338673537439b27e4,女,avfisheryangling,邰夏月,19801014
蒯从雪,20051210,b31c07a50a1fb37e466c813cb9dd62d5,5915,437147200512109012,74740026444,zer0yuzo1ro,男
男,5916,wangjianjunzhangping,9ea1d8c1666d732f32ee5f9c507e7179,柏晓楠,655170198102044570,19810204,73260954483
venenofseaiiblog,47276be64dc6c684e8389afaeb774e73,75730039396,女,20080615,欧映之,994427200806153868,5917
79992336689,28505819860216633X,冀娥,19860216,0420a206ae8b77b60f314a33b38c875a,Passer6ywiki,男,5918
FireBroo,5919,女,20080220,a4a55b0e747e1fa52017969a87dc023e,79048430832,506756200802204524,邬怜翠
窦博明,5920,男,19980917,73710379059,b282de1e64c4e3a39021c8eb94421749,userfuhei,926655199809176571
19731109,590340197311094272,demowangfeng,4b91ab0bdf6e4fc39154da4044eebad9,男,75012573637,5921,红夏岚
女,5922,劳光耀,78232764450,hachp1root,41576654252ff0e0a91217a91a643b52,699327198103199841,19810319
abcdefghijklmnopqrstzhangqiang,623564197711052026,19771105,73742914945,5923,巩伯冠宇,dbabfb5b08522b8b46e390913841640e,女
禹珠轩,男,931539200709058639,547b0173cad7b46821651a0da05fd39b,74918485040,5924,lichunmeixiaocaowoboke,20070905
女,19730621,相偌丝,f2465ffb93940d6912f1052bda864f61,5925,729620197306214288,se7ensecmeizjm3i,78161904985
5926,486016200512236917,Mourlixiuyun,男,20051223,78903395778,舒彦珺,f36894073d286c90d42d89fc4d5a5ef2
男,73022067530,宋春梅,5927,196915201301314653,mrxnliuxia,f42a4f679a0ad04c290728abc039d3ed,20130131
4a4ab512f77ff58fd993606c756d2830,jingzheliumei,5928,富嘉致,73506461444,19771010,827630197710106910,男
RajChandeljinglingshu,19900117,78623023463,916adcfb315ee4989c11225945a21400,426205199001172910,毛向彤,5929,男
274c9720f855e284c841543883b32127,79148180371,068025200310011250,20031001,敖高,5930,男,liyingyangfang
172015199808104333,5931,19980810,b4dcc2c331442bfc7b7ac84acbb68b4f,zhaomin,男,祖明,79320545963
戴乐悦,5e089d1f7aa85b81cb020f034c37fc56,77392996945,778799199205018113,19920501,5932,男,zhangmingzhangxia
850398200406135551,ea33bfb15a0ac00d772973e9b589b9e1,77821163384,印睿明,男,thinkingsqianhaojun,5933,20040613
wangguiyingDarkRay,77319647619,19950811,499662199508116330,5934,晃梓燕,男,e43e1a07fb27aaa5f33997e2f04a2722
5935,457082200004146519,20000414,男,ef30544bdd75bd09532d20a418286382,成博实,MediciYanliguiying,77767439489
夏文翰,5936,76750101571,p2jevi1cg,女,015953c54c577815815a575e5a9fadaa,20120122,102089201201229748
5937,男,阚玲琅,75305136514,19750219,7b518adf70a6326dc944e7eb59e919fa,chenyuyingyangling,799144197502192713
851667199009041268,顾眉,19900904,73155390506,5938,wangdanRicky,女,1d3d281d663d137d4ab518b9b23c7a73
男,5939,19961210,乜丽佳,ffd3613cd10a18d60e5b2c68ffc9373f,289169199612105357,78398258072,litaoonlyfree
5940,fuyunzhaoluwhite,19910908,c7a4476fc64b75ead800da9ea2b7d072,南门樱花,女,79909700669,340538199109086545
牛明志,19990907,75207359405,女,98122e13e00bbd71215ad61a9ad2ebe0,caucmisiteanquantuandui,5941,597186199909070447
5942,男,74794128118,e7b4a322975a4374f1b1bd2f66face9c,工娄锦诗,605055201712314036,wangguizhicomu9c3ca1ca4784,20171231
73518629466,男,5943,祝翰,100995200407309575,WinMinnaweianquandaohang,fdac0cc49e90361a161fcef9a5823d2f,20040730
5944,583e0aac4255e5ef690ceaf7c59363d3,74934449179,20161103,424140201611037427,女,令狐慕,zhangguilanHurricane618
关龙凝静,liumeitonghuaroot,66223219940603177X,19940603,77448283818,524841f35c449ea1de362b47bd541bad,5945,男
5946,75570689473,panghulijun,女,19920427,506727199204274488,c40cb36e63c031c87f9000fb015e3d96,史初翠
8ea7c8dc5296fce15f59baebb5c82acd,暴傲蕾,19830910,lixiufangyangxiuzhen,73680597848,875924198309105015,5947,男
624237201406114563,5948,78738358580,女,詹德庸,fcd7a0b2cb60738592f5020331b295f9,qiankejiuguanluntananonymous,20140611
zhouyongdevelopment,19940614,067100199406149045,43eafc0793983a8e4c77e59e2dbcb592,75803604397,公胜雨灵,5949,女
7048987f7eb40cf43866ce9439128494,73175361179,V0W,867888197501185379,合博冰薇,19750118,5950,男
78774311292,0b63e66d91ea34fc750454554f0c6e79,19890619,wooyaazcbmhf1,543979198906193778,东阳映真,5951,男
女,5952,77221300887,07748319830327856X,19830327,邱成礼,iretvip,13d54d258a6df7549b36f73b8f9f29dd
613898199412200751,8481a18d2625d934f5bf18e7e088450f,5953,傅优乐,19941220,beifengpiaoranthunderjie,男,75640542334
19950214,男,范元绿,79882384604,heikejiesmtp,5954,3899688132d35986e3685309f7903e72,847200199502141650
5955,1d73a00bd6949711f08026ce1be8db38,77192237209,wangjianhuawangning,王俊语,女,761596198601247740,19860124
7ea396a7c5e9c1505170ce845ebf0172,cal1wangzhiqiang,5956,095500200905094967,女,20090509,潘萍雅,75102655415
navisec7ell,公丘洛,746648197007184012,73313714201,19700718,31848baa929e211e8cc55714f5460ec2,5957,男
5958,叔促嘉茂,056096201106184169,73667107689,20110618,女,0506b3ff1d8c8fbd0e1042d12cae20be,comchenli
liuhuilijie,364355201901055382,5959,6cdc0e26cf5e4c999ac40df5e431ae20,女,20190105,公林僖,77605998447
贺盼海,sqlsec,男,b972a9507ba22a4f77754b09ce5af0fd,5960,77872859630,081383199207116216,19920711
88132019860604583X,厨人芹悦,5961,男,19860604,77564365956,a49d9812b38e36ad1b2af0b2716591e7,zerokeeper7ell
13053120180325578X,20180325,女,5962,74088334256,谢滢渟,rama291041610damit5,531333e262b3d982ced00e9228d18910
5963,男,19750928,au1geLnyassss,常凡梦,839842197509280757,1e5ab8d250fd9775e899c6deb6b94f05,73409845207
227990199809029273,lingersvn,男,5964,228b3b913b8bd643d04bbdce0a7a8d98,19980902,78661767491,尹冰凡
jkangelyangyan,女,5965,45b06c288f511839bf4c2052f28665ff,19720310,75041750323,茹锐锋,582124197203107629
5966,net9199771liming,崔和美,76671846687,男,82946a4e19a6c636cdc3c6d4432cde05,377461201505032637,20150503
任碫,cc6911b29052fc052f6f6558cdaa1014,77639352103,zhangxiuyunGroupT00,19880518,378785198805180440,5967,女
094f400c8f07021a88218ac02650a30b,blackh4tJarvis,令狐悦远,19990718,664585199907186156,78021992478,5968,男
男,wangaixiaomi,4fd7d3df7b09ea3b018677b45b81d685,19910102,33007119910102665X,73961547086,5969,殳星纬
76623143047,20170717,062950201707178627,付里天赋,aryb1nimap,50a338064d56fcdf1bb2e15a68617ac9,女,5970
wangguihuaCDUSEC,19791026,5971,元亓光华,78654543078,377457197910268244,女,01b53f1fbd193a991f74d1828a0e1168
19781108,5972,lifeiVancir,79945996727,女,251489197811086187,戴恬静,b5d07a4b4436f8d877547ee7f8a18ebe
dc4fbbea43a3e5b17e7c51bb943327a4,superuserlz1y,79967438760,郁彭泽,577305197608075180,5973,19760807,女
73651450125,女,474621197003107266,b95a1a6ecde3279703dd89d65531ddfd,5974,平弢,Wingret2p4nda,19700310
846269200404205276,陆玉山,20040420,73216470836,男,5975,Singlljarviswang,7a9f82c8442be0691c35875aab758b88
20010207,史优悠,b9dcf21f8c2be8dcf1782a8328ae8f8d,5976,79172459704,305204200102079118,男,zhangweichengang
男,72f3f2e06af480d427f1561ebc4fa078,b404cobbr,5977,花暖姝,74981815499,764947197802210170,19780221
031936202011237335,男,76649872722,1a34a3923ebbcab78fb672ac8eb7ae31,w8ayywanglei,20201123,东闾彩妍,5978
345056200306031274,ba44e622a04a76beade0da36a3760d76,5979,公析俊远,20030603,77259893829,男,nanmingbyqiyou
75726942035,20080929,liuyuyingfindneo,男,86c243c7a34fa4d8018d4b259f6ac73e,45755520080929447X,5980,中叔语柳
丁若宏才,wangguizhencomarchivessnowming,男,74017889631,488988198502146814,4837fbbd499fa4ed413e03f3613ce122,19850214,5981
165163199702081652,公旅飞昂,男,chenyuyingwanglei,78262531269,0c25cd9b4e028be81db5ce10bb534602,19970208,5982
3a4e936cd3cdbe3d5a40e04e91a883cb,利翰,女,math1asliguihua,286407199003298127,73379169143,5983,19900329
臧如霜,986358200102257350,20010225,74637786839,wangshulan3gstudent,5984,29322deddcbd641bd6ccbfbe6a507a8c,男
303afa47adc42a3aa87fcfedbbdf2652,平天翰,74656570734,男,wangyingAuxy233,27720319960912647X,5985,19960912
78847004471,19940728,东宫雅达,786312199407286687,5986,女,GoodboyLucifaer,3fef0ff5bd239fbe4b9875533b81f015
男,19791002,672145197910023815,78184705945,5987,f725562d7355cbe35b05ec5c7bf3c83c,mozhucyJrXnm,元亓可儿
imagemltzhangfeng,20030304,女,8c84dc88601f28e634f3c023745d982f,5988,508704200303047267,79598097006,融鸿畴
lijingpaper,阎小萱,023236201903163535,男,5989,77278850444,b16e8bf35f5fbde56123bd4b4e65d375,20190316
78104692719,f7702f87057dedb85420fd4784b70897,5990,姜玲芬,wangliliubo,19931230,男,923890199312308150
AppLeU0,屈睿彤,19911214,f2ac185c5056238b2161cc8d142b9fc8,女,74508398662,5991,285420199112145947
男,e84f06a29de31c8cd69ae633859c5852,邱星宸,368652198406203014,imapliujianjun,73415414127,19840620,5992
女,ec580792aa15d258e55f2c6278f2d8e5,78696042035,505327198602056681,5993,hl0reyjiangshui,19860205,暴峻熙
5994,c0e63d0740e593ac8f5cc446bb9f5e69,男,huawendemo,348430198005079312,梁和颂,19800507,78154781796
wanglihuacc,男,5995,5afee5ea6c02698217b367a9c81ac82d,804847197607049171,暴俊人,78394361778,19760704
女,bestwingZedd,5996,高文石,083589199304058944,19930405,356feff8272ab026f223ff50f2a6702f,77151171709
hackingarticleslovefeng,杜琼,78319714445,269640199811295481,19981129,bba2f9b6750247e24e6bdca61b0c9179,女,5997
5998,78628120191121003X,79010994663,fffcf303909aa977eb221dcb3e9b8eaf,20191121,男,c0ny1FeeiCN,东阳嘉懿
diaosiguidangbiji7ell,fe1339583aa6dec8d7ed12ad378de896,郗慕诗,79835768168,男,20171121,273309201711212833,5999
985e5eb8461e3936b7b52a180a4a3a93,6000,蒯雪松,19710307,男,840771197103075630,webadminliuwx,78426676955
828402200009297682,75204382346,女,6001,byqiyou3com,窦公庄雅,1ec4cf24d8f30f8fd8e8688d68e176e1,20000929
tomcatyangjie,6002,19721111,77468651561,东乡博实,男,51366056183a65ab878eb68dc3b344c9,017766197211114650
男,19701103,00c66aaf5f2c3f49946f15c1ad2ea0d3,0h1in9eac,78651088952,440637197011036957,云俊郎,6003
6004,huawei,172495198802145360,78164826993,谭琳,女,9cc8bf0ee0afb2bec0cb0b05bc017c0c,19880214
郭琪睿,19801222,d6e88c431c36a793f3c1db7fd41767e0,959467198012223359,6005,男,huachuantingyup0desta,78340289671
劳雨伯,1f98ac2f2e9a9bf37a5ebac3272a8a4a,eternalsakurak0rz3n,856388197506134423,19750613,女,6006,78758551890
limeicool,6007,吕乐悦,068182201111241544,76757394907,46a26df0e3ff6b73dc6283cbaac54511,女,20111124
伶舟侪,systemzsx,6008,2dbcfe4ce88a8248b521395107f53160,男,19880806,77497029719,088639198808066552
65226494e17e438e091bfe8c12e7144c,19700507,78211977384,东乡高洁,女,6009,496913197005071385,liufang
6010,东关天路,chenxiaobingliuyang,708a9c84b47404c5524405e5cbd910b8,497018197106200258,男,19710620,74767186178
20180309,女,030278d8842f713ddaa807fd7eaaf2da,019299201803094367,利靖雁,developsaucerman,6011,74013329586
1b0679be72ad976ad5d491ad57a5eec0,廖鹏,20000917,jarviswangdevserver,79567166662,122407200009177235,男,6012
liujianguoexiahan,19730516,507014197305162524,女,77351365692,f3ca88feedbbd8ed966f8d3da96ab090,工尹彪,6013
mengsecchenhao,5556a98313f74b4c2aa1468b4db0b711,19771103,78704029317,6014,蒋歆然,男,801876197711037276
b9240804bcb1bcff9791e26b8b0bf101,吕水,20030101,女,73385339436,6015,7ellwangjianping,018456200301017228
女,19760823,翟阳泽,0ed5704e3c89a7aca0d0b5c9c3b6deb3,74729800638,6016,097286197608237643,lufeiriderred
男,瞿婷雯,605115198303051618,7cea08b58282788951d2c407969a8b4a,itchaojidaheimao,6017,19830305,79552280436
cf11b9c706f15f51f1aa3f3bdd24889f,20150508,768433201505087433,zhangyumeiwanglijuan,73624240313,男,6018,谈芊丽
75709171437,785739199710086523,cytonetyiyaaixuexi,57adb677a87b14fa5692dd66f14072d9,女,乐羊欢,6019,19971008
wangyulanlixiuying,77123059466,6020,d82bd82117a4bff275ea94f6ad56d023,19710722,车新林,女,220020197107225727
comCarlStar,男,19900909,053582199009090650,萧骏,74507130049,6021,c3abfcecbe9bc7ace5c8c813d052c29d
73804450769,6022,wangyihangm4p1e,19830216,965951cbf204d409cd76834512356c6e,南宫凝阳,男,689082198302161957
20010527,lsafefuzzer,6023,77241357743,曾代芙,072343200105276087,女,69272406ff75f84ba06c2d82388b1aa7
19990903,sk15K6,0828cb1cb5fa78d3226d6935ffeb4010,6024,瞿白莲,男,072406199909039050,75364612702
19740929,6025,gh0st,穆高洁,78611630881,女,090167197409298522,7d1b9332440c465a9c0a7024688fb834
157390201502118043,6026,祁战,77729098498,女,20150211,337b9de3b9ca7c6338c6c888437b88f5,meizijiuwangxin
771a22d8dca4c5837b3e0b6f4527b057,73395825731,03861719930226468X,乐羊白梦,x14hackPeterpan0927,6027,19930226,女
40d369ad9d1af322735936385c1c3bd4,汲乐咏,6028,lidandanwebadmin,19820528,76685946993,79465819820528481X,男
米良工,lihonggeeeez,74750281233,9e8b6c0db6611236b5168e7dc1ca5998,6029,337160199105267146,女,19910526
liuhaoPoacher,6030,19790513,何丘琩,女,77504070019,35786f0c5b3048916fc98cd7f0c6bbbe,542393197905138469
瞿巧,男,bigtangkingkk,933447200509026014,78380800868,20050902,6031,d2949817f294a2e7c99e90259ceec808
公荆修谨,20000317,6032,530569e484f00136e52f308f8dce3789,女,Netfairysafe6,658510200003175346,77315769330
fc007f2b8b7ba8cefc40171901746c59,20120607,6033,649326201206079139,74542208798,男,zhangwenJirairya,丌官迎波
73515908847,246250201709114677,bfa39582db8cc06c1361269aef3d968b,6034,男,wangyuzhenwebbaozi,窦公婀娜,20170911
9ef2d07b49d3718296edf90135321046,zhaoyongmylamour,女,6035,364906197412204646,靳琦珍,78447890822,19741220
孟水绿,6036,75259349040,7c341aad16dbd1755c2dc85be325243f,792976201309140644,女,20130914,liguirongchenbin
ExOriginEthancck,490090197404096043,19740409,女,6037,769c03a84fe80377f2232bbaa0592693,郏如天,78614204000
288079198908052663,19890805,bd4f01519a0f7376bde39d1243eb4b72,77639276606,时容,exp101tm4p1e,6038,女
6039,meizjm3i,屈门云澈,929071199703262711,男,aa11ef5b6e68ae79007af27fe3d774db,19970326,73716081411
19710517,弓琪睿,78771836966,8db0d7477c1a309dd339c8c22605f8e4,男,administratoridoge,435046197105170715,6040
73901966994,20060411,742099200604111725,伏羲景福,6041,90912f42f970defc3ad40ae38d377e24,liuhongdm,女
79590717142,19791204,桂雅韵,女,738076197912042068,6042,zhangjianjunkirinsay,a7bedb436111ce98fb4203f5d5add842
张邦,a2e56a697adff766533aa6dbf594480b,6043,女,19730212,icuBird,132403197302122526,77618404878
19790211,78230173278,03bb20f3606443ef4c378bbb760fdb4f,6044,男,糜夏兰,943830197902118515,Hexmanchenjie
女,tangguo0u0,74623386511,5589f397b3691cc752c98c567a420197,19791109,646327197911094128,孟湉湉,6045
毕盛,77665960041,lixiangzhoubolin,d4960b344c10816a852c749316ae092f,20110106,女,303484201101062643,6046
6047,叔孙瑶华,071780198312264372,lishuaiXMUPh0en1x,19831226,6380a6d907748e906021a6c3c5ac7007,男,73111643635
491064197707033988,6048,09caadd28dc2f212c9a4a25342e7f176,窦瑞云,女,leixiaodwfault,75672935210,19770703
Decadehexo,79055200259,792046201712178960,邵勇捷,6049,92c41510e7b7e916029bece076277734,20171217,女
19820517,138768198205172913,redteamdevsql,男,77600250564,6050,宋秋,94316f9208ece5e28fd4a0dcf173f8d7
男,We5terwanglin,d526641424c7c0133210b0f3dc31e514,692330198704091571,19870409,77309900681,公伯芦雪,6051
d7c3ae47d825f5b4615f738078807d9a,女,钟恺玲,19920910,zhanghaiyanch1ng,6052,045321199209108663,77468837206
Netfairylikai,孟光临,77665228170,20070916,337438200709169453,6053,男,51d384b599c370837b25a165bd9d2ed6
0cf85b5ed7fa429ce6495a9dc8314a0e,古里暠,19891103,75581042708,liuyangdemo,男,818103198911032038,6054
20150701,男,6055,rmb122test404,窦公朗丽,fde34316e57638bc202701aed3d86e09,31613620150701987X,73160389557
fc373c5ee82eabf3ce10f01829cafe05,sinaappchenmei,20140308,牧峻熙,6056,男,190724201403088933,79094522311
966855200407315130,6057,1e6e4d7f9604e210a214f0894738460d,zhangjunliulei,男,曹婷昱,20040731,73069763929
女,162724201610233124,20161023,6058,77724671289,屈门莉娉,6710fd0cd904a419d899c07146126713,jearywanglanying
孟兴旺,女,6059,19791009,126066197910099468,78908191648,b803c534da67a5dbc219e05ab8b509da,wangjianhuaChu
20070220,722c171ff2cc48605ec3181e0e1390e3,男,95091420070220395X,77252774584,Wingdevsql,桓炎彬,6060
男,16086520030211383X,6061,20030211,74710444592,92d2208878254f9b1526f4fa2f6ba113,关龙晴,jmpoepavfisher
75036632334,6062,36081c6bec00fc07bf1c12489e238651,19910203,男,460472199102036910,bestwingSheldon,向香洁
男,b42b2161bb9324eca7eedfa3306fec51,wiattackkkzevip,78622237119,776047201507299639,20150729,6063,常竹萱
女,nobblaucyun,20110114,df3e26c3ea1e98377670bc6d1c8f64c4,6064,540985201101142745,73761863568,萧凡梦
19990816,chenxiuzhenme,芮霓云,女,77142966114,6065,4c0ea9f43672a5745a31adaa575d0e44,797486199908169828
852695197604191479,卫慧月,75224151841,6066,男,19760419,misiteanquantuanduix14hack,4e0bbf039ae4fa167cbe3e05650208c5
503843200309298820,女,Cyc1e4ch12dy,73579659931,6067,胜屠眉,20030929,db611108e287ded449842e04ee4ac7ee
MagicZerowangdan,男,f16c1a2bed93c942fe0e4a5f1a994961,723486198809298738,19880929,77335133805,东关竣,6068
19720327,4c842558e4e6d98fc7c63447ccb662ff,女,范媛女,014549197203275489,78002291157,6069,webadminwaitalone
齐佳思,9af7d80afa2aeee62fe63b3e9bb6e822,143967199708150915,男,6070,gh0stdevelopers,75580053694,19970815
wangxuMour,825206201108078836,厍狄蓓,6071,77208621834,20110807,7fef6171469e80d32c0559f88b377245,男
男,877054197909245253,6072,sinaappfindneo,73275527779,隆英秀,19790924,4d167c96971c6e9a0d03f848c8c16d7f
75802893163,e79949273f4e53a8c8fe55ca1eefa632,gh0stkeyhackersb,443052201302202217,20130220,男,吴贞,6073
3dec052890ffb4a00d27961f227efa2b,78933166521,670666199304240779,chenyongwangpeng,男,6074,19930424,寿和雅
944382201611043575,男,466100901ab992f2db1285c2e1811942,20161104,郎代玉,6075,77535311430,RidterRajChandel
19840429,男,b83867bf1c73cbd07b20fc1555b686f4,xiaozhiwangguirong,77141024225,013879198404298570,公檮昌,6076
769545201412253748,75940717870,20141225,f76cb121003ff9b8cf33595aa55de4ae,6077,zhangpengvirtua1,漕芦雪,女
78105616564,6078,胜屠俊明,女,wangxiuyingwangdong,ba36713041a8e335aae15cf4beb7d562,19891026,465993198910268743
男,liyingzhangwen,0baddd234c3ad1023f52e471f6d95064,6079,985572197612166953,75147374098,19761216,公齐双玉
6080,74746493987,鱼阳伯,18099120160612725X,男,chenjingit,da3aec6281a363d3fbd57754b43b9bc5,20160612
78339934005,6081,女,365171198201309842,19820130,6d87b4d4b6c7d48259bce730445e384a,谷姜,zhangchaowulidecade
19801010,任紫玲,yangfangliguifang,6082,e263ad92de6f172e4780de4963d016fb,男,836636198010104918,79607869031
19800915,孔稹,女,4a8e7d4b86e0e5cdbc9ab69de1985de4,252593198009154061,74515302206,6083,styprweblogic
女,73141060362,13cf1b935ccd4c4f83b19aab3e4ca2e1,763512198304129267,zhangyingcodemonster,6084,19830412,端木锦程
6085,ea7208919591066c656bd303e18ebfcf,74514616074,女,19700915,公师鸿洁,fupingleePh0rse,461230197009151620
习熠彤,6086,65810daf23e63fcbbf0dd5539ab6a374,shellstormchentao,848632197904211484,女,19790421,79989695865
45101b093c4e8acf32a525dc231afd50,PolarisLabJ0k3r,东宫庄,439623200907298119,78768046993,6087,20090729,男
男,陈安志,hpasserbynetyiyaaixuexi,053143417da0d7b2d5ed8aa8c23f5269,362248197508101477,19750810,6088,77672110998
公仲德宇,020628201305232835,6089,D4rkSecsherlocz,男,20130523,1fdfb57ad650b64c6577d434e87715da,77249988947
终听然,6543db5be4786bf1993828a8c958504c,6090,女,bestwingiami,11752319891023902X,19891023,73918139928
79901146536,6091,f4c97accbf3b60027791a3ec8c381b9b,19721125,298778197211255064,女,eggunclejingzhe,出连子蕙
19710710,3e223772a280c95bef6caf47a4378c71,0x002rama291041610,6092,52067519710710836X,女,公晰沧,79016323372
73809975601,侯中,19750715,wangjing,6093,539115ec54f0361cd0b04176c26f4afb,451950197507152935,男
19730219,clubmomomoxiaoxi,耿翔,8008aac07cd7620ad5ec3e75ce945466,74711620269,6094,71946919730219166X,女
6095,通清妍,19950410,284669199504102784,0x584Aadmin1,女,77353519159,aece3ce485e1cc5cd8f49b7e28c8a30b
吴玉泉,20110610,3f895f9537c67e7b28707b5b38167240,wolvezliguirong,女,6096,261741201106107363,75804448049
6097,20181228,502507201812286888,女,K0shlhexincaijiji,胜屠迈,924c49a6f11ae8ad8efae13700b42d3d,74039491145
96d5f6cb930a84ed64bb9deb0a55e810,808882199304251622,19930425,女,赖烟,6098,75680199760,xuminD4rkSec
段烨赫,chenxiuyingb1ue,6099,男,78102400012,19780914,500227197809145636,f41b2b92e4b35f012848429e989d6caf
6100,20090426,FeeiCNyangmei,847849200904265337,73803370443,男,9ee9700aae51a1adcdfb38b2bce36574,王鹤轩
614077199001205158,徐星文,qihoowanglong,77195916274,19900120,88811a4aef478c8aa12bc9da25a5e760,男,6101
73546320060103955X,何丘玉颖,6102,Hurricane618bertramc,20060103,77321250642,e6b3a83749994bdf036299e957f13072,男
女,phith0n,2de916b50ebb33a4c89f68dd1fe7579c,姚元甲,74625388999,19950311,952504199503116249,6103
19940825,d18c9ed5e1220f3bca554a0be11f9eb7,6104,吉胡晨风,73511902369,Venenof7Venenoretme,084589199408252881,女
061331197303234387,6105,19730323,女,乐羊俊捷,dmtopsec,78702645549,c81163f7d718f8f5f34e16782f047d8e
女,n0tr00tSecurityTeamAdam,c05480b7b426de864de82e7ed54e16d2,6106,73135477383,624998199509301688,19950930,廖丝
n0b0dyCNzhanglin,男,544961198510087175,613e232d18e3621c38259a74e2c7a2a4,6107,罗参,19851008,73234084863
6108,冬日育,男,133767200612115317,3e0a32610d18597d488f94ef7da007c5,78355946075,wangjian,20061211
2ec432f89b49acb41e07206502e2a72d,菱飞语,6109,Netfairyliuying,792846201205228787,20120522,女,75132951926
19740126,74801075158,421915197401264651,7417fb9c6f374da4af12c11da4accdde,男,6110,束以菱,ProjectMoonsunwei
19860131,230243198601311657,76bb89591585d36a5c77d0cfc5e91a3f,6111,77684686310,詹瑞绣,男,zcbmhf1bigtang
男,20020715,067253200207152456,许烨霖,fupingleetom0li,78347696165,26eee4df02262ed9660b0b95d5bdc446,6112
屋户飞翼,55215719781028432X,女,19781028,6113,78218020067,5bcfbe1072d2c651a5c936c4ae29b945,heikejieKirins
78814676735,fb2d7022a09b92a25bed34e20e678a46,贡玉宇,20120329,女,124626201203292129,projectmoonnet9199771,6114
庞玉泽,6115,20040530,foxishaonvliuli,79024508972,567139200405300013,737ef5532a20c8f916a59551a3b1ad32,男
68466220081214261X,上官曼妮,20081214,男,eb9b589839a55b190d17b6ac71464fbd,77554461318,6116,zhangxiawangxin
19770923,6117,76789841619,男,8b8a9f4332a9adeec6fe395a7021fb95,窦正雅,768050197709234752,redteam0x11
632354198305292034,liubingnaishayeying,19830529,77333286274,6118,87ea9cdea4ddf598047439e752a76468,男,邬品韵
女,832052200202080387,e5fe949e3679ecc1aabc31f362c257ae,20020208,6119,姜涵,superwangchao,74754182647
女,cfcce25ee32da5335fa8c17be538150f,Gukoliufang,6120,77437186108,关雨柏,20030917,827492200309170580
guoguanglovefeng,714268199503142036,男,b3b60a727ee847d5cd85b1aec339f8d4,郎恒,6121,75511196935,19950314
19931212,6122,Auxy233egguncle,7f200eaccce607ec7487c68c88adaa9f,73769658945,公丘亦,女,095988199312123880
19831228,女,6123,d650caa1c7428951de5bb67387e2dfd6,liwengodot,745557198312280988,叔孙阳文,76742356159
6124,男,281356200909306018,8d679549088539a324659981dab722f5,79330515226,kingxplz227,邓承运,20090930
kirinsaycws6,73986148217,贝宏才,6125,01fad0d1204bef9404e9bc5b203df920,19841101,男,422227198411019337
宓函,liupengfirmianay,19771105,男,97f164b4c1ad3bbf876b4b322ea1a68b,6126,775548197711051976,79357823883
liuyuzhenmengsec,607677200904112162,女,6127,20090411,76606445770,4f8fb630871338f576bc2b7a9ed4704a,熊梦菲
男,寿欣美,19871001,6128,b1b2101844f4046bbfe912a10b75c816,302243198710015830,p1r06u3cc,77338454686
wangxiyulijun,2cebfb03a12fbb4d1fea9117a1208f50,男,19920223,18082019920223391X,6129,78013489911,殷仑
柏秉文,19860528,6130,73423121894,866435198605285250,男,f92a9ee0596dffacf618299e063a42e3,chenchenCyru1s
戈元珊,eed8cdc400dfd4ec85dff70a170066b7,女,20020704,78996504369,6131,duzidengdaizhangliang,328189200207041444
6132,男,19890228,77543104424,43c4b758900305a5465b9f3416c0d854,278070198902289679,f1shlteam,翟舒兰
1ebef6046804f301c2436d34205f40d9,6133,75223010632,男,19841126,075963198411268350,关龙淑兰,adamHACHp1
f6ffa6a650af22fe86a0a075141442f5,364643201208242842,女,cyru1stricking,75668793330,20120824,6134,宿慧艳
19770417,lixiulanlovesg,6135,殷宏恺,79994762278,女,8db94f5bc1f2a2f338b03c5b78eff982,727983197704174920
79833020001024937X,6136,男,20001024,77161862199,wangguihuazhangtao,4c5d4fa983d5151893e70e6825defacf,庄燕芷
425252197904094620,adm1nlsafe,75595530037,邱玉堂,19790409,3351459933d2c216e7775bed9ea8a202,女,6137
77344373785,bendawangyangmin,41a845d6a66ed825607642c689e7b6b0,谢燕肖,19790406,175199197904065510,男,6138
郏烨烁,19860403,bb2926423a9cde3e33f3d3d80fb247e3,78019226916,男,6139,495132198604031157,Marszhanghaiyan
20170625,sitekingx,桂兴平,74981308f9eadcd740254426b41c5997,男,75165087550,053136201706256652,6140
1c95cec9b35786ffad9c9c18a902f6e6,男,Twosmi1egreenm,78757989622,19721215,伶舟忠,569748197212155979,6141
74822904584,zeddyuJayl1n,19700403,5bcf995c0987c683681347bb3c433a85,男,957412197004038514,东宫劭,6142
19750201,78223611565,ScarletFyuanchang,凡闾白梅,6143,cc927fbe56f7a33f428d25da3c300c4d,02548119750201442X,女
6144,女,20030414,杨琮,611533200304145766,79885426464,5e96b2e6d006f38218dc767d83678cc7,imlonghaoCytosine
156943197408256245,19740825,女,0e2e9c0d1c0524efe546551020192cd9,wangfangriskivy,78398189127,厍笑笑,6145
75156809664,584001200407255849,6146,df096b45afb199031214f54d3126f9f5,女,20040725,冉溪儿,Patrilicyangliu
6147,女,45eea5062f32d6116a35c2b93fbeda34,yugodnotwo1f,73656020130528304X,20130528,77778962430,石沙雨
田志诚,74099567515,lufe1se7ensec,19700519,6148,女,6db7bfbc41d7e1bd987e909aa88e6382,385144197005194523
19700821,6149,liguilanliuqiang,男,7536c46ce86527740279a03717a52f5e,73949663471,公文俊远,419494197008215910
6150,养德水,79545606740,kyriosdaizibukaikou,19871111,691510198711113227,女,73236be13f7fc6ac71d13481b63fa96a
819505199501247941,79005017061,6151,e933b64a811c2e9442628ccee6f22b18,女,zhangchaowukong,冷宣,19950124
6152,867198197505258461,3gstudenthuiyipiaoruxue,063a5c7fe71a1d59393508bd022a6a25,78084280481,巩伯天骄,19750525,女
954208197901165929,女,牧敏博,lixinwangdongmei,6153,19790116,11ca6a9b41903ab5cb85de12dbd765ab,79541425358
jmpoepyanglin,6154,785858197107128149,女,蔚襦,a19345da43bea09d7039928e255e712b,79696155486,19710712
a95df2ac4655f0db9de718c0a570c96d,从婷昱,75969697348,248001201611243466,virtua1xiaoyu,6155,女,20161124
19960317,女,iretj0k3r,159f65243bed5353c88351780e121cf9,77564854630,刘仪,6156,847916199603176560
481584201112193149,6c515e6b82d13578c7a49f23085ef9d8,宁经义,20111219,Ne0anquanwu,73727056494,6157,女
wangliangzhanghao,男,20131212,43afeec4584a4d99aad1e4a11ac62ab9,终惜儿,074110201312122337,75941354620,6158
74503152013,016e4015e7b2560991057fa80cd76c6f,securitywuliuchao,20131010,997779201310105272,6159,男,申文虹
89f8c01f36d1c843160a1460ab7f57c2,易高岑,女,19751103,255221197511034962,75273578767,6160,qimaidoukanluori
73705376282,廉洮洮,wangjianwangtao,6161,男,7445487ec4b495e45d09ba27e695eda7,97277919970915393X,19970915
19990616,1e77d887be3dd9981c4fe90c4117b8eb,de1taVsane,元亓暠,356179199906163331,6162,男,75202527071
78889634254,6163,416296df2bdc3188d1eb6a1b590dc671,勾之山,167486199107039268,女,19910703,Laucyunhuangxiuying
269136200812187152,6164,男,d9deabb1b5fef948ae691e08089b789f,75538023203,20081218,xxlegendwolvez,廖若烟
77368159218,peterpan0927Hpd0ger,6165,宋阳云,19840920,364818198409201529,女,9326639c4de7281ee29922443c34ae00
24da7bf1440c3bc962725c568161b773,19940811,fupingwolvez,6166,男,578240199408110555,75914172943,万竦
19850120,男,420813198501207553,厨人玉英,da7uran0irjkme,6167,79971707015,6e1bfd1b5efc0a76c960865e8b270c22
19871222,73536190469,养康时,956593198712221018,男,407f662547d9cde27fae57b927e01492,byqiyouj0k3r,6168
牧彦慧,codersecliuna,777a9a588b1a5211f38b97224244f842,13868819841226671X,19841226,6169,男,75120480039
430852198410219387,女,4d89602316f3960260ad0aed81c70e1e,6170,杜纹,19841021,78933511525,sh3llscanfsec
6171,499616200901305151,男,乌德,1c86791c6e263cac70bc18d5fde2e07f,sanhaoxueshengwils0n,20090130,79617080904
6172,20010923,365491200109238967,heavensec,共叔涵蓄,77851072831,女,1a93e4fd05b004da071ed96a4f0c1e48
e8567dbe206e0240e06f1edde026be3a,女,6173,19841003,汲苏夏,77602102940,liuxiuyingboogle,229751198410039324
chenqiangidlefire,6174,523484200301153589,74711846189,怀淼淼,女,20030115,6749d75edb62af832771e77665994b4f
廉白曼,女,19970923,6175,75707170901,821815199709239143,fa5d3c56f19c0133f26064242cacc8e6,CarlStarnotwo1f
saltyfishyufolishyuyuf1sherhackdog,05e8d294a66b7596f12a4d017dd1e158,6176,贾碧,19950618,男,78050535520,950188199506183512
78900117663,chenling4DMIN1,415322198810194487,女,25e84552921fb026f236524788ebbeac,6177,19881019,丁夏旋
508b1a2e4e27b47a55e05430af2bf9c7,leixiaozhangxiuzhen,6178,女,邹朗丽,19780308,73268271399,080263197803085689
6179,20180722,公成景龙,b0d17eaed74e30c90c5233a3a0dcb0c9,79950344733,Jirairyaanquanwu,80887220180722405X,男
75311705203,20170303,776669201703030355,舒媛,男,6180,yzddmr6xuwei,a4ad9c29002017a64e251c15a620068f
6181,19720306,611300197203068439,09c9464605d3828cc71a7238a88a009c,79632465570,臧思远,ring3xiaoyu,男
reversinganquanquan,19851202,79904167807,男,6182,6174915c2bde51db2cc9e1ce69e994cf,蔚力夫,743303198512025218
533987197701168812,6183,男,38e1b41961bbc6678b2a3f31d6e03ffa,左丘兴修,klionsec,19770116,75991403140
6184,d3786ec2413a8cd9413bfcb24be95a73,75685218490,女,10409319881119488X,lihongxialihongmei,19881119,章彤雯
6185,东方平良,nuptzjsafeinfo,79857543606,411465201505210520,女,4b97a82de1718a270e95ff3b595449cd,20150521
6186,施仑,046640198406015572,liweiskyofkinglove,a4ec7dc69185480b1329e61ce3efd6cf,男,19840601,78513646583
19760815,navisechexo,3bae6d19097e327ff48f5c90710bdd34,73947168541,115241197608156960,女,沃思怡,6187
女,zhangguizhenHone,瞿如心,092479197606010587,19760601,76667581629,d8e769e553929370294e44fc9cbc4819,6188
19970102,77555806603,男,6189,d018696861bd9c4b6ceb27507bda329c,湛俊茂,liaoxinxiliuxia,056790199701020855
695165200204156465,6190,女,通欣玉,au1geLnyassssNu1L,76fe98f65795629d29f0450562ecfdf9,20020415,79624843389
19730209,xiaomiMagicBlue,311650197302097752,6191,男,崔立芬,6400786f4e025f90393c174b07822e25,73511888109
6192,svnEthancck,435871200309289974,20030928,73027660947,871d3d2937fdd7d4adeb5db0cc16773d,司空娅彤,男
东楼鸿祯,401802200409182726,77237415268,6193,zhijieMitAh,20040918,女,050ef2bb71f50a9a7b2d92a758360252
6194,女,金惠娅,976697197101104461,19710110,c488d9b663022f06c66c95eaf79f72a8,a7umqimaidoukanluori,78323971675
男,215627199410316751,19941031,毕德曜,3896cbfc63f0ae3ccf8a26db991bfcea,giantbranchchenhua,6195,79315296197
6196,76797655578,789769201204194355,chenyulanfupinglee,男,20120419,乜元青,028b7210aeaddc9b19734767ea8fff9e
78617551030,b915eb92b8e14d4c2d41c39efcb12b6e,723757200404238635,20040423,diaosiguidangbijid4m1ts,6197,男,邰亿
谢凌春,6198,77874577476,538630197709225965,19770922,女,4fbfdfbef709acf88e46b5b54277c480,ZeddYuWfzsec
19710225,和梓馨,314034197102250628,alipaynMask,432f45b44c432414d2f97df0e5743818,78884199782,6199,女
公仲恩,910945198204082566,6200,75502065893,75553c7cf3b50f4eb96c1360cbef59d8,女,lingzahuopulouys,19820408
蔚兴,liuyanimlonghao,74769320160506213X,男,6201,428cf35d08c4f150f04c61b522a89f52,20160506,77646030744
509511199802026979,6202,郜星辰,36cba3b0216c5f82740e82f285d16422,ring3ricterz,74069774165,19980202,男
097073201912078516,72674cb21f3da83c48c99a3cfd1839fc,男,79835706773,LittenFisheraustfishac166,20191207,6203,殷婉淑
养鹏池,77209469769,20091026,6204,男,zhangxuep0sec,175127785500d4bd8a2acefc59b12b09,881276200910260653
75792779183,bef203d1587db97b7d91bb8e9434ae6b,女,6205,19940209,242219199402095320,易彦红,chenhongjisec
男,20091104,aa6f412d0c7268b6459fa482f982cdf0,75058636251,6206,甘公仪,795593200911047154,jgeekanyu
男,6207,73069291489,19881115,722941198811152475,dog7ell,明颜,6349205371e25dea8c382db78fd07b50
19781223,终弘博,791631197812239319,d9c7a3836794eca79ee672aed0bfc43b,男,yangjieshiyan,6208,77362541495
zhangguizhiyanglei,6209,56111919821008564X,77779478376,女,钭春霞,19821008,5a5fc379152f19222b951a88ac603464
谈妍彤,6210,男,49317219830611405X,19830611,339b3b6a8bf2afdb1a8393fcaf92e6d2,lufeirideralipay,75025487021
ddddfa139ec5dd85e312c4622953cd0a,20000320,100318200003207059,73514372091,6211,男,Lcyrinige,云寄柔
xmsecwz,555622197210311080,19721031,d62695addf426c37cfc799f4f8224e85,邹绿柏,75374873727,女,6212
20010317,男,9beceadd29f57558c76276e0b0d5fae1,6213,乜实,75399888913,chenjianhuassh,815051200103178613
48d130db6ae564ebe74c14603883b0ed,75520175465,005075200901279515,甄怜翠,男,20090127,zhangxiulanlovefeng,6214
6215,c52ce68a82c63d567cbe51e3b7868de3,472944201012098267,jisecNeargle,20101209,龙可儿,77307260125,女
78886389119,男,362443198401229554,关敏叡,19840122,processormang0,39943acacf11e2462563c7945a141011,6216
909646200107317956,20010731,男,lihongmeizhangqiang,73065727288,c057d1e9ea59e3175ee28a1c7648d2e4,安祚,6217
耿彦露,女,77829452610,112580202007216763,6218,20200721,Jearysafeinfo,48a918a78057113702f27d8aab65308c
419d4905a65019a984a3d62c8365185f,iswinwangxiyu,女,78562700886,6219,19780101,862859197801010929,施乔
韩兰芳,811fc8964f1322f230711606f0230ca9,574202201902013759,78809177816,6220,20190201,xinxianquanzhishikuiswin,男
19810820,liping,6221,6b649039a388694c7306cb4d14041a14,咸博明,246300198108208616,77771758915,男
20171214,6222,男,safeinfoliyuzhen,柳优悦,794480201712148557,73440773399,c606753f902ce049c181c43ec3c17235
746848197910120331,topwwwone,水晴照,19791012,77420160716,男,6223,927267047a9c3c4522d7ad89eaa201a9
wuhan005wanghaiyan,78368594898,男,汤艺萍,20050819,6224,179891200508199117,7727da0ce6ac874d2a6d1843101f7e5f
73322371926,男,23fda59c6b1a88bdc2b8a3474dfb52d1,空相凯旋,19921215,833292199212154631,zhangyulanzhangqin,6225
男,桓念寒,d1aef8f285bdfca0489c4c024ddd943b,tasfaLANVNAL,79091484007,218262200908078856,20090807,6226
blogjmpoep,6227,女,78989438066,19781112,220041197811127284,202be4ea47d330b749f099d034dbeb87,仰琼英
6228,331d41033282723597d15f05442155f1,胡阳飙,男,880424197001288711,75261585737,wangshuai7o8v,19700128
男,343849197610107572,Xishirmagicbluech,79636000672,6229,葛乐圣,19761010,d836d6bbb3e9ef477e9bcdc1ae94c45e
20150420,白光华,6230,女,326177201504203945,a5df6cef0fc2758c20f41fd75a673516,iceHliuyu,74033038478
6231,20121121,740187201211215841,dayukirinsay,古成映萱,女,74692911961,007fd29f1954575a56583b176885d4da
19711229,d2ef930126b3dd172d12c4d79dc5e673,75148833737,李寒荷,6232,449465197112297542,女,hackjiemoxiaosheng
74530274065,19871023,15505219871023155X,党星文,6233,f51aefc4bd50d42f8db5ac09fba8d1e2,男,MozhuCYDecade
6234,女,81a67bead243e14e5db879a547316154,834902200308189345,公石宾实,20030818,77644338918,plz227wangfenglan
男,6235,644451201111255416,出连志用,242fe89863dff7e12d1cd7c2f3ea453b,20111125,78947210023,comuc531954533eaKINGX
巩伯秉文,9fa4ce689a52878fa59bd9d786aaf3e9,hl0reychen,女,965244198401080980,75585607631,6236,19840108
kerlingliudan,20050410,417143200504106963,6237,63226307bd7ff272a6dc375e0944d562,项鹏,女,74740425011
赖瑞娟,73731509336,wangqiangCotton,6238,20051130,女,750359200511306182,9918c6075e4a63a1f30f26311af91d58
司徒怜梦,女,e55a17cd25068d411440ea1ffd37fc1b,19951010,6239,76656578373,zhangnashe1don,009468199510109769
jgeekbit4woo,ba3dba9e9e2f2fa656bd09c6dc429338,公山桓,6240,73715337703,19940703,女,688829199407036947
19750625,59673719750625647X,4cdd1306a8f4e46fdd1b4af0f75fbc6f,SecWikichenhua,6241,吴冰旋,男,73630266675
d63e78e23aa2e5e61de3de9bea7163d7,rdpzhangyumei,6242,20161216,890443201612166385,女,73909569743,公成安
吴昊然,男,76609920494,631932201710030319,20171003,zhangjingiSafeBlue,e63b80c83e98b688d553613649a5de40,6243
付里素欣,女,ac22a4c37f0b5c878845c0c9cf892148,20111231,6244,79324119613,741812201112310147,hazzelshiyan
1c959cac181c4885b602c6f5f4d223f6,党孺,chenlingzhangjianhua,6245,599536199710174118,79052068007,19971017,男
20141127,2724554d31133ba3f5ca14d3e54b317b,53106320141127004X,女,dongnandaxuewangluoanquanlianmengfupinglee,6246,容柔婉,74008832777
19730104,liudanRicky,男,浦凡梦,6247,73987825369,280598197301045939,bdea3582314f19afe856c771a7ee48dc
20020514,张冰月,435466200205143265,6248,74989669200,女,a7ad3e5ac6b0414d2ffdae79829aaf57,tr1pleWfzsecTasfa
19801103,xmseckirinsay,6249,公冶平晓,78809137558,女,217193198011036828,bed66f9e0793a09e6ac593021ac1b714
zhanghongmeizhanglanying,80108c05e27d690a8d9814d5251f76f9,19750806,邰柯拉,456006197508060442,女,79956211423,6250
方兴运,n0b0dyStone,19911129,76678856934,193988199111295442,女,f80151093b217d3987db3149d14b173a,6251
薛怀蕊,6252,f8f0c24bb94019984fe8b082f37c8e45,76683604742,20170324,女,JrXnmzhangyuzhen,107702201703248769
19800815,女,054525198008150884,77410743551,5a30fc580121ae0391b53f700f40b636,6253,金悦和,Auxy0x80
78691043363,1780252b3766cc429a47f5d9b656a5b4,6254,男,439666200911039670,20091103,phantom0301ph0rse,史永元
535829198101154852,6255,男,77670945631,wangzhangjuan,公敛锐精,2a6a9b4adb4f313f1e99eedfd37924b2,19810115
甘公宜修,105532197712078112,lidongmeiBerTrAM,75058620400,8c95c932a7dcb10715705dfef186b3f1,男,6256,19771207
19830616,bdc7bcf6140389e5c42a4c33a392b113,男,79385771106,evi1cgyangmei,江俣,6257,759098198306168354
b2f1f371a880af8767078108d8be5192,77717640978,19861013,女,明洛凝,6258,orlevencomarchivessnowming,200984198610133282
Cytosinesunwei,6259,f25a4a69b04aff15e41036c26b7ff708,75331331535,20080712,女,方掣,984751200807124641
6260,胥弥春嫣,620714199210190387,RcoIll3m0n,女,19921019,29d20d754716878d75499cf3db3a6c6b,79372191593
女,cab6a14b22693301901f24348c79b7bb,20201210,167361202012105543,75329231509,庾庭酪,WisdomTreeapeng,6261
女,20150813,祖玉宇,599d76e58d02a752a7d45957527b49db,yangyongPowerLiu,77405896673,6262,293321201508139763
女,6263,shiyanlin2zhen,19850427,164010198504274863,76633049743,c7d6c7320e9b7f152c54ba4764abbcde,信都胜怡
19960309,456f84be4770858acb0b1a86fe54bb83,77869531331,732557199603096881,6264,TracyWinterSun,女,空依婷
19820401,73276121952,女,萧玉宸,6265,zhoulicongrong,145368198204010864,a368c5040fda199fb0f77e03e49a638c
zhangfanklaus,男,毋文山,6266,2fa6edfaebfd13c4856bb447dbe0d991,78839758468,381932200705072673,20070507
6267,77448496276,2e18b6236b86c0135c9df16373d7a6b7,燕书意,20161118,48534120161118774X,zsxtest404,女
bf47bdadbe73f421deebf8575c68f5ce,车正平,789654199011040114,19901104,icecolorscanfsec,6268,73110635480,男
古龙柴,女,19990622,b47bbfb58a2bdd9224698f083bb655a1,devsqlchenchen,52536219990622328X,6269,77361949105
男,347525197208222333,d9f6cfb1748928a1e7bec25eb2fc42f7,zhangguizhiMang0,19720822,77671254270,公旗和颂,6270
男,430534198709137475,韶霓,19870913,6271,hackfunMitAh,fc57bc9c9e4f15cf20713d41b67aa0f1,79618899979
高梅,93ad08ab0cebf44693a228858dd71504,男,19780325,77616215299,6272,039885197803256273,CytosineStoneMoe
20150306,758038201503067525,77124573343,女,lijiexueming,6273,92ea88cbe714f6f29ad3ae240453ae35,钟成
d784283f7962a98718871558c5c914bb,763913197812038111,男,19781203,devsqlksowo,6274,闻榕,73294541218
19880609,6275,n0tr00tanhkgg,男,75885584783,765f3eeb99d9022442ae6b716649c32b,48167419880609387X,邵银瑶
78741526321,Vancir0x80,123401201510034040,公良怡悦,20151003,60a29462320e6a4f69cf4b73d8de420a,6276,女
74820143450,丁若嘉木,test1diaosiguidangbiji,男,6277,19890802,3a5abc53bf54d354829051d79f242e31,460774198908025959
19990209,78156003901,814630199902099051,京城英达,4a7d1ed414474e4033ac29ccb8653d9b,blogliuyu,6278,男
20011125,Laucyunliuyu,女,4c151b229184b78db694752972d388df,冷曼卉,78023922671,6279,96453420011125608X
79620863998,6280,wangjianguo,男,35712d7647fec5f11b06ddabc36aadda,终绿蕊,19850926,084255198509266911
6281,5e2456f12ff356b1842e4a668e788932,19821222,女,78178065280,公仲初蝶,dogliuyan,386077198212227145
76608164235,蒋华楚,20160124,293786201601241412,96010e437b1c2703175c8a732b1da367,netWing,6282,男
20140329,73673679092,YunenAuxy233,潘歌玲,019d4b51d3161369d14dadab48d51a99,594473201403296379,6283,男
20130303,鲍永贞,kimlnyas,女,6284,798796201303037144,d8f05a2b6eff9684735340dd7e5338c0,78240548902
514779198404305287,19840430,deb7af211fa4414c6f583b45690901c6,MochazzSn00py,6285,欧纨,女,75085435214
78350913062,a8d72acd45dfcaf735c6a55f18131b8e,男,陶涵亮,271498198207162758,chenjingadmin1,19820716,6286
6287,645539200510137537,scanfyangxue,5c32ec5f72374cf76673049ef29b0bdc,男,73247680182,厍高旻,20051013
20171025,findneozhangyan,78180821050,6288,260575201710255671,男,傅梓楠,edb23d7a765d8416b8839523090c5fa0
女,姚馨香,wywwzjjAdminTony,107cdd9a28461ed5f59fb530f7198664,77738631320,19780111,240268197801110280,6289
6290,ttk7liuyong,女,2ede28b40029f551fa3a8ef2f4cb9e2b,083037201205091120,越雁芙,79874328407,20120509
19910930,6291,db67412635aab995f18d9b0e2293f8c3,男,Whitecloudyu,79544367392,02666819910930413X,唐鸿畅
b1b278d6c7f4f38c50a5e15566f1169b,klauswiki,男,胥弥痴旋,20061223,6292,75796441990,501034200612233411
胜屠绍,19910927,79691452116,457513199109274268,女,scanfmy,6293,1b4eb2f4b7ed4f7c811bdfec0e8bc447
习野云,973836200811219829,1e609ada8c4fecf070aa1b033e58537a,79913035200,20081121,Rj45P0rZ9,女,6294
男,ef394c74574a21526251359e7b3b23d0,20010617,460145200106178211,公齐劭,backCover7zhangdan,6295,77552308892
zer0yu,786851199505237872,19950523,279f6d442f45c44ffbb96cd883816501,乘马莓,76757159154,6296,男
xiaoyuidoge,633574198203153540,6297,女,78421476560,19820315,吉胡芳菲,95491d0cbc0ec983f85d72c78b404819
74942513028,女,19730123,6298,ede4d052cdb81866f31495f9cac2e55c,271234197301234722,aryb1n,平军
201677198205118637,b22d40b2295ad59a17411e600adea59a,6299,男,19820511,79114552384,雷文彬,wangyunbackCover7
renlovesg,295698199809020151,男,78009826421,6300,公刘影梅,64d15ce5bf8d1f2f9b84a1bfa6dc8465,19980902
女,30143819991023234X,73604121304,19991023,pwnL4ttIc3,郏小霜,6301,293d11fecde6c8f03bde1bfc0db09c23
c0e30a9866de864bcacdb5322c6cd0a1,女,公宣怡,Se7enLonelyRain,19750825,671847197508253241,78761555236,6302
45685120180822815X,78839856852,顾梓涵,RickGrayRocky,6303,男,20180822,5559352293b0e5834ff51ef0ec47054d
75241832920,668bcc104b59fb176c8993f27b28a0c3,redteamwingabcdefghijklmnopqrst,女,783251198508162829,19850816,6304,菱寻菡
77865500623,6eabb8bf1e84c162d45ddbb66612f10b,192509200005234133,20000523,游亮,男,6305,wangkunGodot
lalajunNODExdsec,6306,邱伟彦,19751102,男,78799812934,4711437254d963ed7acb6a20e37fc17f,420896197511026357
19931020,杜和惬,78795309005,976338199310209721,0c64ac027c71796bfc0285c6dbb1abd4,女,6307,demolixuemei
公孙濮,6308,20080908,902734200809081355,e790bca00c868a3727c700daa74fa55d,74728801341,lovesgGodot,男
78308490613,女,6309,693bf1ba5d92b60c384bd0b89c5492ad,chenchenchenguiying,364729200608224225,公冶白曼,20060822
蔡玲芬,19900910,Hcamaeladministrator,6888fabc050883574e74615ee8be322d,960930199009101476,6310,男,78833383792
56acd97ab1ddc1ef66869d7562a86ce1,19720416,女,141271197204162627,lsafeLaLa,焦琪睿,74853237822,6311
113319199106251349,0e9b8933c1c5727843905975cabe4d3f,77720366756,19910625,lnyaslovesg,女,6312,许天
6313,9cead6d334687404f07ca7f4f8935bde,19731215,78986100348,Gorgiaslixiufang,男,郁嘉悦,898012197312153816
6314,035753199105205523,52e5860cd0d97f926d98e0f5ebc1484e,女,孟浩大,19910520,77187553932,Venenof7Venenotr3jer
77695781834,女,6315,公檮北晶,2fa407a39575aec4e731f44a56dd41b7,076987200007204760,20000720,chenliangp0desta
045592198101303987,景凝芙,女,greyd0giceH,3c70e273701d3f9c210bfc9b30e27cad,6316,76764829481,19810130
单于博达,904911197509139862,4ba5c6026a42dd089ac2dfc9c95efc97,女,fuhei4o4notfound,19750913,78446824509,6317
20140510,3d7ec8cf2c15f65fc9901652cf988f86,6318,女,顾经赋,770078201405101328,liufengyingchenxia,75033780857
20191025,295951201910256549,女,史家美,79337778108,303cab5f8de26b942e579d274a1f2160,moxiaoshengxia0,6319
20090227,e7c608823320c64f0663dcf9d8acbd84,79523559156,555031200902277344,6320,wangguifang,鲍婷美,女
20050903,公石金鑫,男,6321,948040bb931cfc9761b21886b07a1851,73735650779,chenping,840350200509033538
东阳贞,751694197208020140,c0d9ac6791305b3505c28b4feec766a9,6322,女,19720802,fupingleep0rz9,78925145614
陆承文,78018755351,男,996431198906060331,Rockydaolgts,6323,19890606,836a849a03e9c54038e06f6912d12938
付里尤文,7cdefb413f659689a4aab6db26e1354d,73254133618,19971008,6324,男,390845199710084638,Niexinmingzhijie
乐正开朗,611397201006026318,liuhuanzhangmin,20100602,935cc46c37c9219796fad77d01474a7f,6325,75667524566,男
1470e47d5d30828ad393b4e818b30a2f,Symbo1foreversong,75797998912,胡柳,742620200509059961,6326,女,20050905
75186157078,女,847cdadb2061549f6a8d3d8d2654abb8,19710902,lteamyanglong,441708197109022961,6327,关龙安和
1421f4f3b6ebc7d44c0715838b68ec27,085742199312079865,74543888414,6328,女,19931207,runlihaiyan,崎邱语林
公旗语风,男,74724093459,threezh1museljh,20171126,6329,9ee9e41a5a355241ec690e9acc135f28,773877201711261653
75170706075,男,19990628,殳思琳,6330,427265b310bef67c1240b33b107d6738,a3uRaRicky,499595199906284518
waitalonexiaoshenghenmang,77856475180,符蓉洁,6331,19990109,女,ade928d98d6389f1c037f63d80dfe8d2,665949199901096122
77305272009,逯乐怡,19850120,b7aaad48f38066b57a1e781e15e17ee8,1oidlihong,男,6332,926031198501206537
穿封献仪,6333,polarislabqimaidoukanluori,19771009,女,79199991601,407fec6fc979e166dc8b8cef3be6e12d,397419197710094986
dongztflag0,6334,975494198004180140,19800418,储刚毅,75145162190,57ecfd52ddb588030be0a07ebf459315,女
dropsXMUTSEC,女,867817199903122147,6335,19990312,4df18f80ec3dbbbd5a897cbe69b72040,73726702400,叔促琸
女,20010811,叶嘉云,r1dd1erxiaoyu,6336,214218200108114143,78868453619,8c4f97cf9cd79a449b7989268c2a93cf
fengzhiqixidiHexman,e84041efa048abcfd2e23338f7c3ecef,池绪,73152177686,6337,女,20100130,558343201001300788
imzhengbao,406323197410084116,丘陵凝洁,男,76748896925,0775d3c1441ed51591b88bf73cd62950,6338,19741008
20070212,8bb06aa11888dcaf09f08ec4e8f3f6fa,女,468304200702124982,74975880979,yangxiuzhenzhangyan,6339,公群俊英
78789945638,19940326,Pa55w0rdaddon,6340,男,芮凌晴,b16c7f24e3f126dec71f2f7a6e434f12,674145199403263575
museljhzhangrong,男,965091199011118515,75158632037,6341,19901111,谷彦杉,149236be8893eef889da8c6def894f30
chaojidaheimaoPa55w0rd,dc392904634b9f47bdcc18c06ec786e9,398209201701286819,甄鸿煊,6342,20170128,男,73296517737
79642366420,符彨,女,432618200601014825,6343,20060101,275303d11a84a0d6569df9cbd23199e6,mang0anhkgg
20140922,488878201409221652,邱文瑶,Weaponxch1ng,6344,77236890280,700b734648d9f1d5bd64f2324cda8221,男
20170513,6345,993359201705131079,liuguilan,男,1b2a527093a51547d36b8d06bc6aa62c,米虹星,77856957906
19770408,176432197704082355,77376505610,司徒正诚,f41ca8b7928eeed09b8cf50ec64e02ed,男,6346,Atumli
女,74598269938,6347,燕岩,920660199006211068,19900621,ManassehZhouliuhua,59d1f780a5107693a9f71184e0d71d10
严汶,男,PwnGogchamd5,996443200109224415,4272d78939c6ee900281c60d6c2a9ba0,73251971818,20010922,6348
55a61ed1da8e560bcb7b5370ac212d30,20131202,833634201312029377,男,何德泽,suifengchenliang,6349,73528709920
thecosmosb1cx,韩斯琪,74809269029,19730116,564877197301167317,6350,男,2a5f1f16029540b3d191b02b002a28c9
wangluojinglingbodkin,046ba10d716c89c252878dd0a1af5056,华永琴,74781948147,19700313,6351,872693197003133178,男
女,方安邦,19761112,73165835134,ee4e385d035eccf7c2bc6b86d384e366,liguihuawangbo,6352,527261197611126926
lichunmeirun,6353,20170715,蒯慧月,女,353535201707155665,ce69eeb8ec97e9a8ec3faa0b02ac1545,73027805108
935f099f5e344faddbae2ad5d08b681a,78351478110,math1aszhaoxiuying,男,6354,公思英资,413261198609181972,19860918
152974201808029439,20180802,6355,男,d48bc7a743f688ea93ae6a99d1cf78b7,75179690099,k1n9zhangguiying,公石元瑶
公仇苏夏,8877343c38c0ebbe8f24b2cbe138a194,6356,19920915,26177519920915692X,77777379599,xunmengwangxiurong,女
f454484fa6f47db96754af6c5e67c860,6357,女,943319201501102129,74891975617,20150110,liujialixiulan,倪修远
男,南门俊雄,77833414402,90e15d13a9b75402e3919f8c7777821e,896055197503203431,suifengbeysec,6358,19750320
6359,司玉琲,男,d633d87b159c9f15d66203326f2213f4,396271201603150615,73533310988,20160315,bPJoannackj123
217176197705064371,27e35612ce30565f64b9d25887cf0d9d,lijianhuab1cx,公建三诗,男,78470121048,19770506,6360
chaoge123456wangyu,20071031,6361,喻景曜,605126200710318331,287740f40653c8ff4504515c9fca81dc,男,75123826200
6362,20010531,029038200105318523,Peterpan0927zhangyulan,谷孤丹,33ed40bbf8dd7d7269793df7714922f4,77539828485,女
6363,7759e71dc9735eee8448c66a66903eea,宿凯歌,20190320,bodkin,73632754646,男,802724201903200478
6364,AtumE99p1ant,66372f7d89146fe59dfdce9ccb9dbcc9,女,79387678350,19940607,584936199406077423,叔先宫莹
男,092672198901114451,19890111,95c5a5574df875081b4c2aa95816d504,liuguilanAuxy,73612460502,6365,巢琳涵
710902197204170679,3fe099d896b653993a39434c3fcb801a,78883651461,19720417,6366,男,zhangguifangzhangpeng,公祈碫
liuguilanbrieflyx,73401800492,赖烨烨,女,447070201104158880,32a04f5ec8cbaa9229ef7155f673986e,6367,20110415
78851982632,6368,19710607,女,74290519710607628X,a4055dd2ed229b4adbec5e2df8249f23,oneMediciYan,能烨赫
20151018,ae6fedcd6e1d47259faa5a3d6c09e131,73882264125,612001201510186523,6369,令狐海,liubinwxy,女
498444199704222320,d4a5fd05a24c1d81e28a3fe6c5fb9d73,79148344329,女,6370,liujianguochenchao,19970422,逯勇男
172434201401123584,liguiyingVancir,女,单于安澜,20140112,73047968015,37fadae143c4dc9a9ea7a641974188da,6371
thunderjie,74939629664,6372,112588198306165654,19830616,男,269c6479f155dd773b493ec1cb385af9,南宫苑杰
74942539253,20150214,314048201502148128,女,公金悦恺,36302ac9b47dea67eecc5f73f76d2e86,wiattacklijia,6373
侍其孟阳,20160308,女,73644532030,6374,509090201603084541,d0a02ef36f68937e25a9897b149ca07b,ac166netblog
相玮奇,女,095609201912078145,6375,73569722505,fa246d0262c3925617b0c72bb20eeb1d,20191207,apengMrSong
adm1njiangsir,0d76be600d4f9df0211a7550870b3cec,6376,男,20171221,040301201712219272,77870627484,公孙欣
lioneijonsonlibin,20100929,男,即墨曾琪,650025201009291959,7d624752f6d49cef03adf9db03430050,6377,74740201739
466890201201115550,anquangongbanzhuanbiji,男,6378,任令美,a4757c3d98cd9aac41b40f6f23378c9d,20120111,78744306577
835c12d76c07e2a9514cc95afc464abd,19761124,577531197611249341,73778317853,paperwangyong,女,6379,汲艳霞
钟怀蕊,1f1fa4bd424c1ee64ce64ff458271e9e,20040915,78778045657,男,6380,lvmlifengying,377935200409159953
3f93ad1f278606d0bec38d9e2dc3a8be,091672197408090331,男,游彭祖,75014361933,6381,TiaonmmnSecNews,19740809
20101027,仰邦,8170de84a1cace68d24e8922cccb02ab,女,223630201010276269,wangfengD4rkSec,6382,73563334992
zhanghuasingll,20a01572ddf9e3978c12e29a6dc4e841,618626201901069178,73999732148,20190106,男,池哲茂,6383
183296197710245018,6384,Panytucaokeng,5d8742c9b6bf36a70c4473e21f1eb417,19771024,男,77718534967,公尚哲丽
9d379be32d6cc545e9ecdc1947df5157,Kirinsadm1n,671400198508224923,女,19850822,伶舟宜年,77295584482,6385
6386,胡毋晟,19760924,女,911088197609243185,deaf9e39b44c7dc57b6fc1a0023ca681,wils0n,74732007449
女,6387,zhangyuqihoo,729253200807148629,15376892d8d50b842e8c7e1ddee88cc0,20080714,慕雪娟,79353141619
6388,wangxiufang,73404885926,丌官成天,949158200410307158,男,6fb888703a5676f4e399e88fafd65821,20041030
77464380732,女,20160112,Whitenetniexinming,6389,775447201601127746,邵安邦,398fc583e8666cae87048daaf746e9c8
796462199507050680,女,77898902916,669bf9916b2c6a971e6bb38cc88e5121,褚蓉,19950705,6390,iamiwangjuan
klausb1cx,女,5ed0eabd0c16d147aadffbcfaf47f933,6391,厍狄思博,19831211,577008198312118249,73597462096
557375201303317542,女,6392,20130331,anquankelalajun,77131228177,薛丹琴,e005e8522c7885f0507ad6a884d322b0
男,HACHp1LaLa,19830314,6393,002914198303144753,易高,78382448861,8b023d278fd76fdb29925c110e48b0d4
晃元亮,472d6da629496cedcbd69476ad801903,eggunclelufei,460969198905040651,74818035838,19890504,6394,男
女,d01effbef70b791754c46b9b232239f5,彭子濯,6395,316030197804069862,19780406,Evi1cgnuptzj,75236795591
283380dca38746f54370e3d2431bb2de,75033679058,818689201004197922,6396,女,20100419,Gorgiasanquanquan,殳清心
d5a374263400e845e6dd256f23f4f8b5,6397,20160912,927561201609123750,SkyChu,73041521766,马正志,男
男,394256198007039574,19800703,thinkingsxueming,6398,3abf00fa61bfae2fff9133375e142416,乐正鹰,75022362205
XDSECjiheme7ell,公山秀梅,6399,75599280797,19870924,男,69888119870924631X,3a715498b51a468e87e07820b3e72734
19810905,715680198109054284,exp101tzhangshuai,74730605592,函井阳旭,5ead59dea5e6d63c39e0a0fcc8e894bf,女,6400
magicbluechliguiying,7a2ebd88a4de73d9aa32be86dc26055b,男,283330199711079836,丁子丹,19971107,74891406396,6401
78214209912,女,mongodbzhangwei,6402,939532201203207585,20120320,e07b208c057f4fbae1387a8f2b4b4817,计嫂
20140213,skyseclz1y,男,公良天晴,75020594464,86decd339c32b24fd3a223832b5b8200,940927201402135419,6403
6404,78570209358,a8930c14dc63a2248e28dda048eb6af9,42227920100306181X,20100306,男,flanker017WangYihang,籍玉泉
男,宋嘉祯,047145200007285634,yangbintest,20000728,fa5f6e5b27aef31b9b2b33b41e17bf10,74837895572,6405
6406,19820804,78596699424,749243198208042356,dongztrickgray,男,9f0f2ca3952e26ccd482b0490aa4323d,邰含文
77807505382,20051106,zhangyumeilingzahuopu,8619639aab673db20c81d35dd569095e,女,426110200511062229,6407,罗沈思
邵弘业,6408,wzxi4or0uji,77399240032,571633201503112470,20150311,ca8147521f016d2a7fae17d84b4a0f4d,男
7394b64cbfaea16669a1005516410a09,男,巨母笑萍,virtua103sec,19760805,768083197608051970,6409,73750158465
女,75095772784,yangchaosk15,6410,19970407,左人学义,223179199704070266,962012d09b8170d912f0669f6d7d9d07
2c8cd7052c604889876e8f2d6928307c,女,褚育梅,995958198402289761,6411,gv7orange,19840228,73565655108
男,jayl1nzhangyuzhen,617712201303105059,a64818dc2c1a2466d11860e8266ec83a,6412,78398952575,养稹,20130310
55741654c9945bb814f4cd9dea68cc9e,xia0wangping,20170125,公尚子帆,6413,女,73567667909,143308201701253820
男,19830124,6414,219886198301249772,58a9453ed2d85b4fe8468abcb56f6f07,79326438657,水文英,liyumeicn
254519199009047883,74852272048,姚思敏,19900904,378398d81eef3eb521d9e0cc532c7ed7,6415,女,qingxuanchangochen
6416,retme7myh0st,585b66ed3c06f4cadcb3084c0a621437,550501199812058358,19981205,男,梁惜寒,73425942200
77447510132,966442201705202725,b1cxliguizhen,20170520,7d5af998b3d51c42618b3818d2d50ff6,女,华胥阳飙,6417
73659904274,mochazzftp,26facc68b74da22f6697ce338054090c,20090201,董魁,466292200902019436,6418,男
601008197109062025,王官良翰,VulkeyChenblog,女,19710906,6419,fa4cb99ee3234aa998c55af30d9331a9,74583238781
20000629,男,635032200006292657,6420,79688970072,MrRdarkeyerwuhan005,df2041ea37569a01aa36e9ec602e0dd1,勾芮欣
d3711332df45033f919acc35f539de22,806575201205214525,20120521,巴玄雅,73680650935,eternalsakuralucien116,女,6421
zjicmDarkWingwangyihang,男,慎善,6422,732397197906303535,74762472433,19790630,3b6f0b1479a5211011edd923420388a3
30670919811220041X,74552847880,6423,男,comsimeonr1dd1er,c715ac916f460a717f16531918e3163e,19811220,羿健
男,19901001,a987a89eabe96c21c5765d08575e2b0b,75732709089,6424,topwwwliyumei,839060199010010676,公檮苒苒
6425,20090809,89183720090809967X,79169976612,LittenFisheraustfishzhangjianjun,081d8e94339545a393d6f4129e5ec564,男,和鸿远
backlionGlzjin,200185198502234759,公襄芃,男,75226614050,19850223,40160a9099dce9514b119e338822d658,6426
男,piroguewangfeng,ccb370815ba741fc12f4ee10734fd3f2,京城丞,239038197812101010,74675809308,19781210,6427
147195198806285144,zhangboliulei,77284108993,7eafcfa17a1763811afbff04dc6d51c4,6428,阚彦红,19880628,女
9acca762224cf365f8ff8fd077f0d61b,19741018,wanglonganonymous,6429,815447197410187141,74583250958,女,公乘鹏天
79600348003,男,hurricane618lunlun,02718220080303253X,0a14eb9fea4ac8ec4afa93dcbd60840a,6430,20080303,章仇高岑
46afbc23585c5506d75699425bb07118,liuyuncn,19830628,鄂炎彬,921780198306280847,女,74506251378,6431
313890197210292386,19721029,b26c28f76974c9536a52f10c4ec88dec,国彦露,6432,77759383391,女,0xMJ2kb
OrangeILMI,6433,詹尧,166237198005046834,75618490637,男,19800504,6c4928cb6230ff59f991286b90650e2d
6434,c9047db54428e75908a1788d519fa342,78540109569,lijunhuangwei,20181222,235307201812222231,慕才英,男
wiattackxumin,78593166464,6435,甘公文石,611252201901174888,ef4ed4234ddb5213291aa48b6ef3353c,20190117,女
19870924,DMliuguilan,俞志明,男,6c90e5171bfdc3c62ce8925898e0db2d,149488198709247650,6436,74586108270
liyongCaligoZ,信都思远,19920311,cf7746f465121490e14e44998c5be1d7,6437,女,934454199203119225,77578534223
男,304977197307246830,6438,488bb79f0781a052f167ef46a0cc57ed,郏婷玉,19730724,Auxy233mianhuage,73246729583
62228719891105997X,6439,19891105,男,Rockyeternalsakura13,758d266928cf63a278f0dfda016f6d9f,73269775297,公广悠雅
liudan0x80,韦丹南,376428198906289888,6440,女,19890628,3bb2cb2fdeef40ba4c8de4dde7a6484c,75230131759
郗士,19900303,740936199003035954,1c63129ae9db9c60c3e8aa94d3e00495,3as0nnMask,男,6441,73314568368
97fd3d9fff8d67859550114361a862d4,227191201704225043,公宣孒凡,73183420831,6442,lz1ymaple,20170422,女
6443,狄半芹,thinkingswangshuzhen,77379464261,844976198304267322,19830426,91d5181d621bd9838b00655d29f0577d,女
女,邰书,055245197801253665,wanghuizhangpeng,77580240855,6444,8b74100d000a76f66fe3687702b02c40,19780125
女,telnetRj45,adc71308c11f276a8780ae40d32058ec,812767200301307363,74934299453,20030130,6445,宋蚩
男,79671113070,VirinkGetFlag,c457349de15e28fc02bfa8b47613ffdc,19831130,6446,雷粟梅,345343198311305916
19960818,6447,287041199608182145,女,EXMengChen,74839694076,东关娅,e3b9da919ddb79d7897ed16f09076e5c
79171150297,6448,吴怡悦,男,20020310,wangxiurongsher10ck,877632200203106357,8263ded583573567dc47f76f2041141c
f1shvnc,ebf08518c125a5b3bba00ac48245d886,549540197208050474,男,19720805,6449,77749862635,李知夏
倪凯乐,liubomaxiuying,189380200211077130,331aa8f71df14d58135e26e387b14427,6450,74576549973,男,20021107
77545839724,75c55c05cdb236329e872331de213756,20080927,eternalsakurazhanglili,400177200809272837,宓浩广,6451,男
男,20170627,73907285786,960744201706278856,6452,githubcomsimeon,穿封素欣,7d2e742beb62080a2ae19efdab1d6c2f
19710719,女,6453,56057119710719716X,78131973352,李高芬,e37f8469819ab2bd7ad9263b47bb2c8b,heikejieqiyuehuo
19930115,292992199301158980,女,6454,79138957296,b12ff56e7f66d5693ab43a3814053f27,伏敏才,nianqianzhanglili
75809922132,黄子宁,546544200406159531,87209d594035506b658c00576937fa36,6455,20040615,wangguilanchenying,男
PolarisLabgaofeng,6456,805665200107230561,逯寒蕾,20010723,女,bc9b39a81b042dc22339e0556dc61103,78318472608
上官立人,男,681479201702028275,79575815686,20170202,28ec93d9ce1cd57b9bf47f249ccbc438,comu121bf0f6b3d2zhaojun,6457
19730131,74551214870,97aef4adf3727e322667798b33ce26c9,蓟庆霞,男,liujieqianhaojun,918749197301311372,6458
女,superfishliguirong,572275202008052826,6459,20200805,伏羲亚,a6405e3561936b831787710b3a01fe57,79308765132
男,34c4b7e2dcf9a92b955426fd8e98b5ad,6460,634439198212121432,毋俊侠,19821212,79847596087,n0tr00tyangxue
男,6461,20160725,VsaneHexman,扈珠,629627201607253731,f9c8c7c7b5bbcd800651b1f78bb3d476,74027515541
darkeyercloudyu,974231201905249659,d169b507ad4182d9c83ec8b18ce07a50,6462,77898731934,那夏雪,男,20190524
646f75bd9778fdceaa8dac6eb29852b0,74748435400,焦哲彦,989183200402295816,yiyepiaolingMagicBlue,20040229,6463,男
20090822,6464,zhangguirongliyulan,243174200908221975,男,2f904b3271dcbe75e5219440c9e778d1,73717418338,凤承安
男,19751227,74583214764,b94782430384939d60b1255a4bef734d,龙禅,6465,791463197512275916,zhangjingdevelopers
20050123,75307607863,男,009160200501239631,3a80ee2b311a81f603684ad8bd5714ec,zhoubolinMrSong,扶婷雯,6466
75358660369,lin2zhenzhangjun,6467,男,20140911,26855cf48900bcf360c3b58c702cab76,蒙紫霞,055731201409110852
75689185712,20080818,6468,2882252b7fe3f6225c94b27f08a9a583,276260200808186418,男,lalajunNODEr00tSe7en,陆惋洁
20080229,rinigeZeddYu,红虚,0cc586e191097b057e49f4d66de5ea02,6469,329625200802293546,女,75294128816
794166200104096425,severkkzevip,6470,女,78363299361,64c165a7c8646097685597b214a17ca7,卫书意,20010409
7dd6c890453156acb73dc6a70fc88417,75737446770,男,001623197307054979,19730705,6471,le4flufeirider,东乡霓云
公都秀杰,0ec00673604163c989435040b05c8cb4,77173916245,女,697939198310257342,huiyipiaoruxueimlonghao,19831025,6472
Ne0xssav,女,19910304,79933846970,db239e2752fe503b8df838d5394d14f0,公罔初翠,6473,238316199103046246
19780625,mistyPav1,6474,154111197806250723,屯浑囡囡,76706339506,36dc74dd05851ab6fdafb292eaf38672,女
75852222253,findneoRicterZ,3aa18c94fcd9711e84776977f2d7c655,男,380187200201247952,6475,20020124,狄瑜英
女,20191231,155047201912313768,5ce588edd2c4cd46057e801a3709c0b9,sqlsecmylamour,桓任,74781220343,6476
女,425750197811255581,19781125,ef5825311de084b27bafacb0f7762c0f,聂莹玉,zhangxuliliang,79056855948,6477
75129755492,199891201805149843,5f22bfa373da30027d8d9be08c927c11,20180514,女,Muras4kibabyJessicaMisaki,6478,公丘思淼
20060203,6479,9b5996bec99e7154efa9ea71dcd410a6,602167200602031354,donotcomu121bf0f6b3d2,75396982840,男,公宣旭尧
2kbcloudyu,260128201108311013,6480,20110831,男,f4d0e2e7fc057a58f7ca4a391f01940a,沃温纶,79308904956
男,公旗安吉,f9279055d04cdcaaa81fc074a0b0f5fe,305560199705173674,19970517,6481,meichuandikuwangning,73366388485
男,26d5a0506220c452e44f86a8474a6b4f,73294867480,6482,厍狄语晨,zo1roThunderJie,217379200606040037,20060604
78962017237,向和雅,bdc3fefbf1062ab2559e1e38b21b97ba,lirong52stu,男,6483,20001028,876309200010285570
6484,靳幼柏,8a1fa73be146c3a724841b87574f0bec,女,78554865272,19931031,Lcysmb,009747199310316645
20131108,6485,152962201311085341,女,cdxydouxiangkeji,78567565285,c09ca6b8d10c2cfb6e8352d61e231de3,苍芳华
723801199102248350,74660351853,富羽,6486,19910224,Jirairyada7uran0ir,80c59b3a73b1b403ba28a7c652c00f47,男
公扈丽文,liupengweaponx,6487,男,9bc9fea7fc6151fe7fd3fa9dbc01824a,206679198506057812,74823803890,19850605
6488,20090624,77455111217,PowerLiutest,137698200906241143,5039a698ae674b4c5bfefe04cae07311,鲁书意,女
6489,76773522289,656302201111043115,20111104,男,陆晓霜,c53e2c7d556bfe3684d9302ea5084c8d,wangqiangzhProcessor
409afc4b002ac54c075a4b0c19426047,19850420,甘立芬,77260126991,Flanker,6490,766529198504209245,女
chenlixianzhijishushequ,19880906,988318198809064879,6491,77669710089,男,通政,82e8cbbfae470f96eb85b1d56c47dc3d
6492,女,daybr4aksvn,e6adcf23e553697b1cd17cbdea51a1d4,叶子萱,77852615228,19970306,402724199703061640
19850215,Rj457ell,乐羊傲丝,6493,男,745105198502154917,73466683321,64a118d234c5408639d27b460f922f76
武聪,06232919760627158X,19760627,73021316526,女,hacktechwangqin,6494,a7bc6a084b944f33131e44edefba5910
78570890988,19981205,宁傲蕾,7a6ae2b3f6e846d577321657a6a0c7c8,6495,595302199812053060,giantbranchlegendsec,女
19991126,男,平易巧,weblogicwanghua,55850919991126207X,cb42fafef3e052b4b7309ca7aaf83563,6496,73617106055
69ed688613f4a636545c424e2fca02fc,19701030,乘马文静,74572192697,AdminTonyExOrigin,514368197010300840,女,6497
158569201503024461,018f4deb24f1e77094e426b9de8c8053,20150302,zhangyulanwangshuzhen,6498,女,79370996437,康嘉云
6499,79133572132,女,bfb65e9f3f070c53cdbfe33049ab8049,20080523,366393200805232161,逢春梅,fupinglee91xx
19981009,信平雪萍,73790961420,xzJarvis,957900199810091441,74c06f14759471b6a8cb7595eb0453a6,6500,女
19901130,男,lucifaerCarlStar,77764662364,293990199011300916,6501,景梦洁,8208f73241caf0935d364fa0cf39fb3a
73192198303,男,6502,2be9bd7a3434f7038ca27d1918de58bd,20040928,developxumin,866766200409286679,宦瑾
20161010,79919765426,85dc8d391ec0d2c3e404702bfb353084,270966201610109316,男,6503,鱼德本,anquangongbanzhuanbijithreathunter
f1a47175330c2d9ef6862c5b3c701937,75540554534,男,823424198306199556,19830619,Wingchenbin,酆纹,6504
女,962301197609023123,79d886010186eb60e3611cd4a5d0bcae,77535262679,19760902,史雅致,6505,suifengTimeSHU
79574842540,6506,男,b14489fc9f8a8ed28cafb5ace7ec6117,166524197202141478,19720214,yangfangdrops,冀萱彤
羿经义,19750714,女,82b93b52ad0920b96b32e3e86897f4de,lioneijonsonChu,6507,807286197507147465,74975126713
greenmSn00py,男,6508,19760108,566099197601080113,贡俊驰,ed8a3c051bf0d409a2a490a24a6a6c67,79169162681
zhangdanThreezh1,73776330901,6509,486380201604239076,20160423,2c41cfa0de2aca2ba83f5451ce0762ca,男,公若弩
19990914,eternalsakurade1ta,男,464520199909148430,73164730469,6510,陶弘壮,63d080b5460a8b127359bcb2b2671aa9
c0da7acc8005cbc574482588e3174775,687331199805037746,19980503,田丹洁,79371042316,女,6511,austfishburningcodes
75689424023,男,武彬,fd8e672942f94528b33310c87856181b,zhanghonglihui,6512,20011022,218586200110227071
19891215,58972019891215096X,78278351948,女,公尚妍婷,JearyV0W,ea47c87a6c2b90452425dec1200c99b3,6513
chenchentr1pleWfzsec,6514,140009201807050762,20180705,75926045211,女,4eb6ed443b5c3367fc9f86bd860e896c,东方瑜莉
78414643769,56914469b07b60e8c6efadb193869c0e,823643200302033276,6515,20030203,男,巢微澜,HACHp1liujianguo
男,6516,449808197607193715,shiyan520leadroyal,19760719,符崈,01a88086180795d2cc9a2d9ea348521d,73205847843
507867201011142216,78627283822,男,inkliuchao,20101114,0e32c54b114056e4ec5ad21b8ee6f053,屠岸米兰,6517
20150615,fa7c5a1621af949c45da878eca24e5af,陶芮欣,6518,女,73492175305,scanfseczhangwen,385499201506155988
116797198010260653,伊兴业,77754719556,19801026,wangyingBerTrAM,男,9eacd5b0ec7d5538d742789e9bf62b6c,6519
ScarletFzhangyuzhen,0d7c9dad7c040aa3b798f8b4147fc025,女,77151559100,19901129,6520,云睿好,82195019901129396X
882162201810176069,养宏富,20181017,76622648387,6521,26747ca3a110fb3e8dfa4b6b208dc60d,devicealtman,女
男,12735820090915277X,6522,78640295434,0xmuheone,20090915,49b820bc643aa87216bbbd9fcbc42234,古冶永
鲍怀蕊,74995863445,panghuj0k3r,b9c0398dc23f06991d97e96e027b5c5a,728476199212284380,19921228,女,6523
窦吉玉,女,ba18c166b4648d51340b01809b3e06d7,6524,20000930,zhanglanyinglvwei,79625935195,891022200009300183
男,20121016,767066201210165734,74793140970,常念,idogesever,6525,ffbb391b342f67d32bee0ab1f9e60ebd
24003620061008553X,73472774692,弓元甲,20061008,6526,chenminglijie,男,31fc55c3ffd8f91416b1b6966a9c2103
禄泰平,6527,24922820170110156X,e6c395518b570e0b59ea1a7cc66c8d61,20170110,女,chenweizhangyan,77148564131
postgresqlsaurendaxia,女,19770406,582343197704062529,6528,ac97e7ae2da0d38c780d9e06cd3348f2,75257229251,蒋文漪
267759198006190221,女,weblogichuangwei,79501727703,桂欣艳,6529,6b337a0cb36db52292d635d15c5fdab3,19800619
PwnGogj0k3r,fdac5dac16647bbcf0bc9b7f457a1ab4,20080706,女,74638272843,6530,屋户雁凡,679738200807068548
zhangjuanfupinglee,77799624002,仆固映萱,19791020,女,aad4e66655e7b7303c9b1b5a28671fc7,6531,287459197910206984
6532,42bc90670dc66161dbe26b8524f473b9,20150101,侯俊语,73313772184,966844201501010566,女,chenjuanszfszf
女,6533,19820303,45266419820303382X,卫欢悦,fb6b395c0d2a4241b928f2da8eb13d4e,chenjuaneternalsakura,78900088811
73006585450,元亓自强,713627197411027182,19741102,女,Virtua1b1ue,6534,4622eca18ee79614f7e4eed598ca7f09
6535,男,公都昱,28fe9ee125d15f93b71e483f264fbe28,19760505,guoguangMisaki,73989932995,15402719760505641X
男,78368050928,6536,19970119,wangSycloverSecurityTeam,公刘博达,19794374480121108293ba30150cce9f,503172199701191559
6537,achengZO1RO,侍其康,19981009,74011155760,8e3c82bbe74ba6ca39e4e9add7d8ba2a,358943199810097076,男
韦怀蕊,wangshulanbsmali4,7b47d857553caa02a0c9ee86826b5aad,6538,876309198402272226,女,77566840332,19840227
acf7f114dc9946eb13f74f7ccf98ec1a,19900717,6539,75865474309,那蕾,lsafeThunderJie,女,703456199007177662
75774746299,邰葆,6540,男,19900215,9d8685b814166fe7746493431cec06b2,misakikatabrieflyx,381570199002151958
hookgloxecb1gtang,77407508612,祁鹤梅,20190312,女,ffdf7d7e665601573990cf691a14ca51,210689201903129449,6541
77706071536,Mourzhanglili,卢妃和裕,800329197611031085,1b3ddccd52898c12398de35018b2abdc,19761103,6542,女
77423976059,19830511,女,514306198305116747,6543,c49aeedadc9dd32eb4266eb6232049d4,ohlingeshiyan520,项羚
411921198512076223,61ddf13338f0ea2cdefc30d54e20499c,74972349052,6544,0x11yangliu,19851207,女,翟克
女,6545,79993352263,liutaozeroyu,公行谷梦,121816201006011442,78a30dc0736b9c8310f5e38abd2ab300,20100601
男,638833ceeb8402d7a80ff7ca4a71e199,090507200811259353,20081125,6546,尤楚楚,78277618888,zhanglihuacaijiji
79394436568,19880525,男,Mourhl0rey,6547,62843eddc39ee1ffbb13b47aee6f74c9,135074198805257431,皮双文
816599197112167479,19711216,75a671bea1d8755570b6c747b60f5576,公都高邈,77700320386,6548,TasfaZeroKeeper,男
284706199706014547,女,79508133040,d5e87529a02dba8fa1143a8d5b7081cf,chenfangzhangxiulan,19970601,邬醉波,6549
17dd519445cecb1e10aa4b8180adaa82,chenyantelnet,420443198802243220,19880224,褚娅彤,6550,75987172327,女
75836821569,0dbf6e643cc0afdbd320e2378e23466b,男,501773197906276415,6551,19790627,公输博超,xiaotoumingtwosmi1e
10010720040414794X,0aKarmAyangmin,女,76658408303,20040414,濮玲琳,6552,442a73b5e0ebaa0bb2f6df6f1c2adb9f
19930331,godotrebeyond,53ca7bed7c8143e7e6b23763766bef99,75817098036,男,751828199303318638,6553,郁千亦
家青槐,77338718396,516017197902198859,男,4f14a51923c347df140065240616a21b,6554,19790219,0h1in9eliuwei
6db16f61f5ebf23d2ab80177351929c4,19960407,73785980972,男,657643199604075718,融基,6555,apengSmi1eSEC
6556,20150609,810460201506093380,73690383355,女,f286d616bf4b73126ef2883921daad1e,KxCodesayhi2urmom,满涵意
lihongxiapolarislab,79992377329,781750197606096874,男,19760609,蓬平春,5a462ff41011e2575d43861fc9aaa6c2,6557
谈碧,女,6558,5bfb2e04b0c57e39d8bc944fbb4e0292,85752319860728746X,19860728,scarletfNightShadow,78749178925
公若修永,069378199011168543,6559,19901116,59564317ccd963f10c835da8a004f9e4,73675285827,Yunenduzidengdai,女
af92777b6035f33e60229d2b9987a2fa,陶怡瑶,521557201211142746,女,designEkkkkkkko,6560,79968250011,20121114
4347c66861257707b28ea26da279133c,岑清涵,75182230915,19910606,男,246750199106066618,6561,Sn00pylifeng
002401197507268738,ee0e790e82e8b0a5a9c507805a5f47b3,inpenetrationtestingeternalsakura,6562,男,19750726,黄小霜,77826269878
6ae80fb50d2163f72542ab99aa6a8d0a,412535197107145275,男,公都乐天,6563,19710714,78938598377,yangmingRickGray
女,6564,f1ff2a45a3dfdb38319a38f23652f0b5,529568199801110249,19980111,73878290720,zer0yume,合博北嘉
bc7b23cf6980e2d5f91170b86b4f4897,6565,068798201312113542,weilaveraWangYihang,73074014501,女,20131211,游沛文
6566,鱼峻熙,6284ff038a462ae112791e5e70bb48c4,73593665157,770159197702082562,女,SecNewsyangmin,19770208
6567,19790517,男,legendNorthityN0rth3ty,公丘志学,73092043298,968157197905179436,ac032fb57f6cc6a61fa24dfa17c24d42
6568,79342938882,127544198009239215,eed2f123f0f20104381135a2e8ca3362,19800923,尚音韵,kerlinglovsechuntingday,男
6569,efef9b466f976f5cb74e56a80b1d077b,topsecYaseng,79325052819,19940428,849596199404289038,咸睿聪,男
130788198404269740,女,netwhklhhhhlishuzhen,公刘康,19840426,6570,a5693b162ee782d271c87139e84069ed,73692457091
810883199912273981,19991227,liyanzhoubolin,耿嗣,女,0f3ff87d09e2d0b2b6429e5dd697aca9,6571,78906868445
79337371416,758805197607130610,yangleichenchao,男,安虚,ef3a1921ecbf797bb152dc44ff23ce9e,19760713,6572
6573,77550554226,anquanxiaofeixiachenpeng,875312200701010944,20070101,bd89ea6f2eb2c4bd95415fb5715cc063,女,计星光
xdxdWinter3un,19910517,女,d46e6cf9f719842ed7bcac3b57557f2c,78206952343,6574,苏漾漾,64782319910517722X
6575,19890216,75957778976,wangxiadesign,谢怡悦,男,782690198902161117,35bef5aa0ddb30355d99274ae2ff5eb8
19940227,73391349983,chiahaoboyhack,360476199402273338,何丘琪华,7e18dae2d717a288f37099ea98baf18c,6576,男
6577,男,D4rkSeczhoujing,4fde7ebe364a44ca9d9e78be65e2a5e3,215929200210128232,华玉泽,20021012,79906069432
男,6578,19890319,768057198903190211,88e2a1a67ed4c597a1db4911dc3d7feb,汤成益,79156602822,XMUPh0en1xoschina
77156509463,19821125,723401198211259925,6579,女,冬日媛媛,p1r06u3lifang,aea347e1476bf89b291a024272428a6e
008129197403265343,6580,zer0yu0day5,宓志,140e4839f38da61bbfbdada970c06289,73014523707,19740326,女
8ceb5e27ec84ad45e7c7029e5058778b,19901201,598151199012015620,Cosmosren,6581,卫妹,女,73976147627
6582,苍劼,431c2b59131b6bb1a0ef69955b5ecef1,75215984957,男,20150616,micro8www,360251201506166758
Twosmi1eliuling,367864201509182527,20150918,79602411726,6583,女,龙晓亦,ba51e980bd54571164840b154b386685
liaoxinxilijianjun,75882542730,bf99820ad612193016b06796b846aaf8,039565200902284125,6584,女,20090228,国冰莹
75333915679,dda07bc391e768c910c8f3f63d4eceba,74112519990420328X,19990420,6585,wanghaiyana3uRa,吕弘致,女
6586,77212089522,3637ec425d16cb0cee083b4a3d2bc00e,女,zhaojingliuyuying,丘丽琇晶,799855198901118125,19890111
102705200604061966,女,6587,20060406,穿封泽恩,e4e0bb6b0588296ce8cca79412378ea0,a7umlichao,76614144378
zjicmDarkWingBerTrAM,79399482930,729818200706269476,甄孟阳,男,039b113967e6c538a38528fe5a64b5a2,6588,20070626
imapwanglei,77259111762,339992199006155727,女,1366342fea71b5c14209086ab7d0bb7e,6589,充梦之,19900615
242267197304023333,cyru1szhangjuan,19730402,78038169602,162a9ef35a3b78763bee0ff57c35ca3f,6590,男,乔悦帆
19980301,6591,女,郜齐敏,shiyan520lirong,79099565922,833384199803019867,4d265cd2530a31b44409d5bd5ba17741
300622201312034748,田承颜,女,20131203,smblifeng,73526424232,6592,25a8c16a0ac3cc5a793ce19a3a8623a1
19810316,liudanRidter,能元魁,6593,女,851597b15f2e04de82a97c27751de6e7,173076198103165661,73210109554
19950617,Lteamwanglei,女,6594,342517199506178726,448730a33ae893a4cf89d6261b71dc59,74006695759,班乐
燕巧茹,男,75815215839,c41c3c779e3de94250936bce950423ef,689644198611239038,19861123,orgchenli,6595
77537427195,穆依云,zer0i3patrilic,男,6596,c77b4da6544d3f2470c7f6375f7a1b25,805091199209215033,19920921
zhangfengrai4over,37e49ac70a5d9e80e826825f1900d45b,闻溢,19970825,77460503434,287757199708255531,6597,男
73170662502,19810306,d199f2235621b394afac78f14877c440,6598,女,ac166cdusec,盖子实,860394198103067746
4ba383559c7f06f582091c7ffbd154ad,developerMoR03r,74579187519,男,6599,左师缨,19901110,26878319901110117X
25e0a57d380cae24a7b509ad2e9c2054,77258119655,liuguiyingkyrios,饶琳晨,6600,98666420131105438X,20131105,女
空竹,491898199508224817,19950822,09f650a1b28629dd8a8968cf17861daf,77273056062,6601,xiaoyuchen,男
79141522510,719888197507014174,6602,男,19750701,Brucetg0x584A,fb0c80c465612e14d396cd5f5ddf6015,公孟新霁
池学名,25aaaf6e5275d2e6f5ee521ffe1c48c9,597187199702145049,女,77640098610,Peterpan0927Misty,19970214,6603
cb1d2716d9e74bc27b3d5397b751dbd8,78201128223,6604,LaLatricking,991773200906302367,20090630,莘克,女
公何苏微,440870199501030677,8966d1af198d633cdad1578d494fe461,happytreeanhkgg,6605,19950103,73699688000,男
6606,男,19750830,nobbNuuuNya,隗一禾,996725197508307110,2b31525a4c099fc30f6662b479578a3b,74773305070
20110925,男,zcbmhf1boyhack,宓夏波,74500177775,6607,977111201109254715,dbdbb89e3870148e7016d7b63dfafba9
6608,19931011,宫乐圣,男,58900719931011465X,78378826182,eab4bb8b7ba7655cb2cd58be02ae7038,Threezh1DM
0de34b756a31d261fe5b4aab15cf48d8,6609,简春柏,79080736725,男,liushuaiac166,024432198903024879,19890302
男,倪彦珺,363074198105226475,19810522,35ae0e764757791cc6d67e8928be7a2a,HACHp1altman,6610,74752377959
何丘乐,985968199705284058,sari3lPasser6y,6611,19970528,3ec75ba432bd0f2ff3513c0d0a4044be,78478076944,男
男,余明亮,128334197510145338,6b1b36cbb04b41490bfc0ab2bfa26f86,19751014,77661112087,severlihui,6612
19990101,e0c4f9d5ff805d1134e188311478734c,6613,586370199901010578,男,仉督栋,78182111907,zhangchaowangchao
24d54b3da3c56b99949e52166b9f55d7,38061819810613038X,女,19810613,mengsecstypr,严睿德,79173078053,6614
lovesgchenfei,20000703,508982200007031439,6615,75062745918,滕觅海,男,9f4205367924ad57599fb477047026ed
78687809795,42760f6bc7a3966e0d7283c49bca171f,公甲烨赫,19149620170330207X,kerlingshiyan,6616,20170330,男
燕春柏,73496634900,topwwwyqxiaojunjie,626097201212124269,67bf718f4dee3be134fc71088de5fb9d,女,6617,20121212
b72d546dccc8e8266711695ff0afb305,0day,6618,73803651378,106069201003216055,男,20100321,厍狄玉宇
SukaraLinszfszf,8da37b5bc095dd48039f96586e7b3b74,73712923234,653970201906298433,6619,20190629,男,仲孙霞绮
卞以轩,liyuhuaWing,19830802,936903198308024761,6620,376a808d1b5f83393bd921c4115dfc66,女,78493559133
6621,女,79614649111,邰初翠,20080528,5c152c75d908272374bbf5075bbb93d0,GukoMagicBlue,615446200805282945
75760926030,6622,仰恨竹,kirinsayChu,04007a873c55cbf4fdc2e47c0eac1ecd,男,19970420,097405199704201650
986921199707046737,男,公先婷美,6623,b8b3e56f977bebd8babaf0c30c5e9d44,78209440724,19970704,5am3yangchao
safeinfoyulige,19790815,6624,戴浩博,69778919790815467X,男,73154270223,c10061f388ccbccd1a5398386f9aca72
wangxiulanNu1L,20060806,6625,女,75918100953,4eb59f3573d354c80078e7a51b2e9a67,677248200608064046,徐娆苒
卫流苏,292231199712032724,75020002321,Kirinsayzhangqin,19971203,6626,0c555e0d04e3d8c0c86cf7c327eb09e6,女
19840428,ef5623821d8ad12b718b4f2c93b2b4a0,73711950392,958924198404283381,lyywzsite,石高寒,女,6627
单于洁,zhangdan52stu,261545198504136952,74965449852,男,19850413,6628,73c3bd867bc2574e57d48c52771c3877
ddac2b82c1391bbc8812c153f72abf3e,rebeyondsayhi2urmom,穿封博厚,6629,20170622,847784201706221841,女,77657509064
234034197502187939,74518494426,d7fec309c177527564d0c3670a90e6dc,男,6630,chenhuifuyunzhaolu,19750218,甘公宇航
东乡苏幻,402599200904033721,女,6631,Lovegoodsayhi2urmom,20090403,73313991616,cab543395c6453f623d1771e9aeee2c4
78276810507,20140731,084951201407314422,女,45eae2f977475829f141ae4cd6573530,6632,公为瑶琴,zhangjingpaper
暴邶,chenbiniSafeBlue,男,6633,133249200211095634,75816114730,20021109,37062b6cc6274bb59628acbedc92b91b
女,lijianjunK0rz3n,6634,051737200805152923,东乡乐康,78735111309,39052ac4197df95f598955261ece2d9f,20080515
gorgiaschenchen,19780806,6635,女,237982197808069364,邬力学,93f6db53c0ced52dc6f0afac56551db3,74963905880
男,19700703,00933619700703731X,窦公小星,77684939300,safe6,6636,158c0dc41615b41245ee54f46d22daf0
女,20200422,6637,劳才捷,887577202004226143,11780b73ac6d2deb2d04a48283445816,78658739453,seebughexlt
女,20051228,72dd2b346fb9089fafe10666a5fdd0a3,773095200512285489,工娄博,75832752316,6638,lorexxarzeddyu
19700822,6639,261201197008225457,5ae878cc421ea83859b8805a27f3f4a3,男,宫雪,zhangjunpaper,79830233479
男,802619daa7560fc529b74d54a43d5b11,闻忆梅,20190529,zhoubolinbit4,852791201905294753,6640,73060265369
男,704348197009203357,73177576501,19700920,lichunmeiEkkkkkkko,55de90626652ca0f76a6af70a2be70cf,穿封小雯,6641
明环,limeicomview,6642,75231129649,2b01d6871c33ba4e9d12664327932e3b,636872198304162653,男,19830416
fc5d87841cbd4032a03a285155cb32a5,lovefenglixiang,75054878147,6643,928118197107273127,19710727,女,郁又莲
747a7bd6d4bbc7a6b01591266bc3a80a,RickGrayredteamwing,女,20080713,6644,庞文翰,846678200807138643,78911942317
6645,慎兴发,73228868374,男,wangjianhuaanquanquan,597402199604181671,19960418,3768d9420750d22857ca028e98ce4fbe
20010428,Ekkkkkkkoacheng,77521276796,a6cd9e1ab4d72d1487f6ad67d6041af3,女,345641200104280668,6646,公林妃妍
2c3e9736eb74995f58d9ccb3e84f0cc2,6647,328124199802095961,鲍巍然,女,boyhackjmpoep,19980209,75566586201
74995061079,6648,20030712,925697200307125940,巨母萱,女,e0eab9b2338b5362ba2a3ad9547ded1f,balis0ngxishir
byqiyouyangwei,20011221,492748200112211814,79134957414,6649,c2bc7a6433b0b70331d58dfe35f155be,男,公保星文
6650,0day5zhangpeng,男,918670199104082974,乌奇文,19910408,ac874cf9cd7d6115e855ba40a345ad51,73758207666
79996013600,195795197006271276,6651,函井砂,sayhiProjectMoon,f68736eb5122230a39a5c505a61fde4b,男,19700627
lonelyrainliutao,女,79393658778,19930606,c939d182475910ad35d6b8278d9a090b,785975199306061160,中叔志国,6652
74501646981,703057199901239332,c526abe9c9d62a1876cdbbf465e79441,男,耿丽文,Smi1eSECRocky,19990123,6653
男,6654,528357199412156357,杨莉,19941215,77549742230,532eaad1ceb8636967ac4f2e854d86a8,thecosmoszhanglin
19871206,6655,424948198712065216,东方颖然,77128624795,d8b422129c50e27103517a61305126b6,男,zhoujieliujuan
78505124056,6656,20130127,工尹恬雅,447689201301278155,男,liuyanaryb1n,a15e1a10a0f9d3a4588523bc29858beb
7o8vlijianhua,女,段高轩,6657,19910105,332702199101055845,35cb722b539a6a4a2da40be0b232319a,78567584201
安韶华,weilaverachenwei,3a4c8e7e2359002e04451091257bf4f2,6658,19861205,女,72252519861205204X,79304311029
504812198501120615,男,79099014220,苏梁,19850112,6659,9d6d18f3d81c1e0d287458a62fae5bcb,orgWupco
019e2bb9bb82cef0d9aecf0392b755e4,347185199103034962,女,詹弘济,19910303,6660,75588756219,chenxiabertramc
男,646937197103319152,83d40897d076834015be939e275ccc8c,misiteanquantuanduibit4,79512307157,6661,19710331,公何文斌
6662,20200407,79585380031,p0rz9Xi4or0uji,胜屠婷美,女,882cbe44f60ac81d4502b888a6fb1dfe,871336202004072425
19970717,男,6663,终谷梦,c8942aaf95be70894df0da97b525c53b,Hpdogerwangxiuyun,77262107295,548542199707177470
winSarielD,6664,男,3041b96162f8df207e6f6016699cd929,19980323,75951984208,郜天干,077848199803231239
男,mianhuagelili,79501653211,699718200907218839,6665,20090721,袁仪文,23eab2a0e95b902df98a070c5815a5f0
73773552938,82536e23ba4fe9ce1845a40c4553c13e,6666,19940406,女,49052719940406326X,同蹄御,hackjieliushuai
76679815062,932e78974e82bb337a774b3185a7140d,19760930,男,6667,公休泉,116941197609305832,jayl1nmoxiaoxi
19760707,女,6668,a2550eeab0724a691192ca13982e6ebd,466301197607078249,元亓昴,74911006321,r1dd1ersvn
19941014,092609199410144525,简胜怡,女,77293953549,b132d9b0dbc295c4da16f0a2f22d76cc,pav1WinterSun,6669
74011102318,20190302,f8638ccf8abd8b52bdeb5a831d668037,darkr4ynet9199771,6670,女,欧晓瑶,399338201903021980
男,司空茗,19701109,08893319701109391X,75154740244,6671,4966157b7cb7843aefafb34754835df2,netwhklhhhhphantom0301
75562885321,19971119,女,788071199711196964,牛娜兰,795dc0289ce1c2c8774a23304d465c5f,6672,comsimeonliuyong
1cb44d1e2a28d8f4fd3ff238e31960cd,男,19790725,74607132793,6673,田翔飞,passer6yzhaoj,712503197907253979
6674,女,寿友,613039197801163867,dc9cb86be7dedc91ccf35ccd1418b2a0,19780116,74868780535,csdnl0ca1
e4a575cf57e01f95ed8854903e0be7ab,firmianaymagicbluech,19761129,004403197611299918,6675,许北晶,74897496573,男
东方江雪,78833534266,478970201203268554,6676,男,programlifea7um,2e87f5b4c1151ee873766372f65e62d1,20120326
公舌勇男,6677,lixiuhuali,3221f594cf680b2b1604363f23050aae,75849078320,19790517,702134197905171364,女
19700616,wangguizhiMediciYan,女,74783095994,253618197006160441,3db3985cd46c3d221d4448813b5d2061,6678,古冶砂
19930416,女,郗迎波,sh3llsingll,6679,6260951b52a6229d6aaf01247c05542e,78958969426,841693199304165328
6680,20191208,KINGXwangai,男,061735201912080578,52bb3f556326dd7689579a52ae361d79,74533414190,公之俊民
丁若修,女,b42d857c746ec04e401aca762ef79c2f,19700715,54410719700715862X,saurendaxiakerling,6681,77308924338
456777197404044062,cuijianxiongyangtao,6682,信平家颖,78044607993,19740404,女,65aa5666fe9d073cf4566e4a756f8837
456679197510199073,wangjianhualili,男,6683,43cb32eb990f7e8dfc56059ead274fb1,19751019,77177138001,边成双
xinanzhilul0ca1,女,6684,78437962756,9a3cbc058b3a7797854cbd9059d92e8f,钟秋双,000664199802184645,19980218
73160881378,356044199210077245,84313c16efdc7fb6ad82e2c365dd8f27,康瀚玥,女,zhangbolixiumei,6685,19921007
73642936066,东楼舒怀,19980118,535902199801186871,6686,男,Birdyemoli,e9bc0e13a8a16cbb07b175d92a113126
154600202006128334,73764281930,贡芮澜,3601896900d1d286218349dbd3b501cc,twpeterpan980927,20200612,男,6687
女,6688,comuc531954533eazhangyuzhen,77269108260,1c533b741ab923355d7cbb790e1515f6,20061207,658838200612070868,勾溪儿
6689,20091003,sshhpasserby,陈子昂,223996200910033138,cd13b6a6af66fb774faa589a9d18f906,男,77294323236
公伯凡白,574641200612205623,hackeryunenwangning,6690,68ee9a2b6dcb4dba7f260b23a04d0893,女,20061220,79653710585
a8698009bce6d1b8c2128eddefc25aad,73606446617,OneHonewangxue,女,19900703,6691,515635199007034528,池慕凝
29aeb807d4dfad98c12755c12444035a,75347376145,男,19730524,70467019730524187X,secwhereisk0shl,6692,仰罗绮
77346822606,漕孤丹,男,90adc3eb00c0198089550be72312ab35,70413719870916121X,wulidecadepeterpan980927,19870916,6693
59470119910325282X,19910325,女,6694,75670545343,伏琼怡,liuyinggouchenanquanshiyanshi,e2ca12cf6c563bb74388062fe50b9bfd
56656419880702598X,6695,357a59b0aff3df95250377d9980ea304,74676146031,女,zhaolilorexxar,厍望慕,19880702
男,时孤松,6696,19990524,zhangyunwin,74628967750,364474199905248610,463b1b856d8728bdad96c7f19e6fc6f9
男,73822603785,蓬婉淑,2f58f7bf067fdbf62df21c80601759b7,6697,postgresqlnMask,582290200601082432,20060108
公为弘量,6698,csdnwangdongmei,男,19941207,53691819941207857X,74978536034,6632b2a909f96e90f924d02ada164a96
341aef4b4d9250135a1e55e5596b7599,77151895073,indarkr4y,115707198307046425,6699,19830704,女,史韶华
ZeddYuTime,7aa5bcc79ee383b81b69e44bb8c8bb29,20000704,男,75964095222,莘涵畅,710893200007042715,6700
lijingyangling,6701,78568419408,20070209,08ded692b6ef8cd9f5182b07c42a092f,女,44343920070209512X,公阅芳懿
74771098619,19860508,05c9a32c94a8568dfca5832bb2c8054e,束越彬,6702,女,likaiprojectmoon,226902198605089461
女,gouchenanquanshiyanshi,2b1ceb112ccc48a4fe8c23117f70ff98,6703,77391871340,古冶修然,20151005,690485201510054821
995922198501130725,tangguoNe0,79169685771,19850113,6704,5c629a2ff5700260f09025607b6f8436,女,臧哲彦
女,78634526119,19910811,973641199108119388,6705,f6a966f15efbdcccdde75c08dc369816,边情,egguncleqihoo
891643201106232943,wangdandanjiangsir,女,20110623,b435bb005b043b3854c447f43298d9cf,茹吉玟,78269614457,6706
6707,liyuzhenqianlan,78396597405,宰醉蝶,男,19960129,4db4de883e6bf8f135adac75b9f56aec,021080199601299675
twosmi1e0xmuhe,男,d52f2b6750e03c251c21cbd414a440c3,6708,20130114,78313317632,356716201301145234,侯睿才
577228199003218933,chenxiulantasfa,99d291c80f317538975f36f41b082e52,龚烁,6709,73119848508,19900321,男
女,73405517504,02784419980817972X,Evi1cgL4ttIc3,5118076988d6b10ccd8a97f65b5f77df,古成艳,6710,19980817
73797668150,779078197912117753,6711,liuchaosauren,19791211,男,傅康宁,87557b845fe443320b5e13ee2918fd4e
女,6712,79919076767,1oidliuying,19950118,a2e5f9151096898805c24ffd35ac9d69,袁安雁,265725199501182420
lilingDecade,82437619770727864X,6713,女,77251862574,3cd7f41110d126e246ac648c217b2b60,戈华容,19770727
b2a97f16a50619d606fa4acb96c8f898,乔元瑶,女,595112199311297026,79124729196,wangfeijiheme7ell,6714,19931129
ee5f4de14c383fa5f1b760449b70d1ce,6715,78903819786,066972199807272372,sqlsecsinaapp,公索永思,男,19980727
lishuyingwangxiurong,6716,20120131,73781392492,f746cd1dcf8d339d74f30e9195852e1d,女,杜弘扬,916299201201319020
6717,570062199503245853,LonelyRaingh0stkey,692da8cb338366ce6634d10bb6ed2e19,73765536932,卓谧辰,男,19950324
giantbranchSouthseast,7567aa5f539dbee3ab10738e877139e7,女,73071618793,宁瑞芝,6718,436421197904122029,19790412
男,19830507,卫书文,e5fff8b2f9e4fe5769b1858dbf52fad8,memcachedgreenm,6719,382408198305073072,74892616869
77668810587,359718201705313922,6720,乔锐进,tiantangkongqichenjuan,30ab5220db521344c24d05d4e25360c4,女,20170531
韦昮,265f12e3ed2b375b65ee2a52f2ec1652,女,19860812,wangxiurongLuhrey,74888542926,005415198608129468,6721
6722,73395669465,19800806,崔可嘉,847047198008068558,男,liyumeimisakikata,10daa8c713c21daedb1427f85162b730
zhangliangExiaHan,75398971937,830208200203125675,0f7b7b38686610870d52be0dced30dc8,牛良才,6723,20020312,男
6724,77198534785,53534f311bae7e3686d1bc6f322e71e2,男,侍其依美,liaoxinxish1yan,895912199701168339,19970116
6725,befd907bd2b7d35ddcb1ca71d1aa4995,332104199411242523,73328112795,19941124,liumingSecNews,女,邹飞鸿
傅洋洋,女,19990727,6726,1b4f133175ab2225f6c400f2453c15fe,312531199907272846,xi4or0ujiwangmin,75099963715
9a7f3ed41b3e5c73a1b7ef50cfb4a45d,248179200211129630,75291045788,6727,JoyChou93hexlt,男,20021112,苗璧
工尹冬寒,男,7e0b8ff7ae9ec7998d29c2c04bf3c7a9,6728,lixiuyunwangqiang,78853669710,900499198210093659,19821009
75895365683,8a18662f6d5364928e5014600c6ff0f0,6729,456508197101194289,19710119,公宣念芹,女,dayuFlanker
LucifaerLovegood,6730,73724255374,20190103,男,eb5918b0d252a090f4714845bd8263ad,849318201901031337,赖文彬
6731,辛曼,743297199607261589,19960726,8ffa827d353bc4b460533841d332d1ce,女,74764941896,chenxiulanhurricane618
73611589187,朱擎,男,20030619,7d87d7ed5693987e8bd7a2530eb44bdc,6732,841159200306196537,gloxecbacklion
73407892400,o0xmuhejayl1n,男,权莘莘,6733,19730726,761070197307268617,eb5ff0f8d2d6fb6a6f34202e1f53c422
73039526698,19990325,Lz1yhuanyue,男,6734,殷子墨,60adfa58bb37aaa3152a9b559f34990e,54548519990325587X
77662043531,6735,spacechenyun,丌官永思,19871217,女,06910419871217716X,07e86581ce24bde8b8234fba0e8485c8
2568ea6b193556155930c5bee2b43826,78178917324,daizibukaikou0x11,19780504,男,张弩,318088197805046239,6736
6737,75270583366,女,5809b7ede3c0c78ee97ae0ad9fc4cdb4,29369120050815928X,20050815,冯棋,0pnlightnaishayeying
20140401,zhaojnetyiyaaixuexi,78600970928,农鲛,5a3dddbb22e4b781adc1a02ba32edc66,女,6738,790311201404014184
6739,masterliliang,男,95ff8aefe69b25f4302db648cb934d3c,75623199745,20031122,214120200311220757,郎巧玲
靳尔白,053169199804139086,19980413,douxiangkejiheavensec,6740,73498575908,女,750379b5926e9f728aa6c253d37e3792
6741,385474ae0c05a5aa956c34fbb719eb59,681295197906069730,男,燕宏儒,19790606,liuguiyingjianshu,78048810949
293147202001049133,77362286583,20200104,6742,liufeiwangfengying,古成代芹,7b525eeb24be2a51be2a6a1ee3f90efb,男
3704963747bc357506c1cc8b531264a7,Smi1eSECwangdong,6743,77634149485,赵琼怡,20030325,392976200303253980,女
6744,2870b29d8e9e970884e511ade738a465,女,乘马昊英,Tracyprojectmoon,19901218,77359221384,280550199012183865
79572391789,tomcatwangguizhen,826612200902029068,郜瑾瑶,20090202,6745,ba62ddd4859621c50726476290cbf2be,女
6746,590764199209087043,19920908,ksowosqlsec,73096996348,东关成弘,女,60770e445cbb80438e5db37847b7c2e0
73628801958,qimaidoukanluorilishuying,女,6747,19700513,79468519700513634X,钱宏峻,41985f480f63878527b913dae3e916be
韦念柏,19870619,lingeringanhkgg,c17b113eee5039a704e73ff564f75bd8,6748,男,77426112027,702482198706190572
6749,20051026,hl0reyAuxy,6d01495f5e7ca5ebfbeb7d7a2cb5c470,204036200510265732,车春柔,男,73340721768
47b43903aeaae88db5699116157caf19,雷贤琴,19731125,男,6750,287431197311258831,ILMIliuwx,78660142884
20060315,910611200603158476,男,b54360c3f0db1c7608722d30cced83f2,焦家颖,6751,yangtaoLittenFisheraustfish,73889377995
6752,73148785393,19711210,公扈锐精,68d9f912844a54dbb2c8cfc3dff26e22,女,qiyouwanghong,555344197112102420
8c115c3595f067dfd9c640ff83b4e33c,男,930152198102254455,王官寻琴,19810225,rdpcomuc531954533ea,6753,79313478027
353b229416a0e166831842534e8ee7e9,75189999633,男,晃祚,zhangyuyingcoco413,19700622,135613197006221374,6754
75071772543,980858200803120519,20080312,6755,zhuiguangzheliwei,37d5aa282e1cb8accf33834fb53d3175,车楚冉,男
公乘坚成,19941102,男,6756,math1asxiaozhi,75895214598,172850199411025859,6440766a46ff66f8fb5b08556fbc6ed3
Akkumanqiankejiuguanluntan,78263313477,b5a747937aec219a7a9b1cdf4293d663,20200524,刘夜白,116345202005249784,女,6757
gitbookwangguizhen,曹兴为,a15cca4623c3f30074a5f10e0ff0e9d9,19931026,男,78461635250,6758,097955199310263470
d77aaa38bf8665dba0a1303196799e29,269620200301196758,73060471975,wangjingqihoo,公仪七微,6759,20030119,男
6760,苏孟乐,925269197811137674,78459718188,19781113,hexincaijijitest01,男,1e849c35e9a6dd35af34580b4a70b9f1
男,6761,101732199406190217,9e6628eec69b47b7815f7d707b7a70ce,liuhuanmongodb,19940619,侍其刚毅,77719509478
女,75309928290,19880707,a478efcca1118122de7eb7a28e4c2a2c,liyuzhenFeei,428237198807077224,6762,共叔南霜
6763,19861206,79303516914,addondarkr4y,533111198612060125,江明亮,236c46561a2ac961891e883dd6e69779,女
038713197204204246,6764,3545b74315e494b61a40ab49d5713f9f,19720420,姜国源,女,ligangTasfa,75146907081
6765,75618900224,19920519,祁若灵,267169199205191563,99f3685116aeb1d856356a961f0770fa,女,lihuazhangchao
8017ebaea5f6d72eb7b46fb218efd3bb,6766,20170605,73353756814,男,875354201706050759,瞿明远,wangtaowangguilan
汲苏娟,75174463195,6767,5e87f78ae1348155e73a58549975ac2d,20030319,男,077342200303199412,zhoujingChangochen
e64db7ac164c32bfa8b0627eb3653e33,男,RickyHpdoger,公休雨灵,19771012,070036197710121351,73048168284,6768
zhangxiumeik0keoyo,女,99533919720326424X,费镇,19720326,6769,78206908665,17afacd544cb34efc34c33bf4e1755bd
428510201505028153,20150502,容晗蕾,92d62f63506e03e047a98b14ed8f47af,79664372108,男,6770,liuxiulanexp101t
20040809,259566200408092731,男,79045616257,GroupT00caijiji,6771,c1f2141555fa89bcef30683e12c54c6c,韦雅静
20090330,女,令狐米莱,17c922419014c23edb05812938084a63,xssavKirinsay,912997200903303522,78014723115,6772
6773,19881103,女,fea92691cee93274ec4529e4b2973b4b,liujianguozhengbao,142724198811038482,75381697441,邓淑惠
705699200805044512,gloxecRajChandel,男,78005054340,20080504,6774,岑夏,d784befe50fe954aa86f147958e8c8c0
018248197309255188,MisakiKatazhaojun,a0fb44be32ca0965862a09743ffd5047,78722544888,女,扶岚翠,6775,19730925
chenjie4ido10n,671022197901080112,a06ae4953405558613f08e1a4df9aec6,男,6776,段永琴,19790108,74927701666
男,慎瑞芝,20120805,d23964580d9adf3fc7013dc5b677ab9c,6777,hacking8,78328441786,130881201208053171
qihoocodemonster,6778,884243201508100969,女,5abb483f1b9976d7a80bfa35f2a0c316,20150810,出连凯康,77672797055
4a4f8eddb72ef1b0643c53e3a6898e09,19810409,6779,75981540728,叔促伟毅,738843198104095488,liguirongXyntax,女
6780,融浩广,75511480992,016b63c889846bc59deb8ef9f863cac7,renAkkuman,19750409,79592719750409642X,女
6781,754975201510135933,男,78514621238,牧伟博,0fa2b00528b13fd98c0f5cb143559875,Da7uraN0irWins0n,20151013
bodkinliguiying,蓬恩,d06d6a6557c570ea5dbb2b784e596f06,20020107,男,097042200201079978,78445074145,6782
9fe7880084b0f3ca808b5d9aea1d396c,19941213,78993092052,861956199412138421,6783,石以菱,女,Threezh1yanglin
女,989017f6e89975cb177329e73c6b04a4,6784,429499198307013823,sayhiPa55w0rd,19830701,养战,75378959519
19901223,2774ced7b8d4e06d65f9a511c9d4313d,男,67155219901223653X,酆正豪,74794707908,wangnazhouyong,6785
986541198204158816,6786,74643547386,lteambrucetg,男,0bdd7d4f4c2be3ee90d8515fd1abe645,19820415,松素
945770199811038188,624c2c52e6e923bda052189438825811,6787,女,19981103,darkr4yliugang,富光亮,75613991466
6788,卜弩,zhangchaolijianguo,09072819890911194X,19890911,78702090657,7b5bcd056abd97391baeedcc950715db,女
女,79392866890,f5169256f634b19ceed00203267638e4,20120620,MrRdarkeyerf1sh,037197201206208649,6789,勾绛
zhangyunzhijie,曹乐蓉,6790,19760820,73132596019,12e83b7076695d26a869500e1de9f257,男,967164197608201353
cnlonelyrainchybeta,董海云,6791,19941213,bcaa0849d0150a991333441bcf9ae10a,988710199412137326,女,73278211512
wangganglihuaiqiu,男,19760817,972978197608178914,公襄菡梅,75687883692,6792,681ee13a900a6ecfef8457faf2642484
512592200502111345,Hurricane618dm,20050211,6f3a8617eafd4c1300e65f4c455def6a,6793,女,79594024295,公玉博瀚
74778562315,45300719930715404X,女,e743f034f3ca252304eb0758f78aab11,南门香露,wangshuyinghuawei,6794,19930715
20021107,冀元瑶,ThreatHunterVulkeyChen,女,f839dd8778be327317983d0063195060,73032609761,6795,511719200211077768
女,79137318493,Greenmwangbo,324282201311024646,cb6fa69a9f41589a5499488966259f10,20131102,甄静涵,6796
6797,ce211787ed4d2efca376278c08f3249d,74995774227,anquanquanyangbin,70348419950714714X,女,19950714,郑访彤
79566996626,19730728,bd85d5ced2072ba3e89c394a1aa1b413,249387197307282581,俞梦露,女,6798,l3m0nliuhong
79155632259,aa34a775acab5ddee03fe5479924ee7f,19811125,laworigink0keoyo,詹希,429778198111253352,男,6799
76686435204,男,20011025,ea250c58fc58d7f4d9402dcf29ffcfdc,酆念烟,secwikiwoshixiaosan,003236200110253372,6800
004908201610085182,77103975281,冬日天赋,女,9e24627eab1bbf288fecadec3a10da8c,20161008,luhrey1oid,6801
74885501109,6802,Ethanlmxspace,男,濮雪卉,538297200503039554,960264e72094b0a635a55399b12441c2,20050303
20181219,1797adbd6ecf692c0ebd3d4c59877663,zhangchaoyangjuan,78259330379,郗逸雅,6803,男,971696201812190931
6804,公群含香,056248200708178968,73386722136,20070817,liujianjunliwen,女,2afe93ae842c4e0e31a62fb7cab5de9e
73012793020,20010825,6805,Ch1ngsk15,92308720010825454X,堵靓影,378702dc85a4505310f64a6b95c05f09,女
6806,78332753965,男,chenyunsaurendaxia,152866200503206158,臧平安,20050320,be50f4dc604285d90f5f5d6be2eb77cc
274771198005206010,Southseastwang,韶迎蕾,77103303654,6807,19800520,ea081209e2b18d03b3606d8c886a1a1b,男
阚芝兰,2be5248e10e036ea84ab6e536b66038b,女,924428199208029144,Cottonlixiaohong,19920802,6808,75302235582
女,6809,629893198406086842,訾芝芳,78200730956,RajChandelklionsec,19840608,a35260305364714982b56781ee9d012f
6810,19730306,宰纪颖,513532197303060231,xiaoshenghenmangzhangxiurong,79826873987,ca9e7374278593ff27650c1ab2ff4a31,男
男,452896199510299114,19951029,seaiiblogtopwww,fb1ed205aa3cc17b2b1134fce1f01264,石恺乐,6811,75768299164
6812,19901110,信平贞,男,cf42e19c48194b70b2556f49b5542d4e,90682819901110397X,inkyangli,75655190467
df2bd7c3c074935539b8d31c692833db,76738857002,385241200603267113,6813,godotDispa1r,男,熊黎明,20060326
271fe4fb106fcdc8dd6e7ed33357e914,6814,73298507516,隆飞雨,031291200101262910,男,20010126,xzd4m1ts
6815,375008198810246842,19881024,79886917010,祖献仪,58c7014e45da50625d7e8d8a01867a95,zuozuoweilabrieflyx,女
cf017ef03df5d83cfceaf22010d288aa,常英喆,jinglingshuwuhan005,267107199411032230,男,19941103,6816,75853004132
男,413ca8e6a8bba8575c8449522d0593a3,74683591848,信都阳州,20070731,mitahPolarisLab,728029200707310519,6817
20201003,79523331128,和南晴,365701202010031086,63b11162ff4cfbade1bd4fa2501177d5,0akarmawangrui,6818,女
wangxiyuProjectMoon,6819,7f89e24fd97da2c060da734dbe7372c2,030803201501038357,20150103,男,77144724564,贺御
350267200301220516,男,De1taTeamliujianhua,3c582fa3bdf4a2020643545e49cf48fe,20030122,6820,79308749813,齐乐
19831128,79067436391,payloadssafe6,杜景曜,6821,男,634338198311284657,7074ddc3e006810688241196414e49e2
19980131,XiaoTouMingyoimagemlt,女,223756199801310063,6822,中叔渺,79014491667,027dbc2da2370aa2a9c9ceba2025218f
xiaocaowobokexmanblog,621869197503015243,6823,19750301,c9571aedeaebe77e1e10a99cf8748780,79684774265,女,萧刚洁
女,micro8jisec,75706134749,0b6812dacbf0fb79b5e0a170190d6d68,20000518,6824,533127200005186421,后江
3237456f12229d426f315e8c1bae69f1,公成悍,19920104,男,75759336458,6825,Cyc1ecomu121bf0f6b3d2,76595019920104083X
女,20000430,f3f465cb9d07ab8a35433e9564ab1a52,807542200004305243,77498281073,ExiaHank1n9,秦盈盈,6826
zhangqinyuanchang,20011201,男,75051406434,游莹,6827,3477f6368acd113a069b83e83ce76dc6,737215200112016357
690551199312293268,d1a804f5325d711784977c52d85947ec,73945323138,女,19931229,xifengweiyuzhangxue,6828,印景辉
542862199905047470,zhangyun0b0dycn,6829,76637908007,孙韵流,男,19990504,6e156d9c18fa124ca5af92edf0ba5d50
男,0x002yangtao,6830,19850618,79315169676,761903198506185439,公乘爱琴,194f1b5c688a1d35b97b1ea1241fd4f2
6831,20150709,d7af994f1f1ef8b5e3beb9f7fb139f57,男,75211555200,418791201507093036,zcbmhf1dr0op,东关浩漫
da07d4d7b9d7ae025fd49456401f8ac9,73713623105,卓若芳,6832,19800503,345717198005035515,zhangwenxiaoshenghenmang,男
79384872876,736784201102095825,LaLawangyan,20110209,6833,509f5c22695776f7fbc17f6f883b57b1,卞昮,女
godotguochandaxiongmao,112137200304178054,75078044353,贡瑛,20030417,f1ac817cef53a110289f85170d9c1e54,6834,男
100293200309217510,74976502287,徐良翰,b2a4cc221c148d5918a146a6b93ae2a1,DarkRay0day5,20030921,6835,男
戴以蕊,wangluojinglingtiaonmmn,55557cba16a25b4c3c584c8904cc7a8e,78816432059,100083201408095337,20140809,6836,男
xssavkn0ck,73935222608,79541420080902158X,6837,女,792bcb649e4cac294668f7fc1ba0bba9,20080902,厍狄慕
6838,050053201106091629,女,020d665adeb654b03f110b2736adac58,江青香,20110609,leavesongszhangrui,78893654318
firmianayzhengbao,19830315,b605432d7716e62e501495fccc843b0a,73121259138,869969198303157329,易映真,6839,女
b5776e59a1c2410a86a03b64c7a4c5be,77458068871,男,19701127,946849197011275173,朱芸芸,ProjectMoonzhangtao,6840
73800200425,男,f6a818fac797980ef4d53ed89e2f874f,blogsirliuyuzhen,6841,19931204,921765199312045676,孙茜
f932445c1844c62484c42e0a35899379,Kirinszhangfang,19820818,75972653878,579045198208186050,6842,公孙元嘉,男
男,Chuimap,6843,78724502692,493049199804071430,d47c19c58bb815769f320336d3d4fa85,公索尔岚,19980407
c742d250c133e5ae34d53e1ae6f5f878,女,zhangyanc0ny1,19961015,74636054630,6844,765850199610158649,郎朋
辛俊楠,754400200605014349,MrRdarkeyerwangwei,e017f3b95f2a252f06bc8841233da1a7,20060501,6845,女,75087121614
64680419820922425X,吕平松,19820922,75187979062,venenofVsane,6846,男,82642506cb45a643a7fcb9282a3db8dc
79808756504,bd5ec6ae9e1915819a7125b7ef8e1eb5,男,公休代芹,sk15lixiurong,6847,04508219770614913X,19770614
19981113,491621199811139346,zhangpinghebic,dccbeeb37c88a0a7448ee98b62437c77,6848,75630460994,劳浩漫,女
6849,049879201707226764,passer6yprojectmoon,1d29c694e3165dd28504b6ad1238c006,南郭鹏涛,女,79522991531,20170722
a70e6f655b805d165475fffea9f5c6ac,lidandangh0stkey,阴嘉熙,19910819,女,78728509457,892288199108190347,6850
507780201309300286,75033720039,女,wanghaowin,步博超,6851,e738b7c8145f02289abfc6a4fc2b2cb5,20130930
女,23f36c0134245830dc1261f0558c4994,6852,zhangxiufangsmi1e,933776198606144467,74568213880,19860614,茅雅娴
63d9adcd4d0225b0ad5f327db23eb370,6853,男,117718198104255017,19810425,奚良材,79561398921,k0rz3n123dayu
19790319,女,357977197903196122,wiki2kb,78783135114,602cafb1c7d419750453aae41edcaa21,公为沈雅,6854
20140827,公析珠星,c3cb8afc57fb40a59f5a0797fdd04c2b,chenguiyingblog,73632389688,777708201408273235,6855,男
戚琼诗,8ee46dd3f515ad2f749ee99ea5bf78d4,245287199102172741,6856,19910217,女,79846419881,anquangongbanzhuanbijiRicky
rj45mpwangxiyu191,伶舟语冰,eb37c0be5e3eea95561c7e09baa3cb09,20021114,男,679929200211147872,6857,75912543177
蒲婉,6858,女,CarlStarcws6,20051203,75365051239,5664bca6b95fffe919ab4e2b37d26295,014341200512035625
计勤,20021230,725577200212302555,6859,zhanghuimanager,79078516952,男,b3b00d68cf5a4a4d55c9ee79f8faa9a6
女,dbfdcd9c9a678cc45301e9a4f6995055,20141004,cL0undlovefeng,弓飞虎,77575574881,6860,21176020141004386X
c83b2d5bb1fb4d93d9d064593ed6eea2,20151029,上官国源,6861,zhangjianjunwangyang,男,261391201510296970,78689694157
481205198606168174,男,c84c1f0c3fefa81d8737d609fc17305b,75743495519,hexincaijijiILMI,师华辉,6862,19860616
红家颖,a750d0e9c90fd4fdf057c78974da81aa,75209589696,19930305,6863,男,virinkzer0yu,633242199303056075
549150201407128465,lifangliuling,6864,女,叔促正卿,20140712,2ab171fb5f01ed8c4a1b8defa68dd373,73138730786
女,k0rz3nzhanglili,6865,a71e8d0cd7065ba6f9ea2627af066548,75142755036,097627201504257843,党蝾婷,20150425
556553201312209545,6866,女,wangjianhuaJrXnm,54b7ecdfbf35597e4b8e729b2976b79c,20131220,74879356296,成朵薇
6867,司嘉胜,646908201205063714,73019281308,20120506,5eca84e0a8cf1db868e8b4f5b04856a9,devicewanglong,男
lucifaerverazuo,6868,703212201508102565,78846807521,f652c31ff48e75e4bf97a27292e0aa5b,公输朝旭,20150810,女
宦弘化,女,78043967542,6869,079ffcf9e6a5cc9e6c5fe6ed9dfe6c37,20160125,809804201601252543,lipingzhijie
燕敏智,男,19841104,77780713720,6870,377edee441ba40cce89db069ac2adeba,KxCodeanquangongbanzhuanbiji,904093198411045315
c169123bfbd509a3a1043b7b6ac3f623,丁若澉,6871,19870317,giantbranchwangyang,73938677488,336256198703171238,男
男,fuyunzhaoluac,74666586920,626972198211249737,e7774dfe40a4e8c42f7927e896061021,濮虚,19821124,6872
孔知夏,778528201908066772,男,20190806,78056662418,ginovedispa1r,2ddcaae92cfc572ec9a30484d067fe31,6873
redteamlingzahuopu,6cf58acb6d937ad80d77d54dc9bcb56f,男,19820329,283794198203298214,6874,73734006229,国访旋
937756200307104674,73328764477,2d698247ecddf6117491d947c97fc170,叔孙光临,6875,HpdogerMisakiKata,20030710,男
20190313,6876,男,广千叶,74671076054,20335015248c356664d201a44a0d2bda,173331201903137050,winlightless
6877,男,2a4e9736a1904454b6b1c4c6ba0237d2,19930818,116470199308180750,华胥宛畅,73142048473,liuwangluojiandao
19920114,73281626921,女,a982044cf153d835820da42996bc7166,宿战,237017199201146127,Se7enwangxiuyun,6878
元亓烁,liyingFeeiCN,6879,73847880742,1071bb5814344a1791f08cc5dddc89f8,女,885458200512185688,20051218
07cc79e2d45b6bb749835af179e5743b,男,StoneMoerickyhao,工尹锐精,6880,20160404,73874333369,73455320160404043X
4a99d96c99c768cd8d0ac92be2e73668,20130705,strcpycomubf30f18c872c,135665201307052856,6881,寇俊杰,77895707098,男
男,幸萱,19880302,73838301818,6882,songoficesnow0u0,6eb9d84799eaba1e31108723ad2a810a,573849198803027939
79979769707,zhouweibrieflyx,a15103b005c6e007c89fe62491ed8c58,6883,女,949734201605207161,20160520,龙嘉祯
6884,666392199111040789,19911104,77217311274,女,鱼钧,chenpingtw,c283f9b00d0e12af43567992bc60cde8
19731118,781823197311187919,男,74634886617,6885,费全,c2eab093051e800156154008da90d9ef,impakhoiomicro8
韶瑜英,75223488147,fi9coderwanglin,19960531,162385199605317244,女,9f92156ab41bd205ad2c3cf1d8212e51,6886
967797200108244669,c131f5729162cadb0a63c2647e0cf262,6887,20010824,公车翠容,lanzhiWinterSun,79357593614,女
滕照红,inkzhangkun,6888,3c66fa3cb79324a4010a3f3d5d055b6c,43248119990127108X,19990127,女,79811177204
6889,496039197109068281,19710906,女,1c95ad46f301073aff2b14365e9516fb,navisecRvn0xsy,公文琰琬,78460895800
男,193212200505294119,87f84105d79a47f80d670f46ae9a457b,75597817206,leadroyalhackeryunen,任德宇,20050529,6890
75717459074,6891,tonghuarootsher10ck,男,a344147ea745fae6c4c010bcbd752ef8,19840222,818115198402222517,连绛
6892,男,lengyeyangjie,454564197309011233,75595105308,9c52c7451e61622616f1a3ab125622ab,19730901,贝志新
6893,20031016,cuijianxiongleadroyal,73846615371,女,711524200310163386,寇冰之,c1ad97cd4c9a0b2090abbdd1e814a915
CyrusFtricking,6894,19760112,女,辛慧心,473613197601126028,73700164025,f7ac2ee73c5156e47f4e592dd2094c1f
math1asguochandaxiongmao,73824310966,626981200105118553,男,蒙浩思,6895,20010511,1021696d68915ba8cf0eafdaa2cd2db4
sfishlostuser,6896,630918197410204121,女,公房凌晓,75928974709,19741020,72973b65e25807579a29a81bb6ad648c
595217200112262368,女,20011226,廉永怡,lihongxiak0keoyo,6897,73124052492,1936314564993878a13fa46bd5ad07fb
6898,19771009,78177544108,iswinsaurendaxia,公晰燕肖,男,b2ff792b2fe5be0694ee5c3126024cdb,957832197710093251
gh0stkeyioin,6899,949701198709189330,be311c0ab6d77f0533cc9ad89a6a6234,徐涟,19870918,男,73267728664
6900,a4daf554b2b034a8a7b497cab090f57b,女,44489719981223972X,19981223,74777968980,wangluojiandaochenbin,唐雁丝
bbff8ed9ddfe01865c0fd4a75e92a9ed,女,沃宾实,6901,19850804,lteamnaishayeying,502368198508040549,73857103757
liguixiangwangtao,傅炎,6902,19830711,0b5bc842a2bf2726c0418018f2c8d8af,79645955355,927795198307112263,女
e7cbaa1dfc885d75178cbccae44f5706,zhijiewangming,73915934242,19951204,女,6903,684470199512049265,祖彤蕊
rj45mpL4ttIc3,20161018,a283c1a27f8fe14baab74666c547f8da,79612688913,女,6904,蓬燕肖,926285201610186963
屯浑俊悟,e18cc4361e76f244f30fa389ad8f771a,20141217,女,lilongsmb,79681322765,6905,258878201412171446
6906,20110719,b0c8c40e6cb9394a69ead26b7980227b,男,487033201107196132,78692851342,公广新知,Nu1Lboyhack
OrlevenBey0nd,79622183078,6907,女,ead96245cdedd162a6d653ac4148daf9,19920613,251763199206132466,公仇驹
男,78466769034,侍其志泽,238806198605181616,6908,19860518,Wingliuhui,f27ff9434ec81ee3e2c4c3f73e8a3d56
7a8aebdafda4718c342c6b296fd8c666,19870529,男,那韫素,77515521068,6909,seciceSe7en,750562198705291838
137429201302075237,20130207,男,dd1ae288097062a21973786e9505557b,godotZedd,怀湉湉,6910,75172722563
443366198311151255,男,19831115,6911,5625e98c838fdee07810f22f9e0dc2ca,MengChenzhoubolin,78100651069,白和颂
77333839687,ZO1ROshiyan520,66767520140616806X,6912,女,46c2f25e27dc2b519b4e4f5d536c5eca,20140616,濮秋春
19831012,女,黄姣,giantbranchcyru1s,996d96ab775a16cfd8216584045eb2bb,6913,655862198310121989,77224805721
295487201805235411,男,orangezuozuovera,199a018b8ce60e9ac7b2d6b6c4f317d5,20180523,程阳旭,75002294604,6914
6915,20150604,346302201506040864,79125261552,4352b52230bc2616296279007f63c116,女,zhangyanbywalks,郗宪
76658234453,6916,299729200005050955,e1331ac61aee7376fa478ff9a78a098e,男,田千柔,20000505,zhangliliyun
634136198412038355,74551595841,6917,fuyunzhaoluwangjun,冀新雨,ba9626b3e7562b44cfa77f17e24eb1ce,19841203,男
6918,公敛欢,男,20120604,814969201206047137,aliyunliyulan,75901526218,9c539f8f154e5c21ebbb2aeaf2374b3b
175794198507222127,liubingSukaraLin,6919,457fe8cc9692043e9f6a5a8f6736910a,74623596828,19850722,乐正康安,女
女,南郭绮波,6920,20100325,wanghaiyanKyrios,78145394635,713e54b33f637fb6a7803af17142f92b,811646201003255266
祁德本,6921,xifengweiyuzhProcessor,155648198404176351,19840417,75229184975,50a3e89c6c8cb262541938ece05b9b7d,男
507944201811137782,女,achengwz,20181113,75827068611,6922,1cc44848403b71ebfa2b2c1f34820698,余俊
苍葛菲,684300201905261924,20190526,6923,c6091428885d59621768176088293d95,75291695491,lixiurongzhanghao,女
xnianqsayhi2urmom,77457850672,466637200705309773,82af916059f13e331e633ac0b8a8191b,祝飞瑶,20070530,6924,男
73672943054,yangxiuyingchaoge123456,05de19b65b8e5a23f82385072d51a982,刘歌阑,男,19991111,6925,663622199911115472
扶泰清,78771218106,19860118,061921198601188715,6926,男,548836fdd7ccec1a69dae1619f109aa4,l1nk3rhacktech
女,73450344793,6927,赖杉月,huangweiHackSafewangzhidaohang,20000712,461456200007126543,96df334eee1d4883319ab314446fab61
3466748a6a2945f6ecfdea58c514390d,ftpveritas501,毋倚云,111220198403027339,19840302,6928,78988864445,男
rmb122wywwzjj,5d84b15ae24cc0264ef4d2b69771cadc,女,20140519,75231593766,936185201405194784,公良功,6929
6930,共叔平彤,77709657817,blogsLucifaer,20040522,女,125055200405225640,8986bf70856fe35f0f676bb53bf8f118
73346097006,19770125,男,6931,公保建,137717197701258438,giantbranchwebmaster,f979d4956610a9f58b4c3c49c19ac7f1
yangchaoadministrator,桓元青,80b580deba109cdaafcd4b48bd84fa8e,73821726568,19830712,女,055852198307127963,6932
73569452486,28d8afd6e986e1e2b812768c8d0de180,ManassehZhouwangqiang,6933,男,司空高岑,19850605,214766198506053030
6934,20020918,杨永贞,tonghuacauc,74836886967,816789200209181931,男,5743b48c75487e0082fecb7902df23d0
20081206,寇恺歌,女,9213156a27ca8634159a47d2cc7dc2e4,527455200812066569,75590491677,6935,dogwang
女,9ab86c8c00c98cfb5c54d54c40c44630,印永思,41208320100630118X,xmanblogyangmin,20100630,6936,73883678629
男,wangxiuyingwangxue,68ae22b944298caea4dc8311ec3a4dd1,20070720,俞元瑶,6937,385975200707203730,73584356881
男,238971200412068310,klkxphpinfo,6938,78535886415,俞清浅,20041206,f2cb867e77f860e955e861f27613510e
6939,19980310,男,钱筠,399264199803100814,pav1,e13dd027be0f2152ce387ac0ea83d863,78076071350
20131001,78263392997,女,334768201310013285,6940,00edc94c05c67a8be32183c46f7796f3,公何宗,liufanghazzel
sycsecwywwzjj,20050412,男,75899176479,6941,8f36ea793b9c622716283a313c87655e,乐正娉,923740200504129719
女,73383007452,007420200210275660,田兴文,20021027,sayhiwangxiyu191,6942,7db311a6777e71f1d90cda88ba8a5306
75812831527,sqlservernet9199771,贾梦菲,女,19720202,6943,4f09fda6ac92d3f8c2b623e512f27c55,561450197202020382
717c822e518a2a4dc5f168c3879fcaa3,yuanchangplz227,74602402777,19981202,男,918889199812028670,邱翰飞,6944
扈开畅,男,6945,747980200411163151,e56eb19508cb4deea54d54de76535584,liufangwangyun,79059561110,20041116
359907201610051941,女,omg2heilitao,6946,77632920611,伏义,20161005,262a3cab60e9d6740d47aab24d3631dc
男,bywalksxmanblog,禄林,305e15db19a57dc87b0355f3d02ac31e,19740929,79078418586,6947,269437197409299179
男,巩伯艺,79975886319,ph0en1xbackCover7,20151122,6948,050159201511229357,dd1eedbb323f74d36c13f5c6e39e2436
仉督杨柳,6949,4470bdc6bd1f311b671c532d8d932753,20181201,74673412952,319420201812016710,wuhan005RickyHao,男
公车祺福,cnpandalegendsec,6950,19760512,29b24ee8feda1f5bb77e72261cd8922d,560742197605126830,79898827885,男
20121217,6951,女,PowerLiuLucien,6a362e8952cd4ff0cba508e99d92acb0,项柔婉,73051478809,318336201212171041
蒯晨旭,女,74767521748,6952,Apeng7364stypr,e99bdd2bd881c16e228fcb2bfc1f39bd,083768198003031881,19800303
42daba5b9860d18a29ef7c2f8144b29c,898930199512275579,74582526801,6953,wangdongmeiskyofkinglove,男,19951227,叶慧颖
6954,sunweilingzahuopu,625c52d90ef01e16adcced0a536e3794,77224440414,金凡白,530940198105210945,女,19810521
78249441714,6955,20180926,00912020180926401X,男,r1dd1erVenenof7Veneno,c5f23a582a33b5452242e9e0ab6b9572,邓意智
6956,女,19930909,贡安波,79115428188,CarlStar1phan,ac9d204afc522f00bff6b3fe63ed4397,323937199309097569
6957,922106199005285010,081fd6427997d194107aaa7bdad2e28d,79085952921,工偻之山,男,liumingbodkin,19900528
邵醉卉,77217970777,6958,19890720,男,671659198907200015,2256109f676c08b9b1b9a8db04b2068b,tomcatHone
73078339209,6959,女,9ce191c89589216cc9fbd7bb2a03da96,蔡德义,purpleroc,19970223,998344199702233969
0x002ymlsec,77627104700,165459200812061748,6960,女,20081206,郑雨蓉,4f9de5be4621d3b0bb3767e452b0f36c
76652167242,20031005,6961,昌高达,be5649ff4b3bd72846fed07074cf3f9f,女,639221200310057526,n0tr00t3as0n
20070605,79152453448,6962,古里行,33b019561acc4cbf30bbd6fa357a51bb,384106200706057367,Winter3unp1r06u3,女
20110222,zhanghaoliping,古里桃尐,75668523834,男,6963,538577201102220219,8a7e282dd5c15cd4936a8be599c1b860
19861230,79349169504,6964,wangyunzhangfeng,湛德庸,aeb0a1093338779699bf422e4942c35d,女,193728198612308967
20010314,74501040677,7da93ccf0caf730dea860be42ddcdf2a,cuijianxionglaworigin,276067200103146735,男,6965,惠光霁
祝承文,6966,wangxuchenfang,男,19950402,863978199504023138,a0a36cc6a9aaa9225ac90c2be59e647c,77255065778
73734211837,男,22194220000323885X,20000323,公山水云,accountwangluojiandao,6967,ec4e2d27630b3859bda056931ae79fbf
272756198905303312,74757807693,liukaiduzidengdai,df0e5c1c56e3e093b382d9c8b0984eb3,司徒蕴和,19890530,男,6968
aecb44c4fc1c56efb0a721ddfc6b50eb,女,911296199807218327,moxiaoxileavesongs,6969,19980721,漕志学,79871043103
Goodboyalipay,993afea6ba1a06c881885a30b90e53aa,20190403,217366201904035044,宋元德,6970,女,79153651703
屈门兰月,77323132862,722725199105127321,19910512,f4d1a249887d59fa35ea8a6c991ed80d,feeichenguiying,女,6971
女,f182b5f6ff54c788d876dbef80283cbd,79064501314,6972,20200516,纪璞玉,113518202005160447,gh0stlove
19940711,a2b96aa125eaa7a60b90f45caa5e788c,userchenguiying,男,78278537977,章冷雪,6973,629947199407112936
20041126,pupilsp0rz9,77663545486,女,054740200411263963,c09285500a4269aded8396632e24e74c,余光熙,6974
ab7eb1254a6b3f3c22c8801341099c00,78801274327,594746201912154480,wangyuMour,女,6975,20191215,苗子惠
73045747604,6db119f2fe1931f82b72486c9fb7ddb9,女,6976,465819199511274666,屋户嘉实,19951127,1aqau1geLnyassss
女,6977,仉督清忧,anquankewanghui,cc989606b586f33918fe0552dec367c8,99109019731024012X,19731024,75284859445
夏语林,06861019960722572X,malinet9199771,b0b703b8843161c143cebca874c20041,75846029336,女,6978,19960722
192635201508286739,20150828,空宛畅,leadroyalxinanzhilu,男,6979,03f5e52bee54ca97ca7fa20f3bb3d0b4,77297739872
公宣黄,女,8c4ab1a17c7565f627a2810c5132d6aa,zhanglanyingp1r06u3,6980,20030221,78025328874,355089200302212843
742361197711290362,V0Wchenxia,女,19771129,沃恨天,73286666335,6981,7c341fcf5f3039979368aa89d87a6ca3
75860215158,19711124,女,6982,wangxueSalt,6c8baf6ffe7a0292f733f3fc949c6c03,勾阳伯,21540519711124856X
6983,19710914,79194548373,770fc53d20c618197a2c4a75e346c620,女,胡毋谷梦,chenlonglixiuyun,228177197109145369
78856740822,33069471a0f4e1217a946f46cf87e926,鲍阳成,女,coolxianzhijishushequ,19891125,905599198911256668,6984
6985,2fa77cfec81b21933a2be0497d1b4b1f,男,步良材,74872585924,x14hack404notf0und,467579201404149378,20140414
堵斌蔚,女,19890115,76601463912,742119198901156886,6986,wangdandanzhangshuzhen,e5934175ca97c073113bceb317f9bec2
555042200403286026,77464823836,9d7c88fd0d9facf796120563bb4995df,郝山柏,zhangxiulanwanghongmei,6987,20040328,女
550803199703175036,74085899997,6988,ab81d394b2a6ee50b0cad90561d26b16,男,崎邱鸿风,1oidliping,19970317
6989,695067197511095167,19751109,75723666776,devserverpatrilic,5a14161c9f5890c774a66dd3aafa17ce,女,乌蕴和
0f761c93e317038b20ff2a3189790d97,876378198705153382,79975187502,6990,Godotjiangshui,19870515,万兴平,女
19930526,818505199305264962,de74b7d6e7b77bb22a47b2d854a9de91,女,6991,公先恬静,wangjieliujianhua,77338192223
300762198002163757,19800216,巨母蕴和,6992,8f495b38a8f02f22ef97e9d60d01c100,男,jiheme7ell3gstudent,75851059999
京城陶宁,667944200704029751,73015468886,20070402,546e53c205ec76b28d6519b41c10daaa,男,zhangyujayl1n,6993
Vancirvenenof,公行思艳,6994,3af1e04fe6717fbf04228edf8f5e5f32,男,78159110426,19951203,822686199512035636
女,19920826,nanmingliulei,00b7691d86d96aebd21dd9e138f90840,77310103570,祁斯玉,6995,466290199208263967
648178199211204859,78844611436,胥弥香洁,f7a6b14211eeaa1acdcb31a8c873174f,6996,男,xia0Ne0,19921120
a5f76dd6cc3eac3ca4aadf464572898b,女,章仇鸿畅,893087199302164285,19930216,74858607208,d4rksecwangluojiandao,6997
男,77280976769,6998,767824201105062434,fa1df66c2193683a56b660aa05c8e79c,20110506,03i0zhangxue,公思芳苓
73803131218,3dd6b78e4b00a62e42b1db1a4e537d8b,gaofeng7o8v,女,公何尊,6999,19871102,619228198711022042
男,iretliujie,76756213060,7000,438133c4ce091e4ba524447fee160f66,冬日含玉,19720229,466614197202292878
男,330652197002287971,gorgiaxxlucien116,19700228,7001,古里芬璇,79991894598,1c7cf181e02252a975783331f24aaf39
2a3e7abc066e50604223cd1cfb4501e9,20091203,7002,297993200912033577,liunaxia0yu,男,扶刚洁,78689975348
女,暴如意,649420200201016684,7003,79870339232,20020101,ManassehZhoucL0und,af8e5becdf0b30f48c8cf4a084e95dd8
6e3fc9ed0469541bf32d4cf135c312e2,79390609659,安雅阳,t1h2uafuyunzhaolu,488408199205186620,19920518,7004,女
20160423,704350201604239136,Apeng7364lihaiyan,怀寄琴,400804d7b31a80e11f0bce9a69e0554a,男,7005,78128001126
73654407652,zhangyumeimicro8,女,20200804,乌胜怡,a552d65704edf0270abbb424356bd5c8,036297202008042229,7006
cnzhanghaiyan,女,b0baee9d279d34fa1dfd71aadb908c3f,19921119,7007,191393199211195947,78809369603,姚采文
78437996157,340032197005089034,4ch12dyZeddYu,男,7008,19700508,7b5c90e7a71549da9b2e87a472fd817a,公孙修明
946075200010181048,女,b166cd0d2746fd093ea9286c8321d712,20001018,77120277831,7009,Virtua1kingx,公息智菱
男,thiefraycp,75e4560f2ce88e2eaa359e5a80c97105,同蹄书蕾,20030914,77545215352,304719200309141573,7010
20110823,女,blogspotmeizjm3i,78989687821,7011,a551a065fddccbec4f45abcf5005e5ce,公师翔,381530201108237564
20110705,7012,宰语柳,b34d1ab76c97de08b6f8026d699281d5,男,liyuhualiguirong,900214201107055777,75911148861
公仲依美,235011198301158526,7013,女,wanghuichenmei,76769350714,6519c693e18bd6fc3cbc6e3282c5d5ba,19830115
曾永长,xdxdssh,430034197104193130,79059177683,7014,04db06087def00a1b91456d042465d65,男,19710419
77603096536,古里寻云,19700508,011425197005087859,7015,男,likaizhangshuzhen,569e7f2121fd746856f237bcfcf803fb
yanglei,969259201406228430,75736649644,20140622,7016,男,dcf1a0665a370ab4fa98c69aaa7ee682,浦鸿羲
23420c84ee5d9fb568e6c8d62879d8ff,融悦心,7017,virinkplusls,19780224,女,78115484240,080624197802240349
郝岚岚,051501197502263544,7018,19750226,79640141556,naishayeyingred,女,5857925b218c3393ae4c62cd2f0efb6c
78007528784,19810905,7019,女,党紫蓝,895239198109058728,df670229c075c1cc1710b22a73b09d60,fupingcodersec
bigtangmars,邰幼柏,6745fcbc70e07715d89b4077b853350a,320986198012094762,7020,19801209,女,75824060635
7021,754382200406200367,20040620,73361616557,印水,739182b5d6921c3fb718f11b23a5e4fd,女,liuxiap1r06u3
5e5908b932f776cbd623ddd4e2fe5eb8,宿笑卉,4DMIN1brieflyx,7022,女,19711128,692696197111287022,78409084309
73703087806,7023,男,998846198107250815,liumeichenyan,国玉轩,19810725,17d2a6c5230ec200df55d059e6a850be
女,75814976061,0ff9b323e7e43ca6159df853d6fc3bb8,legendseclidandan,19830107,空相绿柏,106016198301078845,7024
贺浩壤,022116201611242061,78743056359,99cf18d0c7e024773f81b041d364ffd8,20161124,女,7025,liushuaiSukaraLin
57103120200826381X,20200826,7026,79141621722,尚和颂,7d7a83cce92a5fa0530a11e5709f5706,Lteamdaybr4ak,男
7027,652725200606118551,暨飞掣,20060611,75306897660,chenmeiExOrigin,男,98641e30ace18a76f07bd7e5fbf7cd6c
ab619e5b236e0af339c2ef400ddb95bb,仆固莱,7028,19880202,75954115120,404130198802029023,女,lifengjeary
79519217502,19851206,7029,女,fa20a867f4be9e50863e31b13bd5384d,833036198512068683,chenjunfupinglee,公金安晏
19780323,403211b360f697a3cd40f144c1ebedc3,7030,赵珍,女,bywalksKirins,73796737836,307931197803233581
6c5e503548a1416e4a477fd6cae3edda,19890818,77503498013,390648198908187484,公息含桃,女,7031,clubpolarislab
967630198504087662,女,7ebc1104193fb48909f2300d679f3d7e,74784298679,19850408,Ne0hazzel,7032,漕黄
77303688698,452c00fd05c8cd25f52fc476da48a888,GroupT00tk,408899197103286566,7033,沃雨石,女,19710328
77581404132,石采柳,zhangtaoZedd,980207201304262215,20130426,81ca15959659c2778bb838e749b256b0,男,7034
liupingzhangxu,75601318643,男,272778198011226555,7035,19801122,阴秋荷,7b8e0da43f573729097ee5157c460173
男,20080616,topwwwzhangning,695862200806167056,公输蓝瑟,dd2f37bff17efda66027b122834dd24a,7036,77387253669
yangjiepw,948f70da4015af5ff790cd4326eafcad,夏涵意,116176199510065168,7037,19951006,74892271588,女
HackSafewangzhidaohangpupils,19861202,男,公建含玉,7038,590246198612020813,75519446805,163d40f317d395a9dc689ae34df5564a
lingeringzhangjian,73082968774,022b23a1a011ca3e22ca9eeb7ee9244c,男,845530198403096979,穆嘉熙,7039,19840309
19990104,73804396464,葛昮,7040,319772199901049744,9d38b71438c377ca9962cb1bf0be7c0b,女,pwnchenjing
男,webxdsec,0132ce896d3499e08026e72063214252,19990113,窦公儒,516102199901134757,7041,73689248173
gv7blogs,93c14d814e666d82dd48030e485d9915,7042,518997202003241362,女,鱼彩燕,20200324,77101453786
720419198501185822,416ab5bdec0403827d32003aace1c36c,lizhiqiangwanglihua,78972806362,19850118,7043,公师浩阔,女
20200514,482a05df29c21d76d59d1fab64781c0c,盖良工,287133202005149282,79055058805,7044,女,inpenetrationtestingliyumei
HackSafewangzhidaohangJeary,f366d7c77f9b761008a240827176a64e,19800802,714394198008029224,女,75088704826,7045,扈代亦
1d220021e31b57ff93155ed66911cd22,584073201205124310,75855403133,lilin03sec,男,20120512,7046,乐泰初
7047,593549200210058585,女,孙娟秀,GreenmMisty,76683626931,20021005,cee15d0c624b313198f1c9dc6e6bebaf
75642002314,14267819b281a095554eb0173c4f51df,柏景山,825784201905171335,男,7048,Timexxlegend,20190517
屠岸柔绚,男,ec579d9c7633465baeb45770297751cb,7049,79096774966,20100830,315126201008301914,devsqlmomomoxiaoxi
296648198308202531,何昊苍,StoneMoermb122,19830820,7050,男,0b734c09ac76c46516ae48afc5f97d48,77786992636
女,7051,19820709,78250604564,杜叶澜,gitbookomaebic,507351198207090021,6caa8a22d502116d37935981c26bb1bf
489433199102025661,dayum3lon,女,75151420269,0f20dc4dd8f6ecb0e99c43609f28a61e,7052,蔡承宣,19910202
xmsecyangguiying,638563200205067043,20020506,80b45f6cd0225361539d651f9a829ec8,79947516736,乘马贤淑,7053,女
367684200402141944,wangyangxinxianquanzhishiku,36aba110e10d38866f029fefbdb34f8d,78637159327,20040214,贡弩,7054,女
c03349ea1c25a0898ffbbc312662a991,913532198403069515,huanyueRickyHao,7055,79860931698,19840306,男,郭灵竹
cnpandamanager,067da2953bb59ef9eeab68aeac670c2d,20020317,钭胜花,7056,583386200203172688,女,79078283673
b2fb1255c456d4d4b9039449be442467,章贞静,454755202004013332,73111465704,男,7057,wangzhiqiangZO1RO,20200401
xiaomizhangguifang,19940824,庞新巧,75ff4bcb39b784e3ac4bf129cbfa0843,7058,73301528911,843880199408242579,男
lmxspaceL4ttIc3,86082219730227233X,19730227,公尚白薇,728a403ebb1ebc0a95a6b7b50dd4e7fb,男,7059,75897927232
7060,郏春,20050722,73451610715,36918220050722254X,女,telnetyanglei,17eafcdacbae3ba5757ae9d3522fcb55
施安翔,154bf0feef307687bc49b5f91d4be33e,7061,女,19920902,379813199209026884,79983007955,daybr4akLz1y
775661199512214141,52693cbf5ebe1b4fbb6b030957cb670b,7062,77415608329,device0x002,上官珂,女,19951221
20040329,590965200403295535,7063,1bf0fdb571b69adab2b7af536da71560,wangruiymlsec,男,仰春晓,79316975154
7fa25e4a8906d240ff0fd3833b6d2bb7,女,72043520180602176X,lightrainsxxlegend,20180602,7064,能楼兰,75615626356
6bef2090b8ff39e1b74ebc9ee90b3378,tkSn00py,927318197708087565,19770808,73503247461,女,公师俊茂,7065
68d6ed85f35a2023184213c4590a0e0e,7066,5am3liudan,男,78681343906,仲长云霞,19930112,608753199301129715
046951197611160382,19761116,dec0c96be11ccf24a61509e534209778,liningrdp,7067,卓芮欢,74709348231,女
女,035920197407229082,ac71f9680e64d3e010dab3acbfcb6ae9,19740722,75320085003,左人翔飞,liuyangwangfei,7068
男,745384199809147712,7069,backcover7sfishlost,73838546860,仉督以菱,f4294381bf9aa358563aeb3e00d1c492,19980914
7070,77432677560,中叔良翰,994437199304307844,19930430,2db08c77d932c9d2a06fed83e06ccb98,女,mastersaucerman
19750624,770875197506243128,牧建弼,liuqiangwebbaozi,7071,77810768137,女,9fc91d4b501727f2ab1981952e18ceb1
378974200011270518,7072,乐正正妍,男,20001127,anquangongbanzhuanbijide1ta,f382d0daf7d3cd56d41313c180d2f129,79954050540
20110425,武问,7073,524960201104250285,developerwangning,女,9dc7a4efdaa2eb03667203f917c59883,78381643413
女,285337199710062422,44f7f4faf31f8911c7722aa6762e3664,酆滢渟,7074,yasenglostwolf,73272907167,19971006
0d62cf9d6f0898a8b2e7126cbc6294a9,liyulanwangdongmei,282721197104017735,男,7075,19710401,73649973545,东方萱
彭昂,Auxylibin,a6c1adffb153c54e99c4cdfaa6045733,男,7076,730865200209105778,79351348980,20020910
077979199005023646,1eadb33f395a3eca79f416a9856e593b,79972426008,netyiyaaixuexilinger,7077,女,19900502,公冶韶华
公输华彩,20150602,7078,350019201506021628,zsxzhaowei,73343994072,女,97b15a928355ea0a1e7441a5ea68667d
446724197803292149,19780329,7079,secwikigreenm,时筠,e8b8a062f54e58d67a59b320b84c4bdf,女,74724154244
7080,男,399812200202148312,20020214,74984784080,冷沦俞,Ekkkkkkkozhangguiying,a0f8160a7841ccf4e111b187ef3b700d
j0k3regguncle,20180112,79044870448,0b364f4d162dc6249791e3d70ef3f185,女,7081,884831201801129784,冀鸿德
康忠燕,466224201901250271,bda1a2a2d1333fcaf720eaaa4310c468,男,7082,20190125,kangel,76692482146
9d560800e206e85483da2aa243182ac0,辛依童,77558035926,女,zhanglihuapro,20040929,7083,182484200409293183
162935197203145638,77334600983,男,zhaojEthancck,f17d7c48966eea214cf1510477fa900f,昌瑶琴,19720314,7084
wangxiyuwangyang,20081224,eab5fccd25f3e299d2ab08c0c4f5c61b,公何巍然,73031880020,094108200812247635,7085,男
19700217,公齐睿广,LaLaAtum,7086,73560926852,457779197002178782,女,3fac03bddd18e4920eb931470ad28c9a
gitbookchenlin,046933201011065185,崔朴,20101106,7087,女,6c9d424059c17a7a2951dc95f7dad5cb,78263398282
女,196129197303214061,huangxiuyingtiantangkongqi,b93c92dd3865508e6f9778cfe4494880,葛飞白,7088,79856597626,19730321
19841106,au1geLnyassssWinMin,冷宏毅,430740198411063512,男,7089,34ebcf9d276287709b359760eb6878da,77423806687
923892197903169838,7090,19790316,男,70b385ca7685ef07c6d4f9604870a670,白德运,Xmanvancir,75167287574
7091,公何鹏池,310702198605040137,cd9cef20e4e9567200e9da74b68f4737,eternalsakura13DarkRay,男,76746789458,19860504
7092,264900199009151975,78352223158,19900915,男,殷睿才,Yirumachenliang,81ddd96d0b73a1c7c7b437b9f7d01c03
zhangliniSafeBlue,男,19931214,77109352369,9a52f7541014decf99c45b4067d6b810,310657199312140171,公罔承颜,7093
7094,14520404ab59a208d5161e4c345fc7d9,男,19800710,廉琒,FireBroowangping,75942546954,803715198007105034
78401444020,男,司徒友易,19970125,zhangyuzhenNu1L,033877199701252371,abf498b8b019ff05fd2a56d1898982c6,7095
菱忆梅,20170723,05e53f103e1556d9658f60c5098678a4,cL0undSnowming04,男,52951820170723767X,73157393517,7096
384955201104110349,75688009722,公尚听南,女,o0xmuheph0en1x,20110411,7097,4e2ae31586a247f1dafd6f1d78c93a83
79129046213,bPJoannameizjm3i,女,7098,19921011,123049199210116765,公孟希蓉,f64d3e532f9b106108c3cf5695217916
7099,73067778211,郝孤丝,19981215,106765199812158521,40db50411a6ffb9fa5ffa7d491346537,yuaglightless,女
男,7100,20100524,79656902649,岑欣嘉,101166201005243016,9a55ed67bc786f1a0099945aa0618c01,Cottonharold
丘陵俊誉,男,73835132735,topsrcomaebic,7101,35686220000808753X,2b553ebed5b2a476d6021165e98de5b1,20000808
7102,古里宁,19870318,男,78971608655,5a33137fc2324024c1d1b02329a5c9ee,oracledwfault,277868198703180356
DarkRayzhangyuhua,75374868066,280403200104295966,工师秋英,20010429,6d4c009db8d5a6a7df79a7ca4340d6d2,7103,女
关风,7104,797892201306282822,女,20130628,f36aaef0dfe3f54d785f4f3325e874b3,74907501560,klionzhangxue
73237824274,20021215,653306200212159318,haroldEthan,能天慧,男,bf7736dadba69ca42f750334fcb38925,7105
7230d557b391e883e5b38fe9e0377457,77127701601,myaryb1n,7106,690409200101107864,女,仲孙成弘,20010110
liukaidr0opDaybr4ak,20131215,男,75505906305,96882d9301c67d98fa2869e373e5ad02,牛诗茹,22830020131215753X,7107
19970106,7108,665420199701063668,evi1ssecwiki,女,73451036905,聂冷荷,3e2d70bd9e26ab9702f20e990b231a34
73872830148,603c221ab0be299841984eab2bb3bda0,66237920090907695X,20090907,傅余正青,SecNewswupco,男,7109
wonderkunRicky,69a539331a1fe10d12b90a49f2945dee,申沧,20200328,78687933495,404463202003282631,7110,男
公车玉颖,男,19761129,3gstudentlioneijonson,832276197611297074,73539358075,7111,6b144815df60fd8b649d99546cd7a47a
zhangxiuzhenlihongxia,20031012,7112,493134200310120454,bb266d015692b2642b6d150ee999b62b,74612052103,男,祝好洁
高温纶,73909826905,lixiuyunliuna,843411200208038179,20020803,7113,74ba00093be39b779d02e823f434eca3,男
19980905,73502211514,祝子欣,mang0hl0rey,女,8607cc2312cc1f0b301bee4dd8429208,7114,652772199809058885
7115,32397220200114967X,79141442280,男,20200114,liutaod4rksec,公舌浩浩,a670a5b889e9aef0043e111c0cb278e8
78549566461,20080423,蓬乔,Rickysauren,男,7116,5b0359b07f942af965d167029702baec,758906200804237018
秦英资,75381124926,7117,122869198704087320,19870408,ttk7wangxiumei,女,7291cb770531bdfff37f330e7a81aa21
信都政,19770629,916274197706294627,7118,女,65ae33bad80a1ae41b132011be52baf1,liuyingxujing,75812224387
YokeenWfzsec,7119,女,出连冰旋,427680199203045461,77e529c31ff6ebb25800203ceec44ed5,19920304,75136483748
louysdevice,女,7120,139015199311030921,75888737037,郝家欣,0afae3f76d23c464c91219d6e00fbf04,19931103
18437daeb93faecff8133a2ca5ffeb64,73990609915,7121,公旅康适,20101116,lonelyrainNoneGirlIuh,女,594450201011168824
女,zuozuoverarmb122,7122,宓封,77543378807,5cebda3f208889a5cd308ec28407e408,20130120,575330201301200948
77406082983,chenyuyingzhanglanying,b85492654c0f392b3ce41bba5916a137,27275720200909874X,女,7123,满睿敏,20200909
9b118a2fde4e22c9758bd09cdf05670d,77387383553,327865198104208017,男,19810420,7124,Glzjinzhangxiuzhen,贾力夫
9c2845863f114e6db26f8efd89084978,公荆莉绫,男,lz1y,79807328936,490908197402081230,19740208,7125
styprwangjinfeng,432086199010120763,aebb695f858712e3df2d283d5850e9c3,19901012,芮雅达,78542105273,7126,女
jiangsir404f4ckweb,706189200411199168,65b105a3c3b8f52140c11502ac08d49a,女,20041119,73105293689,7127,公孙志明
7128,972786197408253026,19740825,panghuyangxiuzhen,73773663189,女,905abb91334735de6025942a6950ba65,王官丽莉
78005943372,20180424,7129,chentaowangshuying,636600201804245369,fa9647aced47458d783a6815d54f7250,充孟夏,女
19920715,1cffe53af14f955fde49102a8747ed72,79543247448,7130,comviewliulei,巨母春,男,682067199207157436
904487197906070029,75786352415,女,7131,dongnandaxuewangluoanquanlianmengtopwww,公阅偌丝,bd5c31fa1fbbd285ffd55b6ee944d12c,19790607
268311198005118188,77759787971,宋光,daybr4akchenguilan,7132,833db5230c11a5ed444b4d23fb66d48e,19800511,女
19780905,lihuaCosmos,739577197809051980,6bab6d541ab41ff90fcce5a7664fab42,羿伟博,女,7133,79386332669
7134,20061103,73267012664,801718200611037549,连茗,362fced759695ce0d05093faa367678a,lufeichenhui,女
7135,女,14247320190714084X,75087512428,71f199ad6bb3459e7e1334e947a3b05b,向殷漓,chenyingheikejie,20190714
73106403607,居弘济,7136,ec1407e3d004b20990e8e764e59a7d91,110312199107305874,19910730,wangyangyanghong,男
Xyntaxliguifang,74610480221,c538a76122fcd2d673e2cb12c7caacda,129525200910062523,周德曜,7137,20091006,女
19930405,044222199304054130,工娄哲丽,78586051104,268f2342043a8c28fa8fb400fd33412d,7138,yangminZedd,男
19730604,088b082054137d6fe1a80d81ba5c231f,女,663167197306048669,zhanglijuanliyuying,公仪陈红,75211713364,7139
20140410,公宣天,5b5cb7bef7b93b6ac25db07a8447107c,07049420140410534X,wangguilangodot,73425720578,7140,女
77617366749,4122cb13c7a474c1976c9706ae36521d,xmutsecpw,19740223,797663197402230588,女,公林昊苍,7141
19811103,曹梁,7142,liuyuyingJrXnm,女,b18fa9bd05616709b6b06a8edd8dcbdf,564315198111031089,77850513159
19741026,9a964d0f432485a02241d4474145edac,女,859941197410262623,7143,qianlanlidan,穿封绿旋,79843858944
戴飞星,dbb5ee5e2c965b56698c9fb6fb49c159,f4ckwebbackCover7,78004171098,7144,19760426,575281197604260273,男
7145,c45c4901df3474390ed2594228c15f9a,19750529,女,522762197505291660,netfairyliuqiang,仉督正初,79691871280
77661680592,公朱火,1e1785a4e8fbff05e352ebd2ece252de,19910602,男,7146,ZeddYuymlsec,785822199106024076
男,019753199411223631,出连敏思,7147,9janAkkuman,4e22d19b4616c57837dd3fbdbf82f5ca,77208814570,19941122
7148,MrSongchenmei,梁涵畅,19960331,b32eb28d7a02fd09c23713f2d4df5f07,74793461436,981905199603312856,男
75364649566,7149,cal1postgresql,247104c90960f92c92dda8ecfc8d6cb1,570267197412208225,19741220,女,鲍婧玟
男,chenjingsunxiuying,9682260d6dfc3113020030089adf8a57,20090214,76641974041,邹乐意,7150,690675200902149356
698666197301124221,女,19730112,7151,73413532415,韩绍祺,e7c66e6cfe4f601c39cfbb7decfe6370,shiyanlovei
sh3llyangyong,19780211,男,林鹏池,0210d9637508d20f2ba684447da98e2a,7152,80629119780211827X,78841624576
20120211,sayhifarbox,男,7153,75611950609,529353201202112853,居英奕,31f476ab985e049944f136a9632764cf
男,方兴平,7154,703802200401217616,wangshuyingchamd5,f2f3a576222f841c90749ce1978be76e,20040121,79188397073
fad67ee38b56c7a46007b2ccf688ccf6,项成和,7155,78708806863,20191208,058226201912087965,exp101twanglong,女
慎安易,20120405,7156,女,79646879932,04b2c26d2958c26d6b622fcf662960c2,036458201204055889,infoKirins
7157,d4m1tsxdxd,74021065683,20130117,夏飞翰,48112820130117311X,ee21ffbf04be7015a4f41657dcf330e2,男
4934b8390b776cc32ff8f5f6dd278261,7158,20060121,公绪心思,77645907522,rootpro,310228200601219822,女
养祖,P4ndaxmsec,bd2c4ccfde64340a8085f302418f099a,7159,824487199005206338,19900520,75632287308,男
Bibievilwing,8ce243e0d913de299e03008d27b95794,7160,120183201011073016,穆方雅,77769555005,男,20101107
ad323cc455b994c775a11568fe4dfc65,7161,retmeeternalsakura,吉胡晨,19920602,男,75724317169,086531199206021177
1cf1b331d0de3857643c3702723e4a07,75173190194,男,7162,864293200906174539,20090617,wzsitesafeinfo,秦鸿雪
女,78425163255,端木逸致,4b91d3fb3e9db999f8b6e773b4811f39,7163,610898197510078567,19751007,WinMinwangxiuying
男,songoficesnowcoco413,73748153727,7164,20101215,ab3f1eebd44fb5c8761e6d900c93c37d,江秋英,346215201012152731
男,804124198603047138,7165,9cede183ac1833f5deff56fe30295d5e,pluslsvip,73032804825,姚琇莹,19860304
20020124,5ed7c1eecd54bc878a72a68bd8461b91,77692498444,738413200201241520,濮宜嘉,laucyunzhuiguangzhe,7166,女
673063197006127286,77291034637,da7uran0irwangfeng,7167,女,a008aa83f9f52700237f9ecb93159a5b,逯泰平,19700612
be8955ebf1d20e2598054609a8163452,094668199410285856,guestdeveloper,男,19941028,7168,郑绿蕊,77642295616
19870814,29095419870814894X,殳鲛,nearglestone,78873709980,d989434ada185d0b0106810c0a607960,7169,女
74684644095,7170,茹俊才,infoblain,f77ebfdf111473738f00deb2f95a6ba4,43011919910127215X,男,19910127
74825724377,7171,男,Panytucaokenglixiurong,222330197008274815,19700827,58a10dbe6672cbdf8870e517fa197b94,乐羊升荣
女,任和洽,7172,20050103,ca499fbf76ae244061937c7075763e20,r3kapigbaozi,993579200501032863,74615408873
032814199410095920,辛立芬,WisdomTreeRcoIl,7173,19941009,d6f88f4ddd41fc5f196c6ec8cc62cb70,女,73511391624
黎晗雨,男,470403199611254552,78341287820,19961125,omaebiczhaomin,7174,c9270ec509564f7960c40900ba0624f6
221921197411189456,19741118,男,古龙倪,omaebiclixiaohong,981159aba1061060ff9180019db0dd70,7175,75713054853
邱刚,7176,811190200209304119,wangSecWiki,男,75598807234,20020930,f88f8b7b1c06a43c880fbd4a7f300f21
19850213,86c4f560daca0e0f0530ad8269962aa7,zhaojunmath1as,64308419850213278X,高鸿羲,女,7177,77355804668
2bedd3bcd796110eeb54244682dd8a9c,7178,公孙奇邃,74777908989,19720303,476983197203034513,tom0li,男
75238088300,7179,女,狄品韵,79977620030226934X,20030226,momomoxiaoxisaurendaxia,82963826bd6fe5bfcf12656893868af5
7180,076dbc8189e7b8fc4e5d22d4a9c6789b,男,19890716,wils0nqiyou,589682198907160833,74596433999,须问薇
孔思云,73634626147,7181,女,876427201712063668,780d87604626fa46823636a39fd1b1a4,xiaoyuadministrator,20171206
77749824793,7182,女,工娄轮,Yokeenmeizijiu,36702319790513376X,5b0415a0dd84072d1d7c4774252e57e0,19790513
78240848697,19740624,耿思丽,男,601502197406249055,005b374d5cc153bfa37bd3eebdbb651c,wangrongdevelop,7183
19921013,7b46db16132acb2a55c6c8f1358c096d,056362199210130286,冷沦凡松,74812797197,zhangkaililin,女,7184
7185,724203199310023827,王官羚,kkzeviporg,女,78550933607,bfe390b3c310234f5ba8eb4cd1e3d7fb,19931002
男,049088199902106250,7186,77432751795,lilingdwfalut,19990210,魏玟丽,94aa1cd5f0f5243673fe52d411261fe2
76766784333,女,wyaq,ecca3a8dd5a1f5a62db9d84897817e46,544003197212270222,7187,19721227,公乘歌阑
630819200603170453,7188,74712360995,20060317,男,aacba1e0fff44c8b52cf83e4ac747714,spoockadministrator,邵飞飙
敖盼山,367965199410223036,7189,男,Flankercsdn,76705517059,3d8cb9c115556dd98632580067ddd7e7,19941022
20080725,908709200807258742,7190,女,0ffa1dba406819927357305dc1c07ca3,韩玮琪,73551441599,Ph0rseiret
ea990d9b43e7fc8bf038e203a971d447,7191,75833733866,20150728,女,毕灵,627687201507280585,dmliujianhua
88b2b0f159f6fd076c0e076b03929a22,7192,975936197406106479,杨玄雅,19740610,男,chenqiangdm,77895210141
倪晟,79963230279,leixiaolinkarticles,5c3bfd8d5d751b28dfd3c672826984cc,19880711,7193,369968198807119743,女
44041bc3a835cba04758683c34416052,7194,79174974559,男,952978199912201459,尤平夏,19991220,loveo0xmuhe
7195,79517794274,981927200010179029,女,20001017,Geezzhangyuying,苗娅童,f85377d2efd1c535db4cba8741a094c4
5altJrXnm,056814199811181640,女,78483104507,d2ea008fc11e9934e576dcaf7ac72dba,19981118,7196,越碧莹
222462197512147336,Lucifaerwangxia,男,c7b6afe4104a101656c5dbad0bf4422b,7197,崎邱星辰,77849228889,19751214
78923136050,出连频,7198,904464198711062766,f77785559ff80a42beb00698b8cc6916,女,wangning4ch12dy,19871106
7199,eb6e72622e7356b49a772798c9d16721,78966986018,19870823,NuclearAtklcxcchuangxiuying,公输宛,713446198708230184,女
Gorgiaspop3,78031995857,301104199812110656,7200,王访烟,c15e7bcccd64e4212c00399e25a80d32,19981211,男
carlstarleixiao,f954e08bb75197a67b3d6f063290aad1,20030706,闻安娜,368419200307067937,7201,男,78138836219
桓平露,02091ec5ad7a98e05105cb329b6b44ab,19760504,男,662648197605045318,louysbit4woo,7202,73636680132
73617119579,0a886fccf83e6c8ae3dc063006d27264,阴英耀,beifengpiaoran,20051022,男,532714200510223932,7203
771333198402257677,78353030571,19840225,男,9196560ba78255f80fb9b24b5f74ce01,公祈逸春,mrxnleqingxiaojunjie,7204
a46059463c3d01167f98ce86b57dc0ee,扶辰,332648200409300586,78099781739,20040930,7205,Brucetglihuaiqiu,女
79564565923,314056198702242974,男,慕宏伯,7206,d27dfdc3491d0fd055f7aab7bc8e69ee,ac166liuna,19870224
男,ea49a359a86056c272c2a8345d93c4be,20010101,733103200101018176,吕雅昶,7207,74959320376,kn0ckmarblue
7208,Hurricane618rickyhao,男,20031210,082069c570482c824da1bc0ff12ec793,975506200312109155,华掣,73754543373
女,7209,78f6c5a13cc88d517342766e1a800644,semaineblogVirtua1,692839200211143382,77857962590,纪圣杰,20021114
imlonghaoAdminTony,75923873716,7210,女,89791520050310068X,冯飞翔,20050310,749858c131c54095fa6787c668ec027c
lcxaustfish,73253220963,19801007,453755198010071774,7211,842b09160be4513ac8c9c91b41d2c9ca,男,傅余瑛
7212,男,comarchivessnowmingMrRdarkeyer,74566554404,595686198502071211,宁姣丽,0aea524ec977025f37786985ef3b06ef,19850207
ef0b78cbdd4734fcbb9e7774cd79998a,286670199908228858,19990822,男,公旗淑贞,shentoushidaohang,78299921456,7213
19840328,9b750436df1842fb751978fd02fe1fcf,公朱兴修,7214,wanglanyingcomarchivessnowming,女,049055198403285328,74094002665
男,91af944b38b657b0430a3cf4a02f54b7,xiaozhihazzel,19971229,79889731235,7215,工尹茂才,797055199712291956
115957200101050386,7216,20010105,女,hebicio,1536822ebdd2a73ab21fd14504a134c8,73905244685,公檮真仪
026827200001061665,仉督梅,lufe1wangluojingling,7217,79048777866,女,388cef6048c019be01228a0abdd27469,20000106
7218,556557198009305383,77666331813,云甫文,7ffe7113e626549cd7c13cc93245ed67,女,19800930,superchenlong
幸清妍,79883572056,162f68dd121db40549ed7b9f6b5cf3ef,7219,181771197201127871,B1ainlteam,男,19720112
男,455315201405227650,79502038360,20140522,公伯珠轩,10b8b9720688645806bfe0ee25ad48be,7220,klionseczhangliang
78985764921d768b61cca1ffd368e725,郏子昂,7221,20140105,411936201401056085,女,73324478919,evalbugl0ca1
7222,899832198101271884,wxywangguizhi,19810127,74773618915,女,柳韵梅,ac5b3d0a56b0a87c800ead525ec4dfea
20170817,misiteanquantuanduilishuying,73677314366,e5f924e11af6c6a5ba8ab40de70450f5,费一嘉,454070201708173423,女,7223
男,7224,4d834e5df8a6d2281791c1ec53a7070c,79829421161,417627200711173955,Godotlsafe,20071117,南宫承悦
ILMImongodb,19840205,女,74741029628,7225,fc79d9e2e91ebea2eb302e73b47afdcd,公先冬寒,000850198402058680
19890508,78925503210,伏牧歌,43148419890508287X,woshixiaosanchenxia,男,7f65f88d82df63c90d018a5b94c84d5d,7226
36e27341f679e94c1cb9bde13a3db2d0,郝青梦,女,19760204,SukaraLincloudyu,75817074913,110595197602044424,7227
19960908,c76f319883d296325c527a51f3d2cd86,firebrooweaponx,79914638906,男,7228,越忆之,798358199609088956
女,misiteanquantuanduiZeroKeeper,73693928952,7229,韦修杰,346712197109155161,19710915,583b460b436f4e14d6bcbaf865f815d6
京城华月,9c129a086af4bf0ceeb8c2d8284bdd92,77309791373,361466200801025124,weilaveramianhuage,7230,女,20080102
公为令慧,7231,19920702,837159199207026880,77286479880,女,a49c5089b3df9d7395d8f6fbeda2ad6a,hackdogshasibite
74047694054,679349199809012646,东闾秋春,7232,5b7127633e613ea9960f942d130b1c85,19980901,x95kkzevip,女
gorgiaxxadmin8,4f8517c5c52f6df3c7b41c2c9b7d22ba,19920617,公输佳思,334518199206173321,女,7233,73657010405
78044895343,舒修伟,609456198101101979,7234,男,l3m0nPolarisLab,62b5480fb15ea1f9b008fbc0078ad5b4,19810110
766003201102239971,20110223,男,敖金玉,7235,75188309261,cjk123r00tSe7en,721574a755f61d863d3a24f9c647b244
屈门初蝶,男,73212098969,19710709,7236,01134219710709425X,iSafeBlueYlleny11en,f25f5cf29700cf023a3409ac1d7e992b
7237,f7b99cde643a9233a8a4bb58ee134799,女,20190218,75556608855,763946201902189745,古成岩,yangyangxishir
anquanwuyanghong,78902990052,9947879b9d335dd2de3d897d0182f178,20130330,7238,女,908015201303303224,公襄壮
7239,liweiguest,怀小晨,男,6802a802d8d29d639c588c702476f503,920050200207017210,20020701,73196177230
f91c3b5f83dcbb9f98369170aa7c1271,符茂勋,男,20010811,78339044373,164663200108115751,7240,sevckwangbo
621651201609011624,7241,wooyaaliudan,朱弢,20160901,78594377919,8204d863ea8587080271ce2ff3faf8be,女
19830410,wangxindaoluogangtesen,37dc96f15d9b8b93679ddf58d893dd00,7242,男,663750198304107418,祖博学,75768974543
19850717,zhangbochenyuying,7243,49a3de2881cf867a809aa5897fd01b35,79018273412,809839198507173174,男,傅俊能
20110816,公玉和宜,女,liugangyangxiulan,7244,addf4985f2de07e2e3480819afb8d1c5,167319201108164962,75234867555
男,19720318,918298197203188710,73704807501,dd00e2682cee1df76cd0748b93861568,7245,fupingsanhaoxuesheng,毕如霜
男,liutao,7246,770877198206161179,35510e77c4a5786ff96bb4b338b28f33,公保刚毅,19820616,79976037089
男,7247,V0WZO1RO,19950525,1ade77fc0871a1602273b57cafba01eb,76658470368,鲍墨玉,750902199505252770
Yokeen3as0n,男,7248,7183a95cc730430d8cab3716aff4b0cc,19970619,023593199706195451,韩晶滢,74558734690
267429197906067377,蓬华清,19790606,7249,78612684378,男,orlevenBywalks,a4785d3e8abe93582d1f94c9c475c399
7250,zuozuoveraz3r0yu,19700412,男,2eb1267f64ac8360e5431793b5e14073,宁凯乐,77802958700,815019197004122070
73910864548,7251,男,20011018,华胥俊捷,575523200110188256,wangliCaligo,6cfd82aaf651a33b83e02568513301c1
20111125,女,78454867977,松飞光,075806201111255840,f28c4fae0eec1ede7fa83ea3a2bd59d6,dispa1rjayl1n,7252
865e84bb736ab5681f29bc9d12032a15,wangbinsuperfish,017716200711296711,7253,20071129,73380979525,男,辛鸿羽
女,19851209,77378533391,476677198512091942,lufeiriderzhangchao,7254,牧乐邦,e039e855a82d3408b0dc0a67b79d7047
lnyascaligo,19890314,袁秦澈,073287198903143520,7255,女,73579569545,9113d41d570d01dbe9da009c337d9c20
7256,secwikizeroyu,358f992f3826232a6e1c7fe662914001,20101208,叶建弼,487238201012080463,73479932968,女
7257,73293532182,tonghuarootGinove,戌曼妮,男,19890418,588336198904189336,8c873ade84c0f544a5b7f298b40cdade
女,b56c55bf2afe23fddd194c6ae528b013,7258,107464198201183289,orgsuper,19820118,73104446499,富梁
36307419920913406X,87222d518cd0e76f0d6c268655ab2f08,女,74618183898,19920913,7259,LonelyRainp4nda,公仲越彬
7260,172a792213d4fedd5b3c2012242cab15,男,20141130,79550166996,殷博简,ThreatHunterpasser6y,417839201411309874
女,667210198501145849,anquankejarviswang,647fe240c77b031088d591f3fbcf18ad,戴铃语,7261,74884589571,19850114
19810624,ccd0a8417fa876126ab024369e743eba,宿悠素,605837198106245145,女,lightlessmisiteanquantuandui,76784880720,7262
533007197712110279,19771211,lishuyingph0en1x,5045ed5f294f610157cdcb8ae350b8b2,男,公山醉易,75952585414,7263
189773201701022258,20170102,78902791515,2fb8f1342f03858545c0a955f0ebdeaa,wanglongHappyTreeFriend,7264,男,尹元珊
lijunCaligoZ,737088199810204023,林鹏涛,75680654412,19981020,7265,女,edd103e9d6fbf7dfc2bbcb76b6cfe2db
7266,71096eceb7c442933c94d578d257b9b0,omaebicEkkkkkkko,586313199801027746,74959913510,19980102,女,何丘颜
20111123,女,885675201111233927,virtua1wangxiurong,a15c6ae52a7e26b5b2f7dbdabfad4d50,7267,冬日昪,77844426073
男,顾铖,7268,19841001,89a335c167130c1db2b3843ec602b023,ChaBugwangxiuzhen,74775973020,78696319841001383X
75093784143,c82e98e820a0409aa17f0778b80b1cdb,男,445041198709173778,bywalksxinxianquanzhishiku,19870917,韶以蕊,7269
79590528117,00a6b6d9d276668722465b86985fbf24,7270,wolvez04z,宁昊空,女,20030619,978259200306190726
7271,onlinelining,74928592404,鲁康时,962049199309088456,19930908,bfb65a53807d3537e72c1ed3baeaa60e,男
8348ce5e49c77ba6f7a6ce073c862097,7272,914067200907085811,男,20090708,77328659645,brieflyxPeterpan0927,屠婧雯
女,63bd49fa45f880726e941f75eca5df20,上官凝珍,liyunzhangshuying,438339198504014461,7273,79165399805,19850401
后雪儿,75025415296,yangxuepingmaoer,20181030,7274,957227201810309078,0fd12ecd8fbdbe80d955ca71e22ec4e2,男
19970306,zhouliSakura,77389360804,女,789d7ccc436b71cd0c7970686a13349b,7275,597832199703067081,公林沛蓝
73837066205,Passer6yYiruma,842502199406160418,5c282bf6828dd72eacc9ded5b14f2c18,男,7276,19940616,公襄雅彤
廖兴生,931870a25df3ad4f54366693c64db044,19990509,036327199905094071,7277,74065860134,男,cduseczhangguiying
f341f251e443e3403349f8c0e93b9ce7,huntingdayzsx,78408585369,7278,490690197212068155,公仇波光,19721206,男
010996201711112389,7279,Saltxiaoyu,78258844773,女,即墨优乐,20171111,bde698753e4f4e6311abe369270efa5a
wanglanyingwanghua,葛嘉实,7280,男,ecef30f7020254bbea8e22cd70a2ef51,73033863574,19950504,184533199505046571
894998199510313213,7281,7ada18cc097f6aeb6ae36fde7a5fcf0d,19951031,76751188801,公阅紫霞,rickgrayMozhuCY,男
74917225251,f638f4354ff089323d1a5f78fd8f63ca,658107199906093127,女,anquanwuliuyong,厍英资,19990609,7282
021590201206301624,122faca36f68069728495d9e5111c663,7283,winlz1y,73813072655,公正囡囡,女,20120630
073bee6d0e31eea61bcd79921b616117,l1nk3r,79953960293,20031125,7284,942059200311257751,男,詹悦畅
19971013,314650199710133259,73487493693,男,wangyangzhengbao,df29f73baeda4ba2d2392abc871d88ad,夏安翔,7285
20000502,944492200005029574,75078322466,男,京城幻柏,xssavscanf,796745cd44efa9f16ab23be240fcff9c,7286
79994125602,男,7287,5130f6bf73fa8ff638b2b8184c6fd83c,19761215,古冶立芬,441582197612153531,MediciYana3ura
75520472049,19811211,女,ZeroKeeper,7288,浦康,341f22cf30b960ec7cc040a83034001e,465428198112116863
NuuuNyazhanglili,女,73657563437,20020911,7289,ddee4edb5141ff3bfd90afe9a7457514,201233200209114264,幸鸿羽
7290,19960402,咸凡桃,78949489591,391218199604029271,zhangjianguoH4lo,男,430f1ab705832e0c8b1144074b64e9c6
7291,674273198611281977,19861128,73175116479,wikijgeek,公息靖柔,男,63dc9264de559eb65f77ef56b492ba59
冉示,968c0d159a57dd1cf49c2f43911ba220,7292,aiyoflag0,74506825377,男,19951227,294750199512271278
75660576722,19760330,7293,公甲睿明,3e65ad4154d14ebabde64b5e351c0047,test2kb,018555197603306417,男
zhangjianguoatum,7294,73819050519,104807199104287840,19910428,女,354e2c6a162bc76770c9e82b60e97630,孔秋春
74905856816,7295,631906201402098482,女,20140209,zhangxueKINGX,乜慕青,f0079c158323b4e1f080dae7b6c0211a
7296,男,77584983060,844597202006123012,c7c29ed0df1f5991f5295100ec6a518c,BurningCodesLittenFisheraustfish,20200612,陶英慧
LittenFisheraustfishmitah,77706163018,a761f9bf23495fed1fc5d798ba65e56e,戚娴雅,女,7297,20110618,797409201106182382
19810928,73325931681,zhanghuisecuritywu,184334198109281052,男,f79550a653de8cfe379a97e5b39bae3f,付马半芹,7298
4be72de8a814736056835817077b699b,7299,ZO1ROwangfang,20180401,49476820180401264X,女,俞修为,75832911891
netniexinmingqihoo,7300,20100924,77796176293,451469201009240387,b068e1d83d1c27a992e2f1a74caacf7d,女,雷一禾
男,598402199601164412,7301,76753982291,waitaloneliujianguo,73b743d6046547516dc44eb2956a0b32,19960116,党欢
77606462679,女,dwfalutlucien116,19970618,訾宛,7302,972538199706180424,6ae156b88e21d6e3f0f73ea0dd9c3bef
541631201002135246,20100213,即墨小星,女,78649106259,bPJoannazhuiguangzhe,7303,3e4799705fc3481fa9c6614f97bff24a
532846199108256163,math1assh3ll,19910825,875701e8da4487c3224754b3276de47e,7304,庾珆,75942435297,女
聂以菱,71699419871027112X,wanghuip2j,75970886945,女,ad0a984964eaee16f74238604496b85a,19871027,7305
女,78048229056,0fc1d6100f8425c465566684fd96b388,7306,cytoTimeSHU,20040217,606924200402176468,巨母瓶
7307,04fd9a0a9e193416f76a7f41ac698170,73661554685,19790506,Notwo1fNotwolflixue,丁若富,92571119790506304X,女
e22f19803d423c6f851f97e33c8ff8f0,19850331,118331198503310685,女,78265385235,seebugJonathanSalwan,7308,步欣荣
公晰杰秀,男,243872198110220055,19811022,7309,78582222141,Hpasserbypasser6y,33ad3716d5b27d9124e9d88faa20d6db
chenbowangfengying,男,76665436255,418647201906214076,公玉侃,20190621,035aca7e03d8c3e32ede1de3302aa64c,7310
858152199111038668,女,19911103,7311,5a69fd61bc15ba8a0a6bed7ceb66711e,78105293579,91xxflanker017,公安安
女,74980902751,7312,伏羲华辉,19841217,39727019841217688X,lilanyingliupeng,1314f57770c51119ed3f40487ced93d7
222997201212260915,20121226,男,73317472144,7313,9cdb16a727dadf7d40a3060decdb55bb,公祈嘉福,0n0huawei
女,7o8vSouthseast,7314,汪晴,440694198711137945,9b99664afa2aa0abb8eb561e946cadc1,19871113,75607249259
73035089426,lightrainsadmin,19791119,女,240711197911195384,7315,33f3c2729ad4838204e824ce2bdbb3bb,汲浩岚
女,netfairywangshuzhen,7316,750011200902071247,79128232231,31997dfe10d50b0236060baeae794d39,雍叆,20090207
项翰藻,7317,553360200501229452,szfszflilin,a31f89cc9bde8ee962e44a4e91dfe378,20050122,76653672989,男
282864197812131761,79875358586,kyriosTasfa,19781213,f2d141abeb9617d80e221c7656b4765b,武勇男,7318,女
女,0c1839e07eb4c8c0ee63a72a50636479,公行小之,20160316,zhanghongneargle,14337920160316562X,73159976772,7319
7320,0fbfdd19644de7ed9f9bda78a5d07266,Passer6ylihong,女,20150519,523538201505199644,78656475423,董芬
女,19980125,7321,788c59611866fada7d737792874debe1,zjicmDarkWinglidongmei,77142253214,禹鸿哲,32679119980125364X
7322,20171229,75571294626,113698201712291828,戚懿轩,chenlonglovesg,女,81aae700486ae52ab0713d4d3d9f4cc9
73789026321,125487201304197852,zhanglinaltman,章仇时,男,20130419,7323,44ef87fc1fb99c27c7670183cb330ba7
20190910,78804611551,337225201909104437,何苏荷,yangchaoJeary,0b83a12984d64f8b9c8371d85f1f176a,男,7324
wutongbaikedevelopment,男,7325,19831211,77779794318,93230819831211663X,70187f105bdf1d40530e713a7423a57f,付里易巧
7326,女,弘秋英,0d72cf15f32269bbd5c162587b902b1d,20131106,772351201311067569,77409643382,sunxiuyingoschina
女,890857201307177344,毛倪,20130717,comwebbaozi,77845719445,7327,3b73902424d95c581edd6cd68e9fe6e6
77804022372,chenxiaobinga3uRa,de5a34a86856148ba686e677b9e49196,19701116,7328,相玉萍,633373197011161667,女
d5bfb626af3027bfddc89d215f1292f9,bit4wooliyuhua,639984201303079012,7329,男,20130307,75357396179,宁孤松
19750405,Chulixiuyun,贝承文,78336254144,667601197504059760,7330,3cf6110d07708a7dfead368bb843e793,女
76740688878,19971110,男,7331,46c396d6e04bf2a4e2a52eed6aabcef1,iowangjuan,公仪景焕,950011199711109734
74602407814,女,36bceaa87e47cdc5063f9fb722d55a4e,504662199301051165,yangjinglovei,甘先玲羽,19930105,7332
542800201504027138,20150402,T1h2uawangxu,75094321528,7333,戴仑,8a9a0699f9446560779ad2037d85267e,男
74911955499,晏琳竣,liufengyingcaijiji,119989197511290622,050e79dc80864b4f399f60e598ebe63f,19751129,7334,女
女,807473200711030946,7335,73443537599,伍妍歌,liulingliudan,20071103,b33f1ad381cf1d7fc9f3399ebd956f0a
677505198804110448,7336,女,chenyangming,76758317529,bcc720f2981d1a68dbd66ffd67560c37,出连晟睿,19880411
jgeekyemoli,19730303,女,宦全,8546d3eacc4930dd4c563ef04f099011,455713197303034321,73967490353,7337
a5f4ce9bc22cc78512fb33bd0f4a802e,452007198606277677,74650243403,男,宁依云,7338,zsxsofthuawen,19860627
19831222,男,417777198312227230,449b1711d590d40d7f97959dfbc5038d,7339,77385636708,桂景龙,cuijianxiongChaBug
女,63996019860608098X,19860608,东关丰雅,79170157368,e04ecd53b8825c5907ac35aa55ef4ce2,liujuanba0zi,7340
廉香馨,4230ad92714e47f0ce85f68eeffcdc48,seclteam,811533199601097117,7341,75840459322,男,19960109
162027197607159762,liufeixxlegend,女,3b6e6643c16c0069db9cd301959bff47,79365078793,19760715,7342,蓟奇正
CyrusFhuanyue,7343,739008201906152782,248f92dfd1f348915d4d62274467595b,20190615,77168911651,女,公玉麦冬
292023197909185054,男,79648268791,龙胜花,7344,19790918,Smi1eSECtr1pleWfzsec,0b2c98dd4067f2b62c64d4f39c3602d1
73844432114,女,20200817,7345,chybetatonghuaroot,段笑笑,480139202008170780,dcdf0d221765b3cc0c84f6a4fabb37b9
SwingLaLa,b067c007b0d19d1fd93d39738c875402,19770720,459270197707209427,双娆,73654688190,女,7346
blackh4tliyan,73648246409,须奇正,20170515,7347,男,201215201705150178,6ff31b3f9888b1353bde8b82e50699e3
7d779ab074aed09072c97fb3fcf37f8a,男,7348,814743199109183474,孙雅洁,77146294731,19910918,xnianqliulei
e330d7784a707d40263545bbaa7f9176,乘马夏旋,男,412461202004019357,7349,apengliuyan,74776464989,20200401
d8458fe391ae47335cd6f2a8e4239ad9,男,79976221993,19930228,628376199302281053,7350,共叔飞鸿,ibey0ndsher10ck
zhangyuklkx,73878027389,7351,20000528,142709200005289283,女,acf36b1d4449c86f7b53e9798db6e6bf,端木思丽
7352,lingzahuopuSDante,19720909,毕一南,572054197209099018,男,73221651511,7af4d38b27559b83118f2ee63bb77156
a149d7a8f1ad0a299a3c79f2a5c3d18b,78627091495,19720507,女,7353,3comDe1taTeam,鲍文虹,094974197205073269
mistyliugang,763913197502127186,19750212,女,7354,共叔水,19476cb7606a3b7ede06c49ea61ecd6a,75369629285
女,19860308,redteamwingwangjian,7355,邱丽雅,75605245980,855757198603081483,ec1482329cbca6dd2063edfa0c1ca7ad
储学海,75163532555,53b364ff58951956d30f5f9ed42c1ff4,7356,543960201710281279,nuptzj4ido10n,男,20171028
19910509,7357,居成礼,sshph0en1x,e02e43486a825f3b24343adcef3d703c,78362972331,男,068943199105098832
878710197102178646,75068509488,0ab763adc625ffd5486438a52daaa1d9,7358,女,19710217,3gstudentdaizibukaikou,祖曼文
20000925,男,e210dcdb611ffc22c4ddc0ddef668bd6,79581474377,298511200009258854,7359,邬锦婷,evilwingmars
04c189acce464aa7f714812059bdd970,女,江澉,313436198105180141,74877342134,7360,19810518,ThreatHuntermaster
男,20000703,itrickgray,696304200007031136,郭吉敏,7361,77631363234,a37dab79b9fc27d86cc488070261310b
db4b319370c6b04c0419ae962cd04ee6,7362,zhangguirongxuwei,77231576111,男,19870512,520227198705125276,冬日学博
崎邱南霜,73998417744,6e2cb959e9cbeb6af5b87d49e9893c76,19760225,929995197602254588,女,postgresqllihui,7363
7364,19990309,公车浩广,cb9950fbc18391783efa2aa297db7400,474301199903092482,liuguiyingzeroyu,女,73886245319
7365,公群伟晔,20090406,女,408076200904064644,97c3cad329dc4452404cc7e42777c83d,m4p1en0b0dycn,77450457934
phantom0301zhangchunmei,女,19800519,万雁风,4aab25f5ffa7cbd5ed4522bf3d6561c8,7366,372647198005190465,73802433061
886bcaba026dba172bab075010b1a1ff,男,virtua1blogspot,程锐泽,74881035636,7367,19960423,110594199604235411
伏羲燕芷,7368,539005198810286953,adm1nleavesongs,75262803249,男,687438c557a717d4a796e4258d73193d,19881028
79153700614,7369,BurningCodeszhangyuhua,51a3d3d19e44dfea3876dacbb3d40c10,20070425,通萌阳,69518020070425695X,男
7370,宋高兴,73002531239,男,7f8d9f6d2fb9bf54b00ddb0bb7f38982,zhangzhiqiang91xx,19851107,452326198511073271
coolliuli,女,657882197509211722,7371,南宫英,77735362787,c98703aed69284552ffffea25a1706d9,19750921
女,f38800e26018c4a865def30a3d13098c,7372,勾一璇,78061733821,netfairystypr,994198201508118662,20150811
19980910,73668078793,7373,BurningCodesjkangel,943406199809102583,公若承运,580e0ab99d5bc184238d5905fd2cbc57,女
女,75157851135,72771441276ab6432845661bad177d67,540517201101235644,7374,20110123,魏雅静,V0Wlishulan
女,7375,dd4389be7be7ca7400e0d3ecebc1ac23,75604951153,20041124,473691200411249629,peterpan980927chenmin,闻继红
hebicwangtao,191178201412294242,女,1ee11b8639c49e82b59373813e928cb8,出连凝蝶,7376,75648388142,20141229
19961027,ed19aab15b087679bc2f7f2f3b2788ea,7377,男,鄂卷玉,spaceVirink,73705161403,439722199610279375
蓬蓉洁,2459db06fc5165d404e0638d22fa3d32,7378,男,19810909,zhanglihuabestwing,73214948782,495813198109099858
7379,逢念薇,73576671501,mlBrucetg,2d5d1238d8a620f2d16fa3077c1cedc9,20200530,男,652928202005301915
施修永,77517982100,a384b6463fc216a5f8ecb6670f86456a,889058198809145443,7380,女,xiaoyuliuqiang,19880914
79382136086,224847199508167413,庄妃,2980bd7d6dace29998dee480c2d96c49,7381,男,Yirumazhanghaiyan,19950816
易微澜,2d843511d680905e3d519786d1259284,75865144713,leadroyalxmsec,男,463935200006309011,20000630,7382
男,厨人语晨,lorexxarliguixiang,7383,73d613b883c9323a0cbf58be0dca9d58,20150109,455132201501094574,75732915208
78502555660,19760830,南宫才捷,518830197608303829,45a7b526490984423fdd48e9dcd11cf8,7384,女,chenminggeeeez
smbMediciYan,73636412596,282867200508174015,20050817,男,7385,殷涵亮,ed311821a4684b8805c11afcaad1b150
女,7386,015135199405244621,胥弥旎旎,6538a3875fe0675a7a2bfd49c97e592e,zhangningac166,73995678237,19940524
73618706175,tiaonmmnchenyan,0a1bebc8ae0696ecfd236bf5a1a620f3,魏若淑,19781222,975819197812225113,男,7387
19840212,afa006a8e637ec6f77594fecb1208d5c,377217198402126824,7388,Flankerda7uran0ir,女,乘马乐游,78587996188
公襄明杰,447047199709287710,7389,76795323839,c6b21f45c659d2cb919e7ee485ff08d1,男,19970928,xmutsecSe7en
79942951741,花天慧,女,19740602,197f0825469439b4ec6a34d12b4bc1af,Twosmi1eSheldon,371932197406021423,7390
75238935818,chenmeihuachuantingyu,公檮英逸,女,a99cc64ed999649921fd1a55651c94e4,19800123,7391,386406198001236128
907b00ed64b79ee28b8abc7d0533a324,7392,75601055924,liuyunVsane,453305199704088270,男,19970408,冯鲲
bf8a21eb0e9d640b67b0e25def872efb,19890515,77821695619,201014198905158885,7393,女,fuheiMisaki,秦阳伯
74559465466,42655ff392b910e85899c509be62daee,7394,Nu1Lchenxiaobing,欧玉琲,女,85953219910829326X,19910829
Yasengoverrainbow,367917198401280463,19840128,女,6d99dfcdaffa44b935bfb4f201996c5b,78897143608,7395,信都宙
75113889708,pwiret,a59d91c0bb088b24f9f31ca094324f74,199946200401317117,男,20040131,孙星纬,7396
73346940979,liuyingqvq,男,魏怀慕,899433197409182079,7397,19740918,0261c6db1d5b6b6f6d6ac02215c39833
yangmeichenxiuzhen,女,20020329,77505845602,7ec99f69f867bc8dbce2d53fe2d64213,7398,狄佑,416233200203290922
gh0sttw,公之寒梦,7399,d90e68b5ac6f6d787143ead122d867e7,19971214,404437199712141164,女,73658533795
76419c58730d9f35de7ac538c2fd6737,75111093667,7400,r00tSe7en0xmuhe,19920705,448899199207053632,男,罗奇逸
comubf30f18c872czhangfeng,19710614,晃映雪,7401,f5a3edd3cdb1bbf3222232e7db49dfc0,686778197106143651,男,79973615026
郝婉然,男,e1da0fa6e659f6b0795390f7afd5aa36,7402,990308201002033170,20100203,77496083819,KlausSnowming04
73691771543,20100104,663478201001046472,男,75753f460ce14be1e73113c0ffe0e602,汲尤文,7403,Caligochabug
itinfo,男,蒯涵育,216310200403011274,75261297040,7404,20040301,7457270e03287cfa23091dca5e338e33
smi1eliufang,20020207,女,74755301552,褚攀,7405,09f6002fab383fa5249a6352c4c859bd,264479200202072464
女,e9aae2a399f0282454b6970f34edf465,141374201308064822,戌以,20130806,77431370811,shengqi158zhaomin,7406
19791115,万旎旎,女,83d0e0f7e9d339de762f0c44e2d62387,75978104897,96633619791115884X,zhangchunmeiiami,7407
公山丹溪,男,7408,836484199504279712,557b59e3e0649648d4251bda70c62647,19950427,zhangleiexiahan,77887497940
277561198704081463,Adamzhijie,女,19870408,8e8c69a5152f2211db90aad058971fe4,沃丽雅,7409,78106014120
7fcf6f050027118ea9014986b92704cc,r00tSe7enliguirong,75632058404,詹丹,55359520100319968X,20100319,7410,女
7411,096316201507111886,zhouweichenbo,令狐承福,20150711,女,78572691639,a45918e8a354edc1a0567ea1a2d1d9fd
女,8734c9c5c0c013a9e5f8c51f7834b631,488522201505297747,7412,20150529,司淳雅,74748081703,accountxinxianquanzhishiku
limingLoRexxar,女,182db41664b1c96fe808e6078e893189,73600561718,859401197106066144,7413,19710606,徐仇
838326197503016180,叶靖柔,aab406f65a67269f652680047ae7513e,19750301,73776003657,alipaySUS,女,7414
73458110370,20110701,女,583115201107017344,7415,祁成天,5ef4601facc1e0550d6959cee23b1cea,mozhucy
20200818,da98c6554c947fa7d34f7accbec1f41b,邬仑,女,zhangrongcool,7416,839561202008187868,79837676224
7417,x95lizhiqiang,方浩慨,男,20010725,78651943455,422098200107255639,ebffb65d2c5b61632ea71ad81c2c5a03
20180923,男,77310587347,宁俞莹,765629201809232437,7418,Ginovelifei,eb62f6b9306db575c2d596b1279627a4
852741200403215826,7419,65375cfd7e64d2adbe0f61474540cd41,女,liuwxretme7,20040321,公输柔怀,78999652597
78958372577,wangjunlibin,女,20170210,傅暄妍,7420,5e19ed2fda6935112a9accfd1a5bc9bc,33200020170210746X
女,lalajunNODEchenmin,820699200704284886,76653452754,7421,花勤,b3d80d345a595017ee1c1349e2936a4b,20070428
7422,74774427848,20051007,352667200510072840,女,yangxiuyinglalajunNODE,詹永望,e08392bb89dedb8ed6fb298f8e729c15
200977197705069481,湛天媛,19770506,cef057ff2ca0b0f717ff972a8bb1ffa9,wangshuhuawanghaiyan,女,75108880765,7423
78273355472,Xmanlonelyrain,19950624,e4624e33c1bad28395f259bdf3d19b1a,靳斐,男,7424,584069199506240513
74951498494,殷宜嘉,20160722,riskivyprocessor,女,7425,396899201607227164,8b60accb2a63ff1e34f5eeb33851e061
19970315,scarletfNe0,7426,b3c00929c862bbaa8340a12f8f98f47e,628891199703154435,盖天佑,74546315924,男
男,74769700798,c779ddb0cd5944568efb4c7afe89354c,216963197803209475,ayeMicro8,陈岚翠,19780320,7427
女,e66a8ffe0dd2f6a9a22867c65a1e8f10,权偀,19831127,300948198311270787,7428,topwwwRcoIl,76702427009
富惜霜,wanghongmeitop,7429,19940316,女,79320783108,321fac5cadbf32a11ef45d11dede436e,49532319940316688X
7430,78925229360,763493199409275970,19940927,屈门律,男,a141f95aacfe53a28f6d3310d9801ddb,XDSECretme
7431,女,边善思,75359341566,755256201007307842,20100730,Godotchenguilan,dc40037e70d4e711f24695e58b74fa3a
7432,宁琪华,phith0nSalt,03f83f1ac843fdb1dba3db5de77e0527,79816184873,484856197201258738,19720125,男
75059710077,643139197004186581,公旗光远,7433,19700418,2363dbdf4ca3f6fb2169bccc604139c4,liuchao4uuuNya,女
77307094990,225676197302016241,655cc366ebbd5b952b81e6fceca1083b,seciceliqiang,19730201,女,7434,赵弛
V0WCyru1s,73377311960,7435,20171019,党国萍,女,72315cd933fd88029fe2a8161ab61df6,569097201710197360
19921212,76609719783,jiheme7ellzhouyong,吕开诚,7436,881668199212129718,男,cd855d0d529bc89f2ec6f6a54e88f6a2
19940512,06f9302658c356c658773611339ee5de,女,信平以,27111819940512402X,75238928754,7437,iretVsane
女,7438,698cb28ebbda527cb25f043ab42f9454,74651486459,19790310,Rvn0xsycom,458230197903100363,通和豫
姜尔容,evalbugluomiweixiong,77457368883,19700118,男,7439,869263197001185139,646a16067c5b27e5d5a8c5bbb0617e05
dongztwilson,a4b695734904f8196bc8a1f2be351558,男,万睿好,7440,341775200006048633,77592423047,20000604
ce8fff9f067e12669bf8f1ceab22b620,男,949457199511085675,步慧云,7441,19951108,76780982566,ch1ngqimaidoukanluori
20000503,wangxubestwing,489613200005036984,女,厍狄德义,75727666167,d0f4081b950ee2869928b1c937288c6d,7442
74657063477,男,she1donliuyang,6f2266d13839dd209e7c9fbf4d56f4a0,宋白薇,652214199004115271,7443,19900411
79163274220,20040216,819307200402162413,公林鸿博,男,183df713234095c2702c8d08507a2adb,7444,DM0h1in9e
乜嘉玉,679376dfcd016606418f4d042942821b,281031199812013244,19981201,admin1ZeddYu,75913084416,7445,女
rickyhaoyangmin,伏羲弘光,男,7446,20000719,3dbe00a167653a1aaee01d93e77e730e,77559917641,544889200007191179
640035197311125056,51de94d1538792b880b83bf3833a8248,7447,77773679790,男,rebeyondklkx,乐正寒梦,19731112
19991109,8450c635dbb667865cfeb8128a4a2309,申绿柏,436912199911095217,78353607707,男,thunderjiesaucerman,7448
7449,0d4c058e4b694300956032ac94503207,lihaoweaponx,331579199305291139,77524643189,19930529,男,施雁卉
75333052024,20100705,335085201007056038,xifengweiyuNotwo1fNotwolf,葛枝,7450,c23813818e66e2581d0fbc86a1cbba48,男
简飞尘,823628199408085227,a211facf0e3b566f02d02f80e8a922ed,7451,73282519123,lvmE99p1ant,19940808,女
79389704113,runyangxiaodi,男,378c4703f0917e949f43d8b4704ab40a,7452,169806197205109314,19720510,公阅烨霖
405545198311057334,男,73471805872,0cbbd6a11b95376cbd11c73af9348020,19831105,wangxiufangchentao,函井黎,7453
7454,19980721,8e7d8e2280e762f5096a88d808cf0d43,127278199807210646,77649328738,柏绮思,virzzwanghuan,女
694943197604104875,73751256948,公休星文,7fb4e46970785d5af633ef0391e5b5a5,7455,男,19760410,Skyzhanghong
75033124071,cnpandamoxiaoxi,伏羲炎彬,820057197306086648,7456,93c719d78710d12d4de438281e668dac,女,19730608
03i0leavesongs,男,20000817,7457,贾睿慈,79911110877,689181200008175038,1cb8cf14de188084e933e43ba917c808
男,zhangwenwangxiulan,c46f9b86764edefe50f960ae570dfc91,78509682458,81017219890916677X,陶玮奇,7458,19890916
92181819790912992X,0bf17eea5d2d14226facb3f3f7c8a4ee,7459,女,19790912,sari3lAkkuman,东楼高兴,78330662149
619090201102059263,b34923243e092a3f3375dc900693b146,20110205,女,chenjingwangyong,77116964667,7460,公旅子萱
828448200101018366,女,chenmin,4857e4d20737283f4bdbd3c340ccc6c1,20010101,7461,79665351161,茹夏河
735031197210156321,92cede6137d3b24b546b199c949f0bed,19721015,7462,女,lihaiyanevi1s,74989666298,穿封光华
087298199301040750,wangpengJ0k3r,7463,东陵熙熙,a0b5152e81af3475a9198773afaeb51a,19930104,78130953546,男
20090112,女,332769200901127161,公石霄,ba27a84a87f92c4472a6db68acb6fa7b,7464,78497095237,thecosmosgreenm
TuuuNyaJoyChou93,406191199009289881,7465,女,ff1a3f7bb996545dcfd1ac4b4116436f,19900928,索彩燕,77411023664
77215388113,3717ddbceaed4e9499be393d4c93d575,liliangymlsec,20150910,248095201509103539,7466,辛文滨,男
7467,122955201912056766,chenhuileixiao,79576061507,女,关龙叶飞,20191205,397b7469115072b4d313819c0a8a437d
农盼烟,00040a3c30256fd36e45528479b7a048,女,74985049294,7468,19820923,ksowolilanying,789136198209231886
75039138727,chenxiamianhuage,19720725,女,009347197207250480,7469,连青槐,3d41c695e308d9beac1f4713c12044e1
065871200206078323,79699920405,7470,女,chenleiyulige,7e6176a2346359a03f70e20a6c91619a,璩开畅,20020607
7471,20020311,f9052514c95568455b7b6a98165d4d2e,信都泰然,chenfeiwangjianhua,女,021391200203118649,73727496400
115873197106266645,女,19710626,4a3b9198b850764c711aa47f9bb225c1,79829009062,贡鸿宝,wangkaiNu1L,7472
女,公正宸,73060323891,7473,19750418,505704197504184949,87c5e40643335f2577bce033c50759a1,chenlingsusers
7474,0e4fb194204c46fa3810030c9198cee1,256697199004163275,东楼映之,76745100855,ThunderJiewangchao,男,19900416
454a83e48febe32731a3d9467a3d2179,jgeekWupco,76673400148,牛叶飞,988114197912318661,女,7475,19791231
7476,75180899478,e67c10a4c8fbfc0c400e047bb9a056a1,19880214,022087198802147863,Dispa1rbywalks,隗鹏赋,女
921077197005156446,e51447269e6df2d0c287dc1327e7b142,78382961708,19700515,傅谷蓝,7477,wangtaoliaoxinxi,女
liuqinadmin,73892264278,c2d7d12ead538350a0da4b8afb061d3d,7478,男,云桂芳,20150810,760835201508105171
7479,19731104,blackh4tlixiurong,73132813274,191332197311043244,ca43fd49dd065a0e98abcd237d14b5f6,女,巢兴平
7480,afb2c3cc1d73156b46331c265ed6c86e,runtimeshu,东楼勰,女,887349198003303148,19800330,78721600199
73611786391,zhoubolineternalsakura,ffe471e92209c1fca3731587703ab0da,19921012,男,严笑旋,855368199210122733,7481
803654198705165818,满昊穹,78292391869,男,sayhi2urmomwangmin,abfcf0fd81a6c0bfde598cbe58865a27,19870516,7482
7483,75578915958,19840118,7f2ce105b21e7de0aad4e78e92671ec8,TiaonmmnFlanker,宋佳思,414387198401189131,男
DecadeGorgias,1a9b4c5c5858e22fcdd66b2d0558e40f,卞竹雨,7484,20120324,75609835093,945672201203244356,男
女,219fd17494f2c629a1d19d1d5d528e24,92590819770614056X,75907745876,7485,19770614,zhangguilanxiaomi,范颖
retmeklaus,994430198603287039,男,75098750141,7486,19860328,0e9a7095ee1695769de10cac8f323132,仲孙仪文
994090199502286933,男,7487,73016631348,19950228,史箫吟,46c2ff387d21560a825e2c0d5171df9a,timeshupurpleroc
74085261999,7488,zcbmhf1TimeSHU,19870803,男,095277198708037776,9c0b530bc962281ad277b044b824c7bc,何丘东
lightlesscodemonster,69161c91d2e76f3430b1e1ca1151383c,19750214,7489,396774197502149647,74567951587,女,公为绿蕊
huachuantingyuNuclearAtklcxcc,19920719,3b5af9257f850ac0b32280bc397b5ed0,男,郭星火,74973617309,7490,595309199207192710
996d296733135d03af561d5ba3a97a14,7491,男,230619199303156413,苏恬静,79117898674,19930315,lixiumeilinkarticles
7492,男,77837664604,523692197108012115,19710801,乘马羽莹,3a00edd3507e4420918fb0047de3d705,ph0rseFirmy
7493,coco413chenling,男,20010806,73351439185,180255200108060314,bf032f2b960a1c2fed89a4d656ffc778,公荆光赫
74081107734,7494,19760827,lyyshasibite,女,莘兴为,866474197608273327,f189059ff9dac904183568acdabdc31d
7495,男,L4ttIc3zhangbo,78140185332,7eaf0581359cdf42fdeeafeb5912da03,913181199910119273,居吉玉,19991011
7496,liqinRocky,7fa8282ad93047a4d6fe6111c93b308a,19850615,女,伶舟彤雯,491845198506154782,77778427404
7497,77813620464,oneliuwei,b69f652417da6693d016ce444baa1b1c,19730426,459914197304268032,男,杜雨燕
女,Bibiit,333488199003125664,19900312,77633010121,倪念珍,70902144108e936a4abe08f2d426bf30,7498
7499,149775200810202689,75797862898,d80fc6adc453bdc7ba36d0db7ec51145,女,20081020,武炫,brucetgo0xmuhe
224149200710018876,男,79533708676,7500,38961406f5ce0cb4f07e5490704eb4c8,20071001,Ylleny11enneargle,党熙华
19720603,7501,259160197206038484,03f8a7319a686366916bc917301bcc30,kirinsayCyc1e,女,云媛女,75380923176
戚绿柏,c40ff32ec66d6f75fbab893919a7994c,73133953449,7502,20080119,女,973173200801199469,0x002chaojidaheimao
7503,20080725,wwwnxadmin,963815200807259066,女,申芦雪,85127fb834f4fb6ee62be75f1a54d356,77559246131
L4oZu1gloxec,7504,邱兰芳,987458198104290943,19810429,77838550328,女,1c0c0f92c88190dd00f0df8b3c90d3d2
19720818,卞静槐,78949528705,300996197208189565,XMUPh0en1xCaligo,ff84681ac8d5e8226677c24b11ca3aa5,女,7505
zhangshuying,7506,男,391205199402028332,b89399eb7f443fc47a560c018d65e522,谈佩,76684383157,19940202
78949838422,7507,retme7tasfa,975136199012131968,女,63f40d51fe210de3aceffcb9430de358,19901213,晏贞静
7508,女,19751125,77401177079,n0tr00tSecurityTeamlorexxar,戴悦爱,837867197511254887,b3129330d9f129f5649f4d40ce3856ae
73404571453,XDSECBywalks,19990910,f1aec148173e3c9b5ce63e9aff83b782,沈囡囡,664191199909105669,女,7509
ca4ce05ebdf43a66f9dd3dffdf332a49,75332215920,7510,男,20140301,何兰月,848836201403016010,wolvezseebug
19910219,女,79568909015,systemwangyan,7b88507351dfc2c1459670325a2643a4,聂谷冬,7511,471217199102192363
826153198206234623,50bd4fc6b34d1beb6089df90f7518dbf,79510745523,7512,luhreyharold,女,19820623,慕琳竣
507092199803129418,3591bca080a70da677d35e4f4ebd5205,19980312,胡姜,coco413wangzhiqiang,男,7513,79884867547
74717132555,毋昊,7514,northityTomatoTom4t0,男,841115197509165879,6a12fde7a70dadb88fa613bb85941883,19750916
weaponxguochandaxiongmao,男,599357198208050730,e09f0ff43ab248cd3ed595672efcdd35,7515,75890907950,侯冈逸仙,19820805
klkxzhangzhiqiang,女,e460944e22be02d908843f9fb835469c,19920131,138177199201312040,73760270171,7516,钭夏尔
7517,558856200610273660,耿铿,5df5ee79200f8484419828fbc4aa8551,loudongshidaiavfisher,20061027,78770818113,女
76647567870,473367197402222722,d7c3008d80cbe8f8eaf4252fcd04a5dc,逢博明,7518,19740222,女,JrXnmzhanglei
6160b76a2d54a1cad786ad296cdae5b8,hacktechjiangsir,燕国安,7519,499297202006124616,78423974760,20200612,男
164922201806014732,7520,74029636672,7elldamit5,26d68d9b474e541ab43961df03cc2f25,师琼英,20180601,男
75801396887,90984319700715371X,wolvez3gstudent,邰代芙,f617cf8c5d652054053d40d0270ddeab,7521,男,19700715
庞如凡,79577772148,7522,859194199310164864,19931016,a7e133852c4475d89fc4602d23aca7d5,女,nxadminwangyu
女,75761622925,kimmuseljh,586011200902264683,20090226,8cc204a997b0c371495ee57902960b96,燕韵梅,7523
男,7524,19760411,0cf9a2f27fceb671b7b34c6ddf7e3238,公刘沅,167000197604115419,zhangmeilaworigin,73908290993
73630187219,liyantest01,19890702,男,7525,897341198907021216,唐澉,a92038e409057da86a573eadc554a91a
7526,621844198803294587,女,wukongchenjun,19880329,蔚元龙,75781307239,8501615d1b63fa85648415400a41ef5f
wanglizeddyu,058592197311211669,19731121,73879091543,容媛,7527,1b2f44cfb2f0d33535f713297ff30465,女
75815365145,19750329,038479197503296046,7528,1e14be80921ab2e62bffc3d47967305a,女,Firmystrcpy,周宏恺
20090810,342d9a74bc8409f46781322b0966bdfa,7529,64657220090810891X,78426310805,男,flag0idoge,祝墨
78660890863,女,785106198006016527,19800601,liuyuhualiguihua,7530,空芬璇,18b20aaae4b3de1a47e21fd4eca402cb
赵逸馨,73620190877,981899199009233981,a543b504288d106a0b5f9b0292c814ff,comsimeonjoychou,女,7531,19900923
女,c9751b0af2bbc72e909f818a2814e85c,jgeekyangjing,公齐英资,19890924,78322559345,7532,936604198909242721
sari3lwangrui,伊芳荃,7533,9e10878220653d75ba1e788435166db5,78358628467,20050330,998504200503309452,男
20130312,631b580205a4b09bb917b81a2fee04e8,zsxsoftlufeirider,水幻珊,男,569522201303127134,7534,75941328862
逢平夏,73449078759,032138fcb9d449c2fc9d5805d214bdef,7535,19951015,617055199510158753,男,H4lo4ch12dy
801744201501263083,7536,75004516523,满鸿远,virtua1nianqian,女,1c051ddf67d3ad59b4125ff263d90e64,20150126
钟飞鸿,女,20041214,79925014845,ca869b885e16e8f7cfcc8b4c6b4f5567,projectmoonwulidecade,814492200412148782,7537
gh0stkeyx14hack,19980319,苏滢,男,796697199803193679,78362348346,7538,5239ca91d88e6f217ec9b8b2cbb790ba
8b6fff6106ae0fbe753030406f0b1006,7539,848110200101312571,20010131,男,79923481389,须合,lijianliumin
evalbugzhangrui,613074199706165125,女,75998746760,890c15a688a1ad0dd745ede5dfc93191,19970616,7540,沃丹丹
南郭光誉,20020427,703213200204275768,a3ace65d5530850f292b5c005f511d3a,77270353261,女,7541,zhangfankim
7542,20080404,女,77352919479,6b581f425b30156f368bdfefe0a17446,liweiTr3jerCongRong,640706200804048328,宫菡梅
7543,仆固莉娜,20201031,kimwangqin,78378469059,男,100085202010314779,a74e014e7b1e89e1255284e498301eb3
1bece617c97c5354ac5127eb75bd4b51,wangjianclub,7544,158849201101038116,20110103,符语风,74585895827,男
7545,女,691977199102267447,76731402626,19910226,茅理全,d109043605b16e558cd34dcf51aecf0e,lyyL4oZu1
zeroyuevoA,b0577cb1949b63888da52d40b6c8b4b0,屯浑松,女,78315595274,20190729,7546,798784201907294920
78976842275,叔先听南,fba84299aff8e7199d960a4749a8bca1,7547,20170425,566467201704254534,男,wanghongmeiml
厉琳溪,1beefe248a92b407f669a2be13de57b6,7548,女,76693550264,586588201609047546,20160904,meichuandikuGoodboy
毋成弘,407056199201316364,女,7549,78910831443,apenghone,ac22f66d99d1b37ba566215ddade0af2,19920131
02fabacee4ff5842e2145c55e6710f69,7550,幸一凡,女,19890809,auxywangxiurong,385985198908092347,73067984621
325885199111050324,73966734857,Tracylin2zhen,女,f438e79d1d57630d5d4a337770420c7d,7551,19911105,公保时
男,7552,19750810,bfacad827f63a0cebb4ad2819e4f42fa,745316197508108132,刘成弘,75991492009,oschinazerokeeper
925010199306080950,7553,蒯曼卉,74691122016,9d9b44a882b943442ca90dcbc0a97b3f,wanghuaqianhaojun,男,19930608
7554,78304160796,210235198702138837,19870213,索俣,11fae5cd76b59348555961a033846253,男,wangshulanjiheme7ell
7555,74632795242,0beec0ad6b949be179f53495f361e89b,Lcym3lon,19881201,625541198812011639,男,公俊健
268481197510077815,19751007,男,234702deb72a632f30ca98a61fd3dd06,7556,沈叶飞,zhanghaoPa55w0rd,75855330819
596f38e8d222576d9b9f0cbecf3f88ba,7557,73522911597,男,东乡蒲,19910306,205924199103068714,wangyuAtum
79075409645,311988201608299327,20160829,se7enseczhangfengying,殷涟,7558,136de8d8eebd7c08a09afde0d9f29d1d,女
sshcomu9c3ca1ca4784,90925719910825897X,75234904078,男,a51578d7edec0f7758f7d4547bd790a9,萧飞沉,7559,19910825
78454703695,145793197605224154,7560,男,lufe1xi4or0uji,f046b98c83c95c9a1cfeb25bc6f183fa,公休秀君,19760522
737407201901145755,78112335626,7561,20190114,男,wangyanpaper,c26aca5e6391e26ca3082d47da88a588,穆日
男,e931ec148922f792b50ec1a14a09c8ab,77617068473,7562,19750131,叶烁,huangxiuyinglixiufang,237429197501315453
女,19780811,74710250967,合博立轩,637445197808111441,bfa0b25e3c04fa8dcf9258edee69a3b5,7563,infoliguizhen
693099199305301933,7564,安韵流,73544595388,wanglijuanEthan,1fc617487fc2671fc536a00f1673701a,男,19930530
f3e82d5f3f5743157decc86ac069e7e4,女,19970214,公为琛,lightrainsTime,861775199702145281,7565,79311478934
19911112,女,7566,3b4b1b579353a17a41c579d308bf6602,姚嘉庆,375680199111124529,NoneGirlIuh1oid,79810586944
7567,4a9d46d0954a579123d095baf6f58dbd,wanglilijinglingshu,79349939121,374467197208223951,水巧娜,男,19720822
男,77448354443,183b8e7f41234bb0abaf619f2fa2da32,devsqlGroupT00,7568,19821002,聂莎莎,084194198210027675
78661772483,Ethanzhangfeng,7569,19770531,377821197705317452,男,侯冈高峻,56d629c9666b4b903822acc663f22cb4
7570,wangleiJaky,20181227,幸微婉,c2b253f2224c58f14af3902178a6106f,女,77496159158,772971201812275540
401336197110112223,19711011,79183174783,08d07aa839ddbf8c4712a529b7aca986,燕梓楠,女,wangjingflanker017,7571
XDSEC,7572,6dc3574ea121a110e85e774a2a8e08a3,73731805381,女,511782201102041466,20110204,尤晓楠
19830612,shengqi158superuser,湛菲,73565997759,93a9e5bb1d598a453606e890f72bd393,209779198306124310,7573,男
647479197905319477,7574,男,zhangyanliuna,19790531,78629353350,7b3533a3faccf17f97a317d898de0880,耿佺
女,20060209,74846491894,907682200602091820,f149f8da4d15b50aff473b48731955ed,7575,zo1rozhangxue,仉督修德
77823516136,340935199504186979,7576,龚映寒,19950418,AdminTonyb1cx,男,68f5616cf163203e35921761ab05d3ba
KINGXCyru1s,77281662104,公尚草,女,672804200409301282,7577,bd384d12d27b8446e047e9f9a0a3694c,20040930
公都菀,908212199601307065,7578,ab172e2f54ac81ff081355acdc3dcff6,78376218390,女,19960130,jiangsirsafeinfo
男,2a83d998c7b62052761a85c66b1837aa,zhangkunsher10ck,那嘉勋,19800202,575927198002021974,74905874873,7579
7580,79928720512,20190712,元亓博远,220589201907129047,ShadowGlintnotwo1f,女,587683741317ec11cbb8889a98ab7bb0
f3643a4100fc35fcec9864aa2fc3e9d1,liupingwangxiyu,159648198905266957,温逸思,男,19890526,73242777147,7581
女,962919201802166164,20180216,7582,Pav1processor,73524341011,公祈秀如,0c1c82ed268fef11c006ebfe455a2aac
女,20060111,75239137529,巩伯萦怀,8ce8cec2ca38bff84a3cd67f5f0614f0,yangtaojianshu,7583,515937200601115827
19931228,7584,女,642586199312283169,3comwangrong,cb91186b96bb76683afa26890993767e,75034404271,隆仪
岑雨双,huntingdayzhijie,c2deaa9b3c01b54a75076147df1812e3,男,7585,78718089220,486609201802231253,20180223
共叔文赋,20050630,98b23cc233a4786f9cb0befebf04d32f,75997320050630843X,男,79869432612,7586,Micro8lsafe
19720112,桂部,女,f947e062721a008a1e170023cfe1eddd,401702197201126020,73177120751,lz1yzhangqin,7587
78395377288,公广浩博,7588,965972199108226387,Threezh1wang,99c00d1610cbba7ba966b699cbc317a1,19910822,女
女,7520c6d6457f2ae956d17653861fb296,20070523,7589,77844538735,东陵泰和,SarielDzer0i3,470863200705234142
74571621429,上官海女,7590,RickGrayweaponx,577815198509173185,19850917,e61bfe4c64b7abe116dd5e6d02f2474b,女
sayhi2urmomml,057003199911039455,7c80744b30b7eed947825c78961ed87c,19991103,7591,79689801289,湛纯洁,男
7592,25827c045477a5ab1855835af0d2e739,曹学义,男,74968711565,sh1yanliujia,707946198108209874,19810820
notwo1fwangfengying,女,20130923,空一禾,7593,73082140741,26a0c149f07d11dec31ce2c1d93afc2a,376502201309236960
941b5202b2b38125f70d1b3e76d40997,7594,屈弘壮,75026240798,Peterpan0927liulei,20180630,男,603913201806309936
7595,jarviswangGodot,249801200709053214,20070905,男,73934632049,公敛平惠,a3493c5e46504229532feebb4e75d12a
118435201701163722,女,7596,东方经武,20170116,caucfarbox,1b08936f62020f5010d30eaa78f7d6b5,77537172291
BerTrAMsec,124062198902268281,75013245502,女,19890226,居轩,e9a556142dca646a1ffe43629216ba82,7597
b39ddc641ea54b7b6ae335c382dee2c0,firmianaytoday,20081018,王官彨,男,712243200810188911,7598,77596960817
duzidengdaisari3l,297207198404266713,费艺萍,男,19840426,7599,73958873403,0e0797dec99c1f791ec78cb43e00276c
7600,73535564115,wangguixiangliujianhua,19760804,086b82e9bc648b2d4c72800c188022a4,吉胡和暖,08730419760804965X,男
74976792693,7601,3as0nwebadmin,女,823247198602250946,19860225,63cdc636883ccf472001be465e57a778,祝山芙
7602,师贵,282197198803197113,73018397478,369485d2603a1ed391729268616d62c2,19880319,lilingPasser6y,男
女,7603,Patriliclteam,19750819,阴七微,e43e703eda869130a9627a4937de9254,76642317477,00780419750819684X
095321197505033037,温迎蕾,wangjianjunlixiufang,19750503,1607cd2c97fd6d798b720c1187bf4aec,7604,75182435282,男
1d34ec301a333401f91d3abaaa034502,74753612895,Lucienwangning,女,7605,782449198110183724,19811018,公文安波
dr0opJoyChou,fff3d417929f4b26ba4ef4f7315aedea,75737762926,19810219,程云韶,男,857001198102192515,7606
8f5e5dfb80af53f309693b2fcd237a09,20040725,blogspotchenhong,77573139367,7607,042477200407251372,男,合博修能
392290200506173752,Vicenxiaozhi,0a8374c1cdc20d8aa688d0161d09b622,75377003712,7608,20050617,男,钱恺玲
47c27b8b07698f19a974fb4fffd0194a,扶紫薇,7609,yangliuWe5ter,339836198903045578,男,19890304,77495953980
7610,136868201705219982,邴子瑜,77662416907,SarielDb404,女,bc7a30fff6fc4c0ba6f28cbb8ce55c9d,20170521
7611,19740305,Xishirzhangguizhen,6222ebd74794ad6d6619e8eb221250d6,窦公正雅,137559197403051220,77422018138,女
7612,焦情,444497200311226668,79877662140,fuyunzhaolusayhi,1cd89c248a0bb025def2e779c3e4a4dc,20031122,女
男,wangxiufangcws6,20141217,be3deaa7481e55b7d6c7eb86e3de0e51,74706163669,7613,234442201412174238,庾荷
73875326490,Tracyanhkgg,19890326,女,7614,ad762cd84cb11b09b494344bb51e642f,762477198903263865,巩伯思源
19940907,2c932a9b677cdbdd6d023b9fe7d6fd1a,77186921716,空伟志,7615,797917199409071118,男,Wooyaaxuwei
2625a919328ecd0e6a0835208a15d72c,lmxspacecomview,7616,298323200201265354,鲍美,男,79648385944,20020126
338278197411308410,乘马茜茜,7617,78089613122,男,f464b5826ecf4032c883489d00981072,19741130,clubyunyu
liukaijiheme7ell,女,7618,73250221211,昌永贞,411f0c5a8974636dac71bc801251e697,78316719820430722X,19820430
947673200204082786,b1cxtest404,b3496339a366a7798a268436017652fc,75510242296,7619,女,20020408,习学
74017320639,1e063b03aa5f9e40850167bc85e54f94,7620,暨笑旋,269863199609278333,19960927,男,rdposchina
葛雪翎,615257199911129912,7621,19991112,3d65f005a9feef1baeb31966b9abfb2d,77742258070,男,gaofengSwing
Twosmi1e0xmuhe,19981011,73113771492,ad450b31406e9b213d549c0eba86e74a,7622,691012199810114161,女,鲁濮
380847201701070980,01b254c5cfa87d2290ec2b6ab857a9fd,75241504120,雍玄雅,女,20170107,7623,liuliimlonghao
Weaponxfuyunzhaolu,78035510584,公玉菊霞,男,7624,392589201604223130,20160422,a5bc9ed221d017cc6e8e62622d27f402
女,76746403229,lunlunSUS,812541202007272889,20200727,7625,殷允,fde5b3587efa26c84e31688fb1e67897
fi9coderthinkings,19860304,261893198603040718,伊艳蓉,男,6590bc242fe6ac538d759e3a230dd168,78618529912,7626
20121024,燕梓洁,7627,v4kst1zchenying,64326e9699fa2c4b23551b40cb8db34b,77819337367,男,663444201210247859
逢修能,男,744550198805236218,7628,19880523,77790681010,040b7cf4a55014e185813e0644502ea9,123dayulaworigin
04990dedbe67bf13e9ed4ce32471d37e,75716695677,男,闻恬萍,528448198006217876,19800621,7629,r3kapigHcamael
73094884125,蒲修洁,liuhaoPh0rse,844529198907184482,7630,19890718,女,d9e1aabe63ae1f6835f87ad33d71387f
871142199510143152,褚雁凡,7631,男,73155468048,19951014,a8ead00993aca02ec840f52c32692714,DMwangyang
143101197003303646,comu121bf0f6b3d2rai4over,7632,19700330,邬嫂,d27f77725d509ca70556da525aa87e89,女,75254765061
a34622810bb566e39ffa7f4fd429fe6a,74747576029,郑丹翠,20031122,7633,女,liubocode2sec,137330200311227066
931552200607013828,77860395661,ea3a932e73d8e102b3bc171ade1e03c6,zhanglingac,女,7634,20060701,糜婉淑
jinglingshusuperfish,20040704,男,7635,75854011777,1c91976ebb44cc6d7480be4ae168ff82,咸天工,181939200407048410
19720523,7636,2babfe2b2bcc4c5dc6ec8b998b6a2dfa,91315619720523975X,逢寻云,sari3lDecade,75913386483,男
user1aq,19880729,79313480491,983996198807293579,b7998ca90442806783bf6b93d93ad2a8,男,晏含香,7637
74007965787,fupingspace,7638,402538199404115159,19940411,乘马弛,f22cb1b9b90b818153f94b160e64fb65,男
叔促缨,guoguangmongodb,69812819710701981X,74621991231,7639,男,19710701,78863f9c7673f0b1af2c010aebe3a2eb
丘陵晓灵,20110208,7640,zhangmingm3lon,c4045126090f7be5f20f12f5a9d917ae,女,73128953541,957451201102085625
7641,351449201411015621,公丘巧茹,74518531328,omaebicMisakiKata,女,2d85f417e1def0d904574c043ae2470f,20141101
戚浩思,79370815184,7642,男,19930621,a7c3398c91e4e6d703c7bc9584012953,vipLionEiJonson,543308199306213014
蔡成化,026127197810173680,19781017,ad388f58af5fa462a934539b054933f1,7643,78014890935,女,wzflanker017
男,19851222,7644,149847198512223553,中叔弛,mozhucyomaebic,eda2ff31be781e5fd7bf6d23ccd67749,73374682504
177437197509102827,78147284184,女,7645,c0cd16243e039581c968bc56fb2fefb3,钱淑婉,19750910,testsecice
adf4661fe6715ed47954193e68b63036,女,20160523,628776201605235945,74832647708,iswinYokeen,羿善,7646
7647,75929938211,20090920,957608200909202981,麴柔婉,女,7218ef3ee0f9774f1def88220912748e,huanyuesunxiuying
男,200273200802138136,1a11d8f58a56fb2f6467caf191b2a48a,safe6gloxec,7648,越芳懿,20080213,78696676141
温杰,女,0223af7ad7fb3306b85427e92de59bfd,7649,apengqiyou,20160515,73943968736,756945201605158680
73181843463,68279120070814184X,女,20070814,7650,公良龙艳,plz227,322fe7ac6a01c0d0cfeed428ae819f29
135470197709080738,rebeyondhackingarticles,7651,男,19770908,74853568594,单于娜娜,452a2755b15c4f8574981895929b2d14
20120802,贝如天,38142420120802554X,7652,Saltzhanglin,女,1a043488b369c7ebd8776487eb4625b2,75369195916
77392155719,comxnianq,7653,崎邱建华,19900605,c1a23116461d5856f98ee072ea319bc9,男,794624199006058976
77745921942,7654,汲炎,19870705,823d541895dbe1109828ad45cf7d03ac,945226198707051924,wangshuzhenwangqin,女
6ebcf03ed52fe3207e579205245a2f7f,wangjunzhuiguangzhe,7655,男,77301739455,农杨柳,620747197507220813,19750722
女,7656,74726268489,bf31b370c2e53dad9f5516e2447f0b9e,20130703,赵琴雪,Changochenzhanghua,418755201307032022
男,谈珹,74912957722,csdnzeddyu,20161019,f4f51b98002e80667c9f1e4f881aff4c,058942201610194413,7657
737643198506031362,傅玉英,7658,19850603,zhangling0h1in9e,75042983822,女,b52fbb252dcce9b90fd61c4d06f56259
7659,liyonglixuemei,女,844483201903110029,78748495267,2249ef08f7a8b1e220eed8c8a8177848,20190311,沈鹏天
20130829,7660,914343201308292958,男,BurningCodeschenyun,1d67ce852f530301defba0f1da89c5de,从彭彭,78086801998
男,侯冈仪文,757372197605292132,19760529,733153105b838701f4ff5424e536cef9,7661,78275511761,Timetangguo
77750658935,67ba3866796c382c71c5e9649d567e9b,富妍彤,MagicZerovirtua1,7662,男,20070510,933785200705107959
jkmegv7,男,d4c3e9684db8063a556d131bc1ffc809,367885198709089033,7663,19870908,公输星海,78205755425
zsxBrucetg,19810514,79006047416,7d87bef681ffe2578332feffa607f585,男,邴林,7664,349054198105148135
912486197501087344,女,79515672687,SycloverSecurityTeamXDSEC,茹凡白,19750108,f517bb52001083677414991479e8e93a,7665
7666,163851199803198375,a83f057ced6663ba93f54ed855272e4f,男,扈丽美,79008645285,Godotwangai,19980319
huntingdayMagicZero,7667,27546219700508052X,女,77164638928,19700508,夏昊苍,322e403d9618afa44c8a1e414557e6e8
20010418,女,0e0b56a5a2e8e86fb55c7d173f70f824,7668,127053200104186325,姜友易,k1n9Weaponx,74077424983
WangYihangwangguiying,20170824,698411201708240251,77730844359,7669,男,龚恺乐,78c12aab053944568c9d9754f806ced0
7670,女,d4m1tswangxin,73933530743,033321200606067465,公舌仪,20060606,0b45b8fb58841cc6343e0f87f195554c
77479314269,郏丽佳,31cfe5d465dd688745148224a8739924,7671,20000420,男,78563520000420083X,clubzhangpeng
f3844bdefde2f5d14b21e4d374a8ba67,496028198709164774,7672,男,yanglinsm0nk,东陵吏,73021754562,19870916
037999197711213921,19771121,公仲伶俐,zeddyuliaoxinxi,7673,418070db950f2a48c6c5cb496a4824fc,女,78035295825
flanker017wanghao,f0d31e11272696d7f327449c06c60ae9,78395621767,女,19710222,崔昂,7674,539589197102228066
73850012071,女,032527198610086085,exiahanFirmy,62c8ad0a15d9d1ca38d5dee762a16e01,19861008,合博玉华,7675
7676,19790624,c49fd25565dd0957a273f8e7aecc6f93,男,124755197906242919,78445001396,晏日,hachp1iami
847149201005084248,qianlantest01,7af21db02fabd261a3327fd0bcb6a88a,女,7677,77458336100,20100508,南门冰烟
19730621,男,77717517106,9b1e37cc5591667840d1a7b1db84fddf,950849197306217911,于飞鸿,7678,shentoushidaohangchenhua
435932201702216945,78547191915,简水舞,7679,a2643c1c0f77fd160f59253f9d8e09fa,PwnGogMitAh,20170221,女
女,75827293968,kctfliming,7680,717576201703180669,20170318,尹钢,68df67565f42de37b34556d91bad54b5
叔先雨茹,650c2112ed32c5c1dbe669f7f997b909,女,7681,131409199304165163,lihongmeisqlserver,19930416,77666208897
287075d687ced1f68f2ceadd581dfd5b,男,阎雅阳,lixiuyunxiaoyu,7682,537062201908197756,20190819,75322148421
79881379665,7683,严银玲,tonghuarootacheng,19920417,女,816273199204172768,0204da98d430dc5d8457e4a2c6ea8a95
女,ricterzwangjinfeng,公输铎,75831713561,135828201910297224,6c9840178feaac6d801008c9248210c2,20191029,7684
77845571602,男,355cb6753b51bd623c427111c228ef2d,19970502,齐玉韵,xinanzhiluRidter,504929199705029255,7685
7686,邰惠,77638552605,892255197104100934,a5575288bcb6ab57b111a0eb409762e6,19710410,男,liuyanhpdoger
7687,73874939146,todayzhangjie,男,20180814,印允,894890201808142916,43154092e9583cd4d79542ac429ea4f5
861655197002099069,7688,561c76399f0d6468b87f415d2f795e99,伏羲长丽,19700209,wangpingwanglei,女,75976872410
7689,男,19831107,73683685245,299206198311072851,王官翰采,qvq,a64adecfb22fa1b998378e527acb0c1f
75952977507,077927201111095866,7690,20111109,松青香,chybetascanfsec,女,7898d3226fab0b99637b21ea52a633f1
390134198407225934,wangguilanbrucetg,蓬会雯,男,7691,75656856547,0a11b15560205c7b9abab25c1bda9a3b,19840722
499371201707216051,HackSafewangzhidaohangchenyan,7692,符玲琅,79515121886,20170721,男,9af5acb00911157fb1925b1c783ba047
20150912,78940383906,80e7dc2bda7929adca4a1e207abeeead,903874201509125717,余晓慧,7693,男,notwo1fabcdefghijklmnopqrst
a4e1cddd1ab6306555b59d28ba962e67,wangdongforeversong,家琇莹,7694,79656450496,男,19821230,492922198212302534
75911993621,c0ny1wangyihang,19920513,a92413618e721eea969928720217e3ef,男,7695,出连秋玉,018403199205131014
女,e3190a97ddee5f115154285ea3b41cd8,450419200711157963,公若涵涵,78467076228,7696,20071115,securitywuyangjun
7697,symbo1root,敖银玲,594557197607184260,19760718,21531914e100e41d15c0b4166ec146a7,女,73320589658
495495199309217617,zhangmincomubf30f18c872c,男,19930921,79895105126,6c7c7d8fe042e496bc57369383c3ebca,闻竦,7698
34fb433bd9191a94856617ca7c4931b0,女,daizibukaikouliyumei,78677598594,19800401,7699,087159198004016821,宋元武
7700,b00185243fcb00f5b99c795dea64c646,孙萦心,女,522773201104053264,shasibitewanghua,76610829317,20110405
19710814,7701,窦瑞,女,liganglitao,73616436166,442857197108148283,cc1a5bd362c81be034daec7cf08a8a65
3d09f361e5aae5e266ea81de27d8c89b,莘生文,comviewliqiang,女,7702,19780701,549850197807016541,75187235314
hachp1ink,19870515,bc664126674483a3b5af129260d4ac16,公刘瑜,男,289080198705151457,73789959026,7703
男,edbe9171553c395825bed47438b99847,175887200607271614,20060727,78385933637,端木半芹,pzhxbzxishir,7704
女,7705,059550201601258648,77884958961,wooyaamoe,20160125,ff26177d23739c063cf2e7b442ed3540,公刘心慈
7706,b0f2d1b59f89c9f005dc9c8bc0fba30b,217930201709219389,20170921,73999677482,女,SukaraLinw8ayy,杜元瑶
zhangjianguoVirink,7707,925906200712176632,ab2d93457f82ab72e413ad2343c46a81,76773723435,男,20071217,怀建华
19820121,男,74056321228,7708,881815198201211955,68ebeece7e5c3f8b141e35eb84ff307a,禹庭,ittopsrc
e3ceb5881a0a1fdaad01296d7554868d,7709,公何瑗,597150197901142551,73705882013,19790114,yangpingzhangfeng,男
女,雷昊焱,812334197801242363,firmianaycomu121bf0f6b3d2,7710,3da3bd8a41dbe061680c2bd79493d47a,74677330832,19780124
79602773216,公都妍雅,66f307ba000268145271912779f39ad2,20190814,435236201908141827,7711,weblogicchenyuying,女
7712,368561199203067628,77106110303,19920306,Neargleanyu,女,漕芳,0d06fd8cb26eb57f1a690f493663cc55
男,20050212,919905200502121719,7713,vipnobb,73991094384,1f051451a84182f14322ffa04dc23e5b,彭阳曜
女,7714,onlyfreeshengqi158,7937143f03e3b19bfbd9d6254743b194,75144463953,惠雁芙,19911207,667913199112076124
男,边姗婷,419055198506223532,19850622,wangpingtr1pleWfzsec,78582586062,7715,21f0d43ad06b4f7f391f83a097894ac5
熊菀,d47bd33854a15e8ec9e0819416db2507,男,7716,nxadminXman,75715448650,19880628,680538198806281251
75194426915,188579200306023666,20030602,公金以蕊,女,wangjuan0x584A,7717,d13bfdeebb2159f5b7090cc3653040ee
男,78475788895,公文浩博,607931198908027376,19890802,7718,MrSongGetFlag,7b879dfe0399ccd06c32bb2f619f6b15
f1d6786a2e5a3e99fbe3d2d61069c579,端木绛,77909820171025288X,20171025,Muras4kibabyJessicaweb,79971670804,女,7719
叶巍奕,110170198103199654,7720,男,Cosmosr3kapig,58baf12c4e5dbd89b21dba0527f347db,19810319,78817179932
7721,runwangyuzhen,19991126,73396150498,967825199911269476,f0b6883e3d4e421fc8ad6c1f4a2d6755,男,花泰华
133955201912287815,7722,堵伶俐,wonderkuntoday,75882232311,20191228,5a690d842935c51f26f473e025c1b97a,男
男,59093120180827897X,77143651868,关妙,20180827,4fa722e0bf5820e53821cbedf295399d,7723,wangfeiwangjianhua
公正博文,78653326480,7724,746610197109254377,9f745f5a603eac0ebbe9b6aadf313d11,19710925,男,qiankejiuguanluntann0b0dycn
20100505,620776201005054473,男,7725,ee3d3d97aebe015bb6bdbf9b4219a1ca,yangjuanzhoujie,78011687455,富康顺
男,74777167417,穿封惋洁,19891124,PoacherBrieflyX,267228198911240477,7726,338fadff120fe8c6b02d39a3c9bead76
725979197801256382,0xMJlovei,79152290791,女,7727,28b26122d0e33c1f3646365d6ca8e5ad,19780125,郎月
7728,简子欣,Honeduzidengdai,77392694894,064041200707251427,74936da3eea3888b31aebcb087b7a8c4,20070725,女
78324679720,幸雅静,wangfengliukai,9e9c2b84a84bddba5afe8bec89336357,7729,女,058092199708274926,19970827
19770831,560592197708319136,7730,1b2d739ad85aead6860a00300e050494,彭韶美,男,73766631669,WinterSunNetfairy
77393756842,7731,女,wangganghexincaijiji,崔倪,782785201509039544,f7948c154b66ec411fd0591b54d9fec0,20150903
19760706,77106054763,7732,mapleWy,女,79fc90d0d01ce23324d911a8fcb73a4d,水流婉,773188197607064221
7733,濮书萱,wangchunmeitimeshu,女,20180531,04106520180531614X,57a94cd199b4404ee5718cb8884b9d49,75609027496
blogspotMagicZero,女,74611221524,戴新林,7734,19850327,130f0fc69ab694cf3ddac966232d3d9d,477141198503276248
lifengyingwangsongstriker,居晓巧,78938164064,男,421956198405188379,d437df002f7a5c8555c107af8a643977,19840518,7735
萧米莱,1b59cedf1bda35fcad21a37814cbb1a4,19750318,774224197503189569,wangyuhuaricterz,女,74021317948,7736
902372197008094553,19700809,男,tonghuarootliying,208960d1e5ea1dbb72f681dbe0596d82,7737,78893535509,乜诤
618609198111023457,rootzhangmei,7738,44c3d2d06bafac281b25bcf34caaed62,男,74573235461,19811102,公金平蓝
7739,se7ensecyangxiuzhen,79877919028,郜景胜,20190318,男,898084201903181051,e7607d2de29219a2eba4a6a9dc17aea0
769ffc6dedfa29a880f064cc3a13361b,男,7740,706978201302127631,liminlostwolf,77593305375,丘丽平蓝,20130212
3382531666b02c54ac09271d833eb4f4,77342344973,TuuuNyaklionsec,035721197211300073,19721130,7741,堵蕴涵,男
zhangchaoSeebug,女,7742,20150208,78791275889,6c9cb35d7a8b69ad88c38b6cc706b1a1,扶飞鸣,651394201502085681
7743,78924508270,男,zhangxiuzhenlengye,米德惠,20080927,023515200809270430,065f8beacbf290876c1a46b4399280ce
女,77705226850,KxCodelnyas,059530201306167967,20130616,c14dc170c3d01c7235171b8d5cb1393f,宿淑贤,7744
75389858366,19720517,女,叔先昭懿,edd503b4a009bbd9486c5debc323bea3,7745,DarkRayn0b0dy,091028197205172881
65307619850728723X,19850728,73990930140,男,南门迎波,misiteanquantuanduirickgray,def84ee0edfa641725913c210c424d16,7746
526142200309254272,饶雅逸,7747,男,20030925,zhoujing,73818879472,31829015c27f24d4b182a45201dd4418
44f31e29e73945b13ca0dc54671f9662,皮妙春,74085896203,女,7748,715843200112220748,dr0opKlaus,20011222
10dc53014e065a9e4890233231757066,whitehacking8,信都祖萍,男,19940821,7749,79136979324,38226419940821715X
20150417,7750,fe38424f26a4a19fb4a96f78cf17771a,女,054758201504178643,wangwei0aKarmA,通平安,78442594656
甘音,女,19871008,10c087244f4c6e30bfb2f60aff192542,589098198710084628,7751,73256522621,repwnw8ayy
78557303884,140378200005210327,7752,shiyan520devserver,20000521,949c5a455880c3cd6c1d68c973044dd2,郎阳飇,女
20110516,7753,Tracylihua,元盼波,男,1ba9f16fb3f374a1f71c314ae584dbd6,78445410671,478101201105169636
糜魁,7754,9343d655a9f1e8943a286a007730690a,77394418752,男,jkmePasser6y,19831011,226882198310119834
辛弘雅,96183120060826205X,男,7755,78971601574,qiankejiuguanluntanCyrusF,80b834c45cb209a3be44e7ef0a4e60be,20060826
东关纯洁,074415199003282124,Honewangsongstriker,女,19900328,91b80512a158bf0df6664980be431464,7756,73340050724
女,19960407,7757,da472eb0a60b3c25e82c5f4053f804af,722394199604077323,79143973611,chenjuan0x80,武妍歌
dab552366198df85ba3d00e78fa89282,男,chenyinglin2zhen,803913198802215636,79953593614,7758,公息问旋,19880221
男,613160200102281718,7759,凤芮欢,78242074856,peterpanzhangkun,536778e8625e68f5b6201314fe0eb203,20010228
7760,女,80800519950130132X,c5371f0736122d5ff89c096dfc05d98c,任嘉丽,19950130,lightlessLonelyRain,73392483582
女,Venenof7Venenoapple,7761,323862201306171461,20130617,b5947d8db5d375e2bb9082b493ac6b70,冬日沁媛,76776352647
女,c0ny1sqlserver,5ab303d2e2efdc337165d2faf3fb4efe,20180426,792239201804265161,79902909030,7762,南门芮悦
19930930,男,bb135bdd7320b6de84c1d6bf36a9fe44,yangmeiGorgias,895038199309300758,平晓凡,78267660813,7763
rediszhangfengying,e9a99b7c0750ad5d02e3f2df42cfd32f,20101206,男,124408201012066950,7764,公广尔白,77541076534
20030903,515853200309031954,7765,3e25c46057cc18f923f266496512357d,78539651342,男,clubpav1,万恨云
73513151666,习宜民,be4d7b060af06f420e1d657f355c1dd5,jkmeTiaonmmn,19910223,7766,女,43687119910223076X
797102200910286080,ebc9b14af49a3806c9ae5e9039ca51b1,史蓉城,wangyuhuamoxiaoxi,20091028,7767,78007706972,女
7768,73882ab1fa529d7273da0db6b49cc4f3,扈菁,lingzahuopuXyntax,77837366588,652999199910071938,19991007,男
74660641112,wangguixiang,7769,867801198711075715,男,19871107,萧秀如,4855647cbc1f4b04815a7cee5343e552
庄怀思,男,e53e09c3c2b7023c2edb3bb91b8298fb,7770,415991197701234831,zerokeepernaishayeying,19770123,73024838326
7771,女,77532312692,729624197801178582,19780117,lteampw,6fe02f83f91837dc42d106929ac9a29b,舒慕
mlliupeng,盖宁乐,75570309296,19970412,aa2996f4e2e107d9f0b6d2428d2e5ca2,122016199704121849,7772,女
男,54117119751219841X,JoyChouxia0yu,韩真仪,73379311067,03fa202edee03f28c960746ba24b22fa,7773,19751219
31430e5f9d9e43be1a8449240f48c9be,女,7774,20030314,单于馥,78680918062,017864200303141848,orlevenMisakiKata
19740216,864526197402165235,wangfengyanglong,73362136925,7775,adada9b55d3c013e175f58c703804b4f,男,游慧心
75098541622,7776,543847197512222344,19751222,thinkingszhouli,女,9d5d097d02c4ecad05c19f359c239ed2,须安顺
7777,chenpingliuyumei,19860209,8c3acf3679de2241900093f0c41e807e,班曹,183070198602095833,男,79150696242
d8310199e8be277b166ddb2707d6bed6,lucien116zhangtao,73468675207,7778,20001022,964172200010225133,公正丹梅,男
男,088653dc06fd8be4ea2726934801cb2b,7779,479707198007300159,19800730,73332042097,简康安,redkim
19740411,8d9d99a8e7d16eda8d17c75da4a1ef8e,233256197404113635,7780,司彤,huiyipiaoruxuechenyuying,79941818355,男
clubxiaomi,74892546261,20120325,271669201203257040,弓欣畅,7781,女,33130bbb458ca2e7d33692070087b387
19970310,74800120779,融映雪,tangguoxueming,女,791239199703100340,fd36fdccb6cbf6e6f43b027550a6bd0a,7782
7783,曹映波,女,liyuyingwangcheng,407805198105246668,75572048726,19810524,aedeeaa8726dec2fccc4b991dcb6a765
Dik1sseebug,76693123018,女,7784,20121115,561310201211152822,7b74a968fcc0053051376c9c8ab975ab,公檮梦曼
7785,何修然,lucifaerzhangchao,092154197401195115,男,c3305c29b31e779c96b985777cafcf5a,73976682286,19740119
男,20060802,xujingleixiao,7786,项逸仙,75842893105,702323200608029915,8545ea5d1742370ce45b9c8159bcdc59
76780255790,7787,2dc7387105369c44deb9a466a05c8155,秦文惠,19940313,女,math1asim,318933199403134386
039620201902200726,iSafeBlue0cx,90e410911dc5297bea7a50587d4058e9,74076164805,7788,女,华胥慧美,20190220
19700929,那凤婷,77349678445,wangjuanMisakiKata,7789,女,01445819700929496X,bc506ea8541c17ac7c36a69539734d1a
女,19880406,chenminz3r0yu,75204490311,7790,韩冬莲,fc6bd0f980809b636d7ce336bb91a3f7,804871198804060163
604590201710121551,20171012,7791,乐馨香,zhangshuzhenTiaonmmn,79089443910,男,766840eb39d1d8deb128a8aab243e81e
78892568571,756454200212173315,wangyinganhkgg,7792,汤瑗,男,20021217,7f2ba04db11e6eb29f9ccba721cbbf9b
GroupT00zhuiguangzhe,乐七微,9dae46709341b5b22bc824bcb90f9bed,19771018,693747197710181579,7793,77828606504,男
女,7794,4fc74d79d044dedf3be46609e242fb96,戴文敏,73210484486,968543201801111528,Xmannetfairy,20180111
男,19871012,7795,吴嫔,40fb7cfb63cdf35a1568c02b7ec6fb86,75134565043,lioneijonsonchenyulan,795774198710126472
73655936562,472649200802197957,7796,窦公晓梅,346a279051833374a3a751a98786de5c,20080219,男,lalajunxifengweiyu
男,付马珹,550395200605239513,20060523,276aa822fa9616f5642638750918d30b,73491079177,TuuuNyalihong,7797
7798,女,78846549214,NorthityN0rth3tywoshixiaosan,19790428,b5d29c2ade6650aaf0ec1a1fe6ccc9a4,喻天赋,023954197904280583
7799,19900929,男,乐羊浩慨,73014683159,20547619900929815X,mengsecWinMin,e282ab5aa1f0a72cb9a8ecb50f1ab0a1
傅余枫,04cac73d81c7f5e69e2e11e8e7b97718,7800,888743197306060323,77815225163,女,19730606,kkzevipwonderkun
74062456291,男,irethackjie,8d72a2689c7dacecba2116784fbb294c,659074201104155918,20110415,石宜民,7801
78446194859,nMaskzhangyumei,fc13806625bab87d588dc1603f9c6542,879466199003223347,元逸秀,7802,女,19900322
634637200802218945,73662114348,liumeiio,女,7803,20080221,俞永琴,1d05cd86bdbb76f03b35cb5453e1cc0e
男,chenleiNightShadow,阚巧荷,19960615,268643199606151372,7804,907d6723a11ee97b6df8d432fba857ec,78136658323
章欣合,quininerzhangfan,cb49015e103efe4d5307f74f36de79c0,75225091681,女,19980307,7805,755750199803070080
男,20040929,developerFeei,509868200409294336,e1510634d6470984635eb836a2e86312,78446587585,宫晶晶,7806
66b04fd7ef9817d0ffa223c45441b06b,7807,Yokeenloudongshidai,男,79530656092,19770731,魏嘉澍,774210197707315610
19951214,e0253b2067f29c9dc62d92dffbe53862,lizhiqiangwangjianping,女,75559174694,卜音,7808,429765199512143587
77573262049,yangjunyangtao,女,19841010,725887198410109165,7809,3d9f82fce01c6c0a6e1238a2eb89a44b,邴力学
76620701097,426254202008251066,女,f01e585908da6bd24842812d8c5b74b9,liguiyingegguncle,20200825,7810,龙嘉庆
6b16ec8482eca98b5fd46a138f8ac4c7,公师欣彩,7811,19820406,785577198204061916,79099507152,dongnandaxuewangluoanquanlianmeng,男
2e755451eb366393e987db3b29edec6c,7812,19891102,男,73993971621,120749198911029139,wywwzjj2kb,公刘飙
814671199004209789,7813,19900420,8bccc6dafdd9646edf9e3a4667197f46,女,74997228006,沈向明,liyuhuaio
daybr4akheikejie,女,217022198102169166,7814,c728b90fbd8c1c103d42aeba93c3952f,水殷漓,74722642746,19810216
党闻,wanghuanreversing,女,73147611463,7815,334136200501202742,b7ea3811021b20d9abab49202bb72cc6,20050120
男,leanotechamd5,77818912779,甘彰,20031210,622dad4d5238b72fb1c2897429614b32,131170200312107730,7816
723487199407095058,75129567402,19940709,男,公孙宏峻,7817,2822b91a23350ce0125cbfb93df958fe,dropsvirusdefender
73206680438,571872201704121416,龚君茹,c3b904dc53474f7a27435c5510a31199,20170412,wangyulan0x11,男,7818
52100820010830463X,戌渊,73971164443,97304531204ef7431330c20427d95481,dwfaultjarviswang,男,7819,20010830
Imagemltrama291041610,公林雅畅,女,7820,ace3d02200519e59070e4aca7f1c4fec,768578197410065521,19741006,78620792389
俞司辰,129529200510259111,7821,74066189483,男,20051025,JonathanSalwanTr3jerCongRong,ec163bb8dcf37e2893556207b890758a
7822,19760620,cb00180dc86183afb744b06256fb9c30,男,74834487974,huangyongsmtp,40931019760620757X,后舷
7823,c16ccf4ad36067300d6188da44c84939,公旅英秀,SDantevenenof,526880201306077443,女,73968562679,20130607
晃俊楚,19811027,女,zhangjianjunverazuo,359010198110279768,78927107279,7824,a3c965aa873ed1de2aeaaf4cbc2b3fb1
女,20200621,7825,罗艳蓉,922841202006217521,befe74bf297f7e0d0d61577304f94a21,73499384522,evilwingFeeiCN
79032149464,04e214c9a41c86b86df9c7ddb54cf104,男,553336199904130910,19990413,施健,7826,y11enwangdong
547132201904023918,t1h2uatonghua,付马梓涵,7827,77639108823,aeb7ebb44729b6c58ab81b949354ce5f,男,20190402
女,cL0undzhuiguangzhe,20051022,73553107481,971e1cfde272e7635824c127a0d391fb,凡闾绿蝶,557378200510229224,7828
79691594998,男,段冠,19991003,7829,07220919991003495X,Notwo1fNotwolfcongrong,6265a20d242119093cac0654eec6f79d
女,514183197704298282,訾琪华,19770429,c91376a40c4a2aa8aa6a02a8ac91377b,7830,Vancirzerokeeper,75803153772
女,lijingnobb,19781108,687502197811084581,7831,公析凤,e2311eeb71aea4c4595070e63c848844,75953904341
卫彭湃,7832,wikimali,928959197606065286,76651258053,3c27a5becdae9b8ffa167227ce1ce22e,19760606,女
7833,507511197506195160,19750619,公冶词兮,BerTrAMrama291041610,d1da023fae3241d5a326b0f9d872c38d,74772473552,女
男,138472ad3360e9a3277e57fbbb01eff2,7834,Virtua1zhuiguangzhe,926596198004247712,公索博裕,75380208618,19800424
女,公孟琪睿,19740815,nxadminJoyChou,7835,c8d7f17302d0037b3e8eda74b7056d34,132622197408150322,75869434319
景涵畅,983149199006191325,73938381788,女,7836,payloadszcbmhf1,19900619,1164cbe3de4e0f73418b93a6b713b11c
275993198605195327,7837,19860519,柳语燕,女,b3800de8cc3692369e85eeb617f8dd30,lengyeZO1RO,78832871553
戴泽,7838,b6d975d045020e5a947690ab1f581424,男,12544220100621683X,75207123341,skysectest01,20100621
7839,女,78457797757,orangeevi1s,东楼盼海,20071020,614134200710203949,11b6eef96b5bbbf9c1dba63cb1832d22
02f7cb41acd397f6f55229758cda305f,女,peterpan980927zhangbo,农兴发,7840,984696201310043186,20131004,79015188833
7841,男,75747517301,e6fb01bc599daa579dad731a54beff30,huangminwangxu,20110212,256162201102126358,公施爱茹
19911109,女,77581321519,sk15wilson,仉督圣,008909199111097242,791e7f4b71d90ef6029867212ff56de4,7842
奚坚,男,7843,19771225,chenfeiSakura,747051197712252937,74005901820,52c6fc6a59b5cec7f321bc8f2bb55489
7844,libingexp101t,396558199910036463,秦鸿禧,19991003,77867896400,ae107c617bcd83cd42caeaa85639f0cb,女
19800415,韩康适,638707198004150633,74950799814,男,cf4f2fa447258cf56147e6e9c017c33b,7845,leqingxiaojunjiechenxiulan
74910129354,lidandanPh0rse,7846,唐莺,19950827,ed3f5381c84c919eafed17fc6e6f68a1,076148199508272151,男
f75afca8d89db5564b7e73bd14047565,308822198102240846,扈越彬,女,7847,19810224,Peterpan0927anyu,74668190986
yqxiaojunjien0tr00tSecurityTeam,49025d8aa6feef2a7b94ad757cf2c626,东乡雁凡,73572423130,女,7848,19790911,843303197909118622
20051129,男,75728877934,7849,liujianhuaprojectmoon,554917200511296936,戌和歌,2b66433cc4fa9a9a0f14945b7094a6a1
7850,陶芳华,097499199112171339,男,19911217,8392f154524d1fa6ee811c2363b8cb43,wutongbaikecodersec,78516069503
leanoteyangwei,7851,77710354573,20080220,单于俊达,415210200802209430,男,ccc5b8dfcc3adc387c5718585bcc555e
公旅新梅,男,Adamkerlinglovsec,326476198001101176,19800110,7852,78212193217,e0c10f451217b93f76c2654b2b729b85
75717204387,女,7853,d618f2b4b14286dcf0cdfc33f4d4de0d,seebugzhanglihua,582678200004280286,20000428,公师楼兰
smi1emaxiuying,643118200405280555,男,75100606379,c41a91c1dc6bfd02a2c2beffd513eede,7854,鱼浩广,20040528
77316805524,20051104,6702f96216f5878765e0a1b2af80f268,女,705239200511043823,codemonsterRvn0xsy,7855,乐正友蕊
顾鹏程,77612353621,7856,d754b4428b092c3bd57f1880c73cb51e,164589199205103632,blackh4tchaojidaheimao,男,19920510
2f59430f2c9d72de17f5f356d4d6cb7e,男,feeiwangdong,7857,19811027,74965805723,杨和,973477198110279410
男,谷飞龙,yangjieLoid,69df72e94cd0837513de313e5a06c563,557056202009206277,20200920,78508431012,7858
7859,女,62e2c30aac71753b46bf82d665a757aa,220335197306203687,sunxiuyingeonew,78802198712,19730620,禹瑶
afaf0ceba4812fc949690fedaec5cd84,33876120030913165X,75843086106,男,20030913,7860,wangxiuyingbacklion,廉飞燕
73246756879,乐诗柳,19831231,7861,huanyueret2p4nda,男,613900198312318870,e290492fdfb2d64fb0864c1412da33f5
19720406,男,7862,秦兴平,0f5aaaf14d9a2d371853e46119abba27,34954119720406961X,jkangel52stu,79808362409
75686150137,81306019760826738X,7863,储英卓,19760826,706245af2a31a9a7fb837cb852cd54ac,女,wangjuanliuqiang
746bac0e8239320627353b20e3dbfa4d,男,liuyinggitbook,7864,20090210,985754200902100517,戈彩燕,74724633886
19770930,7865,772882197709307676,叔先逸致,zhangjiegitbook,f2330824fab429497ac50846f142a21f,79537640624,男
男,881a99f05802440d02311fd8d335e2df,78215356189,19951006,50016419951006487X,7866,詹天路,redisyanglong
19740610,989819197406105365,7867,d0149bd3c81a7e960e09b438cd413d37,75966759303,东关宏达,女,lilanyingzhangfang
3ee19dc6a72b576268e5641877a93732,女,19990611,74771934152,7868,78482919990611724X,secwikilvwei,屠岸苏迷
女,20f7e6659a536bbbd72294da96b7063a,77510307156,乜嘉谊,zhanglinimpakho,7869,072707201611073128,20161107
女,875e94d5a6248a900a9c99e7419c662e,郑淑贞,7870,74523607892,Micro8wangguifang,19731130,551999197311304660
19860123,女,Cytosinemongodb,7871,屠岸青木,401817198601230120,73335223039,1fa9f36e3a16b1a8227c133f577a8ec1
窦公高义,73194774929,19700106,pa55w0rdlixiufang,877fe1583cc9eb40c58bb4e08ddfa56a,116504197001066518,男,7872
5255973a47b89c2b53a2399de7398e14,76717788770,男,253313199406161276,wangxiumeiThreatHunter,古里笑柳,7873,19940616
505475197112245246,女,647d37905280c63372be8ff701b21650,19711224,公思竹悦,73440459517,v0w0akarma,7874
20130704,女,蒲琪华,7875,094484201307043348,cnliujianjun,76779633537,50f19eb58563f4b620b3943b2a4b7ee0
19871101,孙庆霞,she1donoschina,7876,男,7ac2af69374277adb4feb58c6c68f013,73423681020,713813198711019456
男,severwangmei,7877,20110928,79529304590,07eeaa82211be6c3335603523dbea0a3,东阳怡,900201201109288679
19890703,公尚沙羽,78445545846,女,03d54b0b3cb14d7848138b2001e96e35,PolarisLabxunmeng,641418198907032687,7878
liujianhuaSUS,06591819751010314X,冬日含雁,19751010,f0b883d7eed96f7efd535e671e8f02ca,78432819948,7879,女
Apengliuguizhen,7880,6b7ae3bdba57639d34414cf9cd4b07c0,822511198210242866,77567961996,逢谷蓝,19821024,女
19740407,7881,77149056499,Hcamaelzhoumin,add5087506f49799fcd5ae0eac0e20e5,292259197404075877,牧翠,男
meizijiuxmanblog,77612876215,公乘温茂,ccbd144810b289efa840aea0116a09e8,男,7882,20050623,779440200506230758
女,78112074336,20020625,祖律,148847200206251686,7883,Bey0ndguoguang,7798d87de7810586f27b6805a5384006
d48c925ca2f89f7d56c25177a694008b,20161124,7884,79557976105,邬博明,m3lonGodot,男,838206201611247558
78636599999,7885,程晓梅,297639197401193641,19740119,6b3d4b96a9d6b6ede9ea963e2e729d29,infoBrucetg,女
7886,593259197701206580,46be0dd2ceff64db022b5875f5ee6dfa,mengsecsauren,19770120,75267035254,左丘宏畅,女
7887,东陵欣嘉,cuijianxionghurricane618,男,20070306,885985200703069619,75664402077,7e2e2605f7f9d58eb452c68986b2e28b
76793959951,171903de321ae083b4a56ba43fee7512,鲍代荷,lijingYaseng,女,7888,20171210,419156201712105680
国鹏赋,332818201811288631,男,79003179237,De1taTeamMagicBlue,20181128,fd711d1d77276f5f6590d034a8c8a1c2,7889
698160197009177419,79515738646,7890,thiefchenguiying,公祖皎洁,2d41b06a6a1df2dfb8858fbc6e9bb4c9,19700917,男
女,仉督浩涆,a10527cf52b9f4f0beccdeffdb136a61,7891,77174474201,086941199904242967,19990424,saltyfishyufolishyuyuf1shermarblue
20120829,饶念波,79903416756,692198201208299366,7892,女,679eec018d022337cd652990fa211315,zhangfangkkzevip
瞿铃语,20131031,女,pwlmxspace,73057416005,3e9fd42bd0dc9bcc110e51b483808278,7893,296662201310319589
b1cxtimeshu,9a2ffe750ebe285f1cfabc23c11d5149,77153104373,男,党映寒,19781228,7894,054267197812283138
e91315ab7c69d5942369eb69da37561d,7895,男,73517501264,lihuazer0i3,19970912,公玉修文,78570419970912561X
寿倝,77691108118,345962199101073578,644e5791841b8e8109ad481e7d1a0904,19910107,7896,Altmangreyd0g,男
passer6yapple,19850619,7897,e6808048429c41a0398feee469e6c497,829387198506190156,邓逸云,男,73165173304
79870035680,607801197301270283,ebd548a1e9f3923f49d518d44016b317,女,zhoujingJayl1n,7898,璩康宁,19730127
xiaoshenghenmangmath1as,7899,708344d2fed196466cff49c2ed12d1eb,73230977408,455135199702017160,女,19970201,廖韩
09769aacf8ba7dca1e1348220d28af5c,19840127,庾书桃,75961727863,39433619840127728X,huanyueJayl1n,7900,女
3cf0b7b7f982d2f684902492756d9d48,962332200512075989,程紊文,75764934359,7901,女,m3lonzhangshuzhen,20051207
net919977152stu,cf8a27b8a88dbb81e5ed368c490990bc,77215290313,292891201212193731,男,20121219,古里辉,7902
7903,7e630212d27726647adfb28a1297aafb,女,屈门修洁,886244198212257282,atumlishuhua,19821225,77118924368
慎翠柔,074dc78545f74d347d4717f7ceea9221,KingkkGetFlag,19711001,74081648324,7904,女,710215197110019664
zhanglijuanyanglei,73084913519,765498199712090075,7905,19971209,c043dbb56531ae688c8e290c807fdc22,男,钟佩
d819454febe7fab2a27d6db40699edec,73014621295,tophl0rey,19960607,男,乐羊睿彤,440937199606077518,7906
939ea5fbdba8d7b0a359720ecd7ec336,20010521,199634200105215827,inpenetrationtestingyangbo,77460189012,7907,女,华秋英
19931011,公惜寒,74993004049,42517bd026e6a81f366599bec05e5d15,044957199310114636,7908,男,0pnlightrun
BrucetgJeary,女,73794627269,269887197103095187,19710309,97279e88d39fadfa1f935da9673653e5,公仪婀娜,7909
男,20020328,926161200203282914,6d071901727aec1ba6d8e2497ef5b709,华胥歆琳,79592443310,wangpengmozhucy,7910
女,75675112156,478895199208313387,9e6bd9c2194eeb2004ef6e03a013ad54,米清妍,19920831,7911,liujunNuuuNya
19860418,224967198604182687,79542224958,金玮,女,1fa63fcc3965e0c56df3444be98b3753,evilwingKingkk,7912
7913,20180320,144382201803202244,559523bff34c2bd13c662bde603f379d,胡毋高达,女,szfszf1aq,73767742742
女,73803217927,詹僖,r3kapigEvi1cg,20170511,7914,0a92feeccf4805297c09d96cc39ed8af,449204201705112561
081887201906246434,zhouminyangmin,20190624,7915,73293529374,厍狄纹,d6600c9644a7d911d3a4f1613ddaa049,男
024739199602136557,19960213,男,78726045476,7916,63e82faf4267e280d4cb8d71e481cf95,LucifaerPeterpan0927,金清妍
7917,78883353364,20070913,b1ace01049f8db998c74740a22eac1b7,wangdongmeinet,女,鲁江,837928200709137227
徐嘉祥,20021220,9f0b514255cc8ce223ddc31c8539ead9,7918,79955247514,523272200212201538,yzddmr6zhangshuzhen,男
女,冯哲,7919,5b1dccb2d92fd4b7e7f2bd1c060d6f69,174388200510031380,heavensecliyuhua,20051003,79522353285
7920,女,19910526,76667537468,safeinfofuping,23360519910526846X,和才艺,3a975c52a4745eaac727d002db222086
25ae0a72c96135ad6eff7deace3e5509,公山锐进,7921,340117200907243543,liyuzhenmoxiaoxi,女,20090724,77814269866
8063e02c1b93822099b6f751845b8edf,上官菡,19730204,女,7922,78608509248,046794197302042947,anquanquanNorthityN0rth3ty
女,19840619,fe3bc5dd36bf2e38dc34f8d77143bab1,向芷文,7923,daybr4akHackSafewangzhidaohang,79574248439,575157198406195246
74037185046,慎许洌,20190509,069781201905094715,38563d6929118e94f17ae3b98cbfea12,男,7924,LANVNALcom
8b98a9a64f424303590053b8a8ad68a4,女,19780710,936769197807104263,77442172985,7925,周经文,Pav1museljh
男,逯意智,liuxiaadam,7926,20020804,a636e8f3b2ff5a3e4c4abf92339de48a,364538200208048977,74661767219
818998200005152150,汪越,ae74305aee68af9209f6f7cdb5c0b57e,男,20000515,74566901354,7927,Aryb1nExiaHan
36b416f86de96b69f12d7232b598954d,269321199308073413,19930807,男,76653333574,沈承天,7928,liujiadevserver
GroupT00ManassehZhou,20020117,女,7929,59009b0610b5ac4e6b10483f53b34448,78232508590,186630200201172126,蓬冬灵
75209460007,7930,郜平松,73818520180422333X,jiangsir404yangyang,c07862305dee7588373e1301ba6b1820,20180422,男
女,73535049262,yuanchangwangyong,865954198808223629,7931,19880822,水俯,fa763e89773621d3827f0de223e90fb6
19821125,农姐,acee16654644f227003074d2b759a46a,7932,77325385461,ShadowGlintba0zi,女,334084198211254689
463206199106248337,78850472897,sqlserverdwfault,d7e6a1cb69f0ebbca6307afd2193aac7,男,7933,公旅英资,19910624
20010911,7934,74564819525,happytreewangfeng,610035200109114918,岑书萱,8d5b45d9d2af3f1a2609a131b36ebc50,男
7935,男,73482001214,748033200310069913,钱自怡,20031006,yangyanglalajun,35af4bf130805f0b86b1b13e49c8101e
毕杰,女,19800810,7936,comsimeonTiaonmmn,558153198008106985,77103286250,3562e1017354a668e38b264833ffeffb
19831118,男,邰俊侠,paperWester,7937,ab52f030a4ac2925db320f1059667512,78563654667,42215219831118765X
男,182284200508121239,伏羲雁丝,9b8e848e6e4d7670a20b4acd1535caeb,7938,20050812,76668285419,MoR03rLionEiJonson
6c42985bb8ba5a4d63320202168146f7,77437901671,19721125,408813197211256188,mongodbxia0,7939,叔促瑜,女
sunxiuyingleavesongs,20041009,795401200410099164,甘先端,75141889685,1c4a45e9ec298a6b028b44d0af1c78a7,女,7940
女,公丘晴霞,a73f5bcaa1b5d6ecb8bb2eca4b15e43d,7941,19810818,liguirongchenying,78884049649,039536198108189524
19740211,7942,wangluojinglingdevice,a0a52049948036e9fd088e00baeaa279,197093197402111769,茅启,女,73460547898
619362201201255586,f7ba1865859c79656c35e0905affb1a8,卫银柳,7943,女,zhengbaovirzz,20120125,78846951400
男,121490198005264373,73610424678,7944,宋佑,62d024e6953283542994f7281d90c106,19800526,wangyumeizhaojing
73424043537,MoR03rzuozuoweila,女,7945,19760412,d4c1455ce461d10098a87b23ffa8f674,917694197604126022,东陵蓝
辛平彤,429320198310225630,03b1e475be496c218a989ef3758d7d47,onlinec0ny1,男,7946,19831022,79557437965
20110107,716708201101079073,77393305528,Tiaonmmnzhangxiuzhen,江星宸,男,ac4d39703177ff183333dcfca73614fb,7947
花世,zhangliDecade,7948,男,20140205,73688413148,b6cec94c300f17918ea46fcf5e3ffb72,628574201402053136
19960917,白娆苒,7949,lihaoliping,495673199609176338,75016681028,男,b43a44a30e34b99d460c26bae74ce9d6
257875200111195925,74939946036,984cefd6d27eb0471fc401a493a4fdff,7950,szfszfegguncle,女,堵天干,20011119
331314198305030832,7951,78486295538,函井依秋,hexlteternalsakura13,bb75f26d87f194cb84114401bf368a0b,19830503,男
firebroozhangshuying,9b089a393142181fa5732120d9d2f1e2,19930713,7952,女,75918117879,靳云霞,014277199307135163
69effc0dbb20284c56af730458d30734,郁悦恺,73875510437,20080710,XDSEC404notf0und,女,7953,55215220080710276X
3a8af1c6da795df06c6e0d0592081c8c,78586110713,女,金琛,20001118,7954,p1r06u3strcpy,847860200011182188
fd970c310db5ef5edd7ee55607e3c4f3,牛景福,838187199601044215,73371155189,19960104,男,7955,retme7zhangjun
巢景龙,235896201009165739,78120719156,男,fd26430ae2975d624741d89bfa0113df,0x11wonderkun,7956,20100916
7957,胡志行,212819198907213348,58dd8335b830a611c8b3a31b400197a7,77813142897,19890721,liqiangicu,女
7958,memcachedp2j,辛曼文,7107d84199c2a6357a41cc3f29065046,19761203,199407197612032182,女,79084334090
6cf6f83b1d9768bd7d85301ab331a289,31361319941004426X,7959,wzsiteredteam,女,75800708373,19941004,连布衣
19821004,453997198210049541,古冶以轩,zhangminaliyun,7960,39a9b9c51292c332257e3e0aba32bd39,女,77858688766
男,7961,781046199304236217,78805322501,3692fbfff5ac04d1480dc4fd728a26e5,舒雨晨,19930423,Aryb1nprocessor
左人欣玉,19961211,7962,77625187510,284344199612115810,4b2ac1f9ff9b2e80f3e974268c118790,男,dayuKingkk
7963,536028200809229574,37de19593ef63a7d5256ecdb4accc02c,男,20080922,勾承运,74019659721,wangrongb404
78926696184,女,19810128,56c06773ec9e171de1937e2f4034f313,7964,酆舱,504140198101284343,huiyipiaoruxuezhaoj
20100408,女,98543320100408462X,77216956186,fa36e44f30eb064939de4257d3eca7a0,7965,wangfenglangloxec,凤阳
76709060897,7966,南宫可嘉,084989201703163154,li4n0MITREATTCKzhongwenzhan,20170316,男,b8dbba7c76bedda1c9133f0dc8655435
7967,南门嘉志,19910721,395237199107216618,男,pubwanglanying,bf4cb96d9f24da924a7c31b7ea30a0ee,74071120327
440951197812064863,iceHsqlsec,7968,74634905418,女,19781206,易芳馨,7f9ae984d6a06809f6dce4b27aef64e2
边梦,73330331410,systemwangguixiang,49926020030515053X,beefa54e5470934b20071db4524d8e28,7969,男,20030515
19971118,7970,75996137872,JrXnmhappytree,9ec47c7fe583f8f8360d90a821890ed9,窦可儿,女,957490199711183129
7971,625026200511103854,施忆寒,myzhangyun,d8d672ddba829012b0440cd8f13067af,73020680026,20051110,男
fc886a484efbfb405e7a59ebd4102769,77282036145,钱飞,19820309,127113198203095175,safe6LonelyRain,男,7972
女,7973,公广银玲,zhangfengweaponx,74058468610,033578201901032349,5b69331c0b5f51bc13610357bb8b307e,20190103
女,farboxret2p4nda,620f12d50f2ff5b05e0632f9061d90d8,7974,78053046551,公良嘉木,20140212,739288201402124123
男,7975,myh0stpub,7daf02bc53aa39ad9bcd34035a338ac0,77506460067,054702199005304957,雍谧辰,19900530
p0destawangwei,20130726,男,卢妃成礼,73798402469,7976,1313bce9dcf5a5a7592d7df90362f9dc,794261201307269558
951911201410029263,女,wangminwangyong,7977,甘公婷然,68ee00b358651a178d3acb37b1c780a1,20141002,78738429994
4b1a19815047661cb1ccf3eca9521245,男,20000924,262362200009243570,yangyanbywalks,7978,融微熹,73058479562
73478397484,wangbolmxspace,1c69272343b255d13ac69afe1f068b4c,女,19760814,986264197608147527,7979,钭嘉澍
女,liujianguolufei,79153411054,892868199404029184,3223957d54ba1507496a0a83ae6cfcef,19940402,7980,国温韦
8b21e780ee18178a9378146823ff2501,女,551519201311040365,20131104,Vancirchenying,7981,78444553546,双好洁
女,20090619,78749594095,6b71d0015826e3bf30927062efed7004,7982,Xi4or0ujihuangmin,214011200906195042,孟新
女,a6b94f37c26b496de24c532cd99547b3,110461201108307866,20110830,78094512561,7983,何文彬,zhangyingGodot
19771107,孟炜,abe451750ee1b9f1625980355cc8c301,864194197711078885,Decadechaoge123456,78706572702,女,7984
75888977789,863083199105243055,扈茂才,7985,男,19910524,zhangyonghacking8,493aeb4f167eb6752dc2d9fc56930515
20180109,admin1wanggang,女,049236201801094320,古成寻菱,2ed92a167cad3ecc4809d8ab80f8d382,7986,74748416833
女,822450197209274662,wanglilitelnet,褚剑,19720927,9448ff7c096a5417b30b40450ce47b2b,7987,79924039807
040443198910247711,a5682ebb8f78132ff5cf45b8750445ea,7988,chenbinwangping,男,19891024,傅梓馨,76781674094
男,7989,998630199110150535,96832e8281883b0b49f3dd61edde53bf,19911015,汲谷冬,79939272223,pav1libin
男,a45958517604f5cd90d6ee51ad9cfdb6,19820117,se7enseclirong,公旅建安,73367452492,12762719820117465X,7990
20190531,78862385723,3524b3e47543dac89a8f32f766738c02,meichuandikulipeng,7991,女,阙永福,687644201905319423
422863071120ee0883382b7f5cd7efc1,谭华彩,女,501287197411245167,74603634098,7992,19741124,rj45mpluomiweixiong
寇阳荣,19800207,79674582095,629948198002073037,男,n0b0dyNorthityN0rth3ty,121d819340426954a46fb1bff0107b9a,7993
1aefbb19eff87e35ac3dab47ec2bd49d,79306207524,LittleHannqimaidoukanluori,詹秋,20020125,441954200201250573,男,7994
男,湛俊爽,e812746c5012e1cebd6015671524adbf,989468197203055439,78694388386,xmanbloganquanxiaofeixia,19720305,7995
62384520000910326X,女,7996,934b535800b1cba8f96a5d72f72f1611,20000910,huangminroot,惠山,77610152502
77119884237,liuyumeicc,c6386bf466812e9c35850bb15008c7b1,女,19770612,317969197706123787,居恺玲,7997
19700910,336e656538d56dcf03ff1acf7f20b511,74762236017,7998,p0pomachao,益雅惠,男,906006197009107356
e337e5860356c692224e4356dd7956aa,038611200209083582,lidandanILMI,20020908,女,7999,上官含蕾,76600841133
sher10cksh3ll,863661199102152945,4b6e8e8a89817703d4c344e811a709f9,女,能夏旋,75983747199,19910215,8000
75273765575,卢妃银河,8001,033031199010228740,trickingWins0n,女,4719dbd9043b810197c82ec0de7a9079,19901022
79369750961,男,hacking8space,8002,20051003,dbf26955f6ed7aec37ae6b29f320a3ca,施子萱,085335200510032654
ring3verazuo,77340054844,时语柳,8003,19960520,205290199605203459,0aa42e021f79e9ba80e6f69ee20e2ad6,男
19711219,325232197112191976,男,8004,scanfseclorexxar,58e7c436e8cb949d69ee844ef54afc2a,鲍婉然,73226309884
20070108,50137320070108085X,公析炜,78911860010,ba62acec21d26325e7b7a7bb64343223,8005,男,foreversongtonghua
85e46ac561443a11fa25231dd2fbbd60,266494201806108122,achengrdp,公仪秋,20180610,女,76701140563,8006
男,79074006283,925297197011013150,红馨,8007,2562d123769580496bffe076954e07f5,rai4overlijing,19701101
104654201110200581,女,79137765899,8008,傅翠容,fc484e3d2eafa5801f4f446bea5b6d07,20111020,lishuaiHpasserby
ae593366c52095912e3f1a1ee02ff075,屈嘉致,男,20020202,8009,wanglihuaabcdefghijklmnopqrst,768242200202021753,74003399190
553794198901319161,b5074c325448378219d976b8030f43d0,19890131,78905016635,公息修德,NightShadowxmanblog,8010,女
8011,19850624,77405044634,女,Symbo1win,732290198506247161,d4450da7d1cfb26a7213d235d209ec0b,伍弘雅
屋户天工,女,74739281771,20170423,8012,56379420170423734X,743b3173f9111991a9a64338a0c8ce53,sfishlostzhangxue
austfishyulegeyu,敖雪儿,男,983213197303273212,8013,75111540722,d5ea6c5e6697df16707c00ebca9e3b2b,19730327
75899512421,wangyihangliuhua,9ed33ab1571126f353475d900978266e,景阳煦,8014,女,20091022,409780200910226121
8015,巴侃,19890201,748040198902011989,5altxifengweiyu,a2f32e91c357cf4284e59b8c5faf214b,女,73621164747
551972199409290817,8016,怀乐怡,73642296051,aa53173de0ec5d20c819d7410e4af6be,19940929,男,sk15Sheldon
女,19850808,8017,沃英媛,yangjunz3r0yu,259312198508085627,af1b76b45da3681134e6d94197b0fa01,75024539072
男,395994201609292851,8018,戴伟泽,8d25454e387ecc1ec8bcc319d1cd3c66,hl0reylanzhi,20160929,76762425077
男,cf9fa331ad675291b247ca59b64b41ba,411235201806077330,75064143779,3as0nL4oZu1,8019,湛风华,20180607
90db9ffbd78a0c620a041df0fa8e6235,77393713918,19800826,苍云澈,8020,男,459167198008268672,lixiuhuaBywalks
75579675944,8021,15e9963902eadf3f3487ad5babd9d849,劳天真,717994200808081034,20080808,RicterZliufei,男
194061201407293616,GetFlaghookgloxec,20140729,贾寒凡,1756b1166d1fb3a7d30cab4767f59eb7,男,8022,79577277617
8023,75277386659,3a7ce1e22d0abcbe3f460f49a4e47ec6,639171198807218151,关天和,19880721,NeargleE99p1ant,男
wikitimeshu,79364353632,男,薛明志,8024,d430689b1831b4db2e5282e211b5f074,20070521,976979200705213472
元顺美,343223201510121185,女,77784007521,8025,20151012,comu121bf0f6b3d2dongzt,921511e0d374cecd4bd647517f9837e2
bb30c0a551f8ff0e8128a4a20b0cb32b,19850501,79366274378,8026,649250198505017288,池迎松,sinaapphpdoger,女
女,19910928,董丁兰,785779199109280641,78782711109,470ffc73d3add0f5fb0abf619ed8b2bb,lixiufangliqiang,8027
8028,086758198511095240,skyofkinglovewangshuzhen,19851109,aaaeadaf8ee4304b635ecc5f4ce342bd,衡元瑶,女,77172251068
19950329,guochandaxiongmaodaizibukaikou,8029,贾玉书,025222199503297650,d92e66d17a24b320d89ccc4f3aa12fd1,78849693000,男
唐姝艳,79557538526,340764198501146468,9e7ec0b74f16bcfe3dc16293969d4826,8030,女,19850114,wolvezTiaonmmn
071658199408214822,19940821,765990014d5f2edad14dc69febb43b7a,女,77729459902,Alkaidwangyu,邓曾燕,8031
HackSafewangzhidaohangxiaozhi,公正会,男,8032,348533201904053879,78185704166,340e1009d3d4af47097e25e447bb4d6d,20190405
639949197111168848,b56e7b96e114ff6965af8ccff75cdd9c,女,78183517153,8033,田米兰,19711116,fuyunzhaolulichao
883258198504139443,8034,女,yangfanghiourlife,be048aab9022890c73cfc0eb56ce18e7,公文秀慧,19850413,75531683737
gouchenanquanshiyanshianquanxiaofeixia,756904200205060076,邬妙,男,1fb4af398046ffcec3a3aa158fdafa79,77443888869,8035,20020506
20100831,康河,webadminanquanxiaofeixia,0e167509d1be26a3e5b9785558b224cc,341678201008317460,74945693874,女,8036
legendsecqianhaojun,8037,欧梦泽,a5d3afa824d8eb2ef1918b1dffdf393f,77834936770,20131116,女,050033201311166241
男,公师碧春,902147197602095631,19760209,8038,66b7fee3a3f70abaa14c0a77723b0520,79179615902,zhouweiwangyuying
75230104561,wangguilanyaseng,宫清霁,男,29f1b10ea7054ff077608906d82df5db,8039,19740413,738987197404137851
e1162bf87f92ffd42801e17440245610,女,20021225,78843935900,488981200212255962,金雨晨,8040,n0b0dyCNappleu0
43ab93c029776761da45385cf759aa4d,78230618875,740772198503316728,8041,訾开畅,19850331,女,haroldbigtang
男,贝文曜,dropsPh0rse,75975807691,20200616,86400520200616741X,aeee6ebaed892b21daf9c88bd7922126,8042
8043,20150429,017163201504295253,储梦菲,79197974781,男,wangxiurongmanage,2b252c671867ecb202fd361088f410c2
郭君,mongodb04z,527991201712196734,8044,20171219,男,4087a31b041efc134c1a243af99e971d,79125409582
女,478399198110147484,8045,75391284680,19811014,ret2p4ndaliyumei,56c46fb1a4b46cfc87ee57d495df7da1,闻千叶
男,74675089707,8046,f2d30d723c02c4fcf7302c21ae86cd9a,lanvnalwangjuan,20190302,关其如心,087951201903025331
243248198212163351,公旅博赡,kingxFirmy,73056062725,c298203d3e2164f1faba25cd95c01b46,男,19821216,8047
nobbwangrui,8048,冯沛凝,f4cc669b084b8da94a02c828bd2bc332,19710805,74958893566,女,757396197108055823
73320441737,郭乐悦,19821211,279010198212119175,589c935902d4c476d2a6d89778ad75e2,男,lijianzhangshuying,8049
8050,牛飞双,78856937540,73950519980127495X,96227ec76035b1a07529dd5d75fc98f4,huiyipiaoruxuecc,男,19980127
耿鸿达,7672835277fcdbd95e93298d490be04b,dongnandaxuewangluoanquanlianmengVenenof7Veneno,8051,女,74565936180,19740911,188897197409118945
76621059654,8b9028ac5c809308510b263da338d1e5,8052,乐羊小溪,女,SUSSwing,088230197511089768,19751108
8053,男,e6650b3d76a6225a103b7982b3677558,845446198103192171,77517821386,19810319,养灏,beysecsecice
女,2cf42e67b17a329fd098f4c4e8866bb7,414053197412260525,8054,龙紫蓝,a3uradayu,75757436963,19741226
8055,79159892013,女,791554198305302567,巴晗晗,d0d967954e5814369bdaae3be3549165,daybr4akac,19830530
75173688381,女,蔚嘉禧,20160625,8056,718022201606257542,impakhoch1ng,53136a4e8db4b60b71da33ed6fc79d43
73126611645,436402198606098118,zhangmingquininer,男,任鸿才,8057,09fcf7410488d5e053c5f6b3a1894122,19860609
bc297030264d92fa91443c9d2a25c190,8058,女,279258197803233082,78808731652,19780323,Panytucaokeng4ido10n,蒋月桂
20080618,dc109df4a1c7af49c9e7faf047c2518a,liuyangjun,男,728157200806182517,78258138313,禹俊良,8059
ec58505aa243cc380e347969f3a07d95,19960615,男,73770611475,kctfTr3jerCongRong,蒯凯捷,8060,498993199606159879
e7d159af16c7544a4e046402e769b349,20000619,75280224985,女,项华容,945658200006193260,jiangsirV0W,8061
78369691382,8062,105779197201256841,19720125,女,86ace770716bf55dc611072cf3197e20,怀英才,spaceHACHp1
女,Muras4kibabyJessicanuptzj,郭兴运,75910412868,939748199210011144,e0a84c42fa97789b5e1603d9abec92aa,19921001,8063
8064,73222696630,7110398bfef1b1503af2ed8010414653,peterpangiantbranch,漕俊良,239988199209223779,男,19920922
米纤,8065,男,360545199211292051,3d45bf7a80f9e02ae2726f3ee8469541,73862644559,19921129,luhreywiki
8066,20090222,女,zhangjianfi9coder,4257188999e388de2d4c80b99503db64,621031200902224343,后从阳,75326650924
5b50928a1a446f2c527958625eb90255,79599393566,8067,VulkeyChenveritas501,19920319,男,570087199203194676,伏羲冰之
77750514730,19980511,寇恨寒,congrongwanggang,男,6dd9aa0b0606270d0875acb21546bedb,830634199805114358,8068
20130809,8dbd3c0ac1d60dea9005cb909e439761,79502520130809802X,74937475941,CarlStarchenling,女,8069,富睿思
992dc20d1900b68f32a84e9f7ce961bb,lilizhangming,135066201406222244,女,73447202961,8070,20140622,公胜幻柏
8071,95abcbd7fb3389e85a6c3d4b3c2980b6,JoyChouJonathanSalwan,75601230023,女,印静雅,015489199801069146,19980106
慕永嘉,19930306,男,fb9d4168c8d071e63ca7e3803da6c18e,054857199303062715,74710065290,8072,overrainbowliujianhua
糜砂,8073,212262201402219788,wangyuhuaLcy,75566738527,女,20140221,bc5b097c7891bcbb04ac2357cbf31431
19770411,376552197704117421,28f423984d1046cc3d973b41c8b656e8,73739278989,anquanquanwanglong,女,冬日子濯,8074
8075,女,仉督梓悦,19760618,ff6501f0886ca931f3239177232d28b2,754221197606184143,bywalksxiaoyu,76607093861
简乐安,女,19970711,75606768399,8076,b1bd11fba3f00980fba12c7c54605352,594812199707116241,lonelyrainsecice
be1cac896511acee15848a06bf7edfef,8077,女,972617197212010761,comarchivessnowmingyzddmr6,73665841086,厍狄旁,19721201
20200617,8eaf46bd588569f605825be1f6518d5a,75865276429,8078,男,璩僖,Southseastsaltyfishyufolishyuyuf1sher,211247202006171233
378988201408184223,395dcfb771c7c098474fda62892a92e4,20140818,77693580708,女,公晰美,8079,Aryb1nqimaidoukanluori
毛浩思,liguihuasuifeng,男,73220996636,f0b8b93943d571bac39ba85a60ba3b20,132298197205141915,8080,19720514
827498197805266083,0ef1f19b79aebf407d7aa2bb09a166d6,8081,19780526,吉胡英光,女,projectmoonlixiuyun,78621922383
64be4374fed9e072a40744e5e9498098,褚吟怀,20100717,scanfsari3l,女,8082,74597909864,996987201007174881
20160105,73354785052,53ceb4b190c5919215384d8c414fed0f,明苏娟,8083,男,NorthityN0rth3tyxiaocaowoboke,460423201601056513
8084,716a32a5072486e3dd2054882b61ae83,19791221,米力学,lifangnaishayeying,78482359834,206246197912210225,女
8085,20170803,幸凝静,73997986695,rdpdrops,女,b7869cb95d02cebf52701dd3f2a7d650,637474201708036166
78635246510,3eae508292a0102f777bc315b10919ef,yangjingCDUSEC,女,19720218,8086,菱昱瑛,233409197202187149
124305200801227666,容家,f82744a58f108339b3dd878f03164b50,n0b0dyhurricane618,女,8087,20080122,73170229978
fc83ed4725b07cbf051255d24d53d1e5,223821199603059950,19960305,75609374277,男,8088,冀千凡,Seaiichenguilan
上官歌阑,9b092ba6553247800d98e1e316aa7eba,78136216466,TomatoTom4t07o8v,8089,女,20010505,923674200105055220
20071104,78093562596,106704aaf250095dfd60def57db85796,397744200711040522,柏欣悦,女,8090,wangcoco413
家黎昕,8091,a89d1aff9a96ebd7084c80531f1bb39f,男,79179234989,19780909,196872197809096557,alipayV4kst1z
75273484910,930649199906201053,wangfenglanrai4over,19990620,8092,寿思怡,a4e042b67699d89695b07ed30be515ce,男
259694199203212336,77190261537,公罔亭,19920321,男,1022eaf718033a1b35fc99ede6ed3b98,guochandaxiongmaozjicmDarkWing,8093
景乐珍,8094,女,73836282516,119130198203290348,19820329,imapchenmei,904ddac8ac1e6538b446cf2a96ca9ed7
192013198503234467,LittenFisheraustfishgiantbranch,dc90480d6708f3cf945ac9518b7c32a1,19850323,温涵菡,女,79025392676,8095
77514308188,8096,公孟白柏,19701109,681752197011096049,kimpop3,女,55cade009b550db47b8ecce607981561
102515197704046728,女,尹梅英,19770404,8097,74969575997,b61d3ef065042b90f41afcdf20b51c1f,chenjingdevserver
19941205,3as0nNu1L,女,d5e7053c9a45169fc9cf85cce5485af9,8098,688294199412057923,臧子民,75350862089
376942198702132779,19870213,东阳飞沉,男,73785448948,ffc27fa80f6e9683c8c32df72f83dc81,chaojidaheimaoHACHp1,8099
8100,女,20081212,d049f4fa116335bc42362db079b74647,956345200812122269,wangjingsmb,78799888187,陆瑜英
19770729,8101,8442d3fdcba4b1c5e08d031490173e60,公若伟祺,女,75614223268,438587197707298641,jiheme7ellymlsec
男,3f940f8464869712869eaf82e9926aa3,8102,Kyriosl1nk3r,符婷然,19800607,434442198006076635,73161208992
女,77450401306,甄志业,8103,e7238b87418a7363d78997f8814efad6,878637198405152768,19840515,chenxiuyingwangdan
113440200301010286,8104,20030101,lanzhiSwing,女,79107161257,defe12aad396f90e6b179c239de260d4,苍朝雨
76757564462,8105,女,zhangxiuyunlihua,19780110,9657eeca6ad8543ca5c5b8659b45a6ad,公扈华彩,474496197801106161
曾娅,superuserliuhui,8106,1724af9c59480ee0afccfa1235654406,75070678264,20001109,男,576000200011091757
388155200710283974,8107,男,inkliuhong,郝文赋,78387912128,20071028,3decca3630c55263fce1bcc66728c57a
75110479372,工师阳飇,19741108,8108,女,f88f2820634abd82c238b1c68bf4ca72,RcoIlwangfang,329139197411085869
男,974706c9a251f7885a03a2d919511072,523526197112155152,詹杰文,19711215,securitywuliuqiang,8109,74926886262
女,8110,09146419780609904X,73507270944,19780609,董操,zhangyuhuaXDSEC,a2d4e4e601c2c83e276b919cac928330
8111,6ee3fafb26f6e41e0d233f6c3e42ec2b,鱼玉龙,123696200710076010,spacesongoficesnow,男,73819911165,20071007
clubjoychou,9d85cd8bf53996df44dddb9a988da293,公尚欣欣,77630121819,19740529,女,8112,419604197405297127
8113,19830822,4a164682648c9d91002f17edae62b6fd,705788198308227859,靳若华,73196148112,男,lyychenyulan
19770506,75986289551,939018197705063370,邓德运,yangleiadmin,3221f6868959d37191f335c8d0c248ec,8114,男
75625271506,404notfoundwangchao,859595199612154360,8115,32385368c8aa4e178da997544d07caf7,女,19961215,东宫欣
8fe9d58495f2f3e7f64175332d5ae876,女,73169068459,wywwzjjyzddmr6,41336220070210544X,东方昊穹,8116,20070210
77198425240,容彩妍,hacking8peterpan0927,男,f7bc31bfbe1685dee20aa4b54e0f815e,8117,19841015,413242198410155479
冯美,377696198909276343,effde506055f255a5cc0c9ac965e5f01,8118,wanglihuawangqiang,19890927,女,75985665667
松水香,399723199001259452,75135048822,wangjuaneternalsakura13,19900125,d4f8f6bf685c80cdfb82c8b6f43e267f,男,8119
顾紫薇,19720921,802449197209213529,8d332a49815d5780951a48cfa57cf0c9,女,jayl1nmylamour,8120,74807285449
0d0589cd78709802a64a9a4580ae6789,232847201503060764,瞿胜怡,74510634073,8121,20150306,huangyongrj45mp,女
73173714601,722266201805304931,男,8122,8adea04e76cb867184e6cf03ef7fcb2f,郗平夏,limeiRajChandel,20180530
谷渝,net9199771qingxuan,女,3d7be7b5ce0a684a326ac651d7e43500,8123,78386545765,20000301,55298820000301078X
8124,78221238818,e7f58bea1891c5929d555950f8efd262,女,yemolidevelopment,19781118,伍文思,574622197811186142
wangjingWing,752048200511197242,78877441308,b77428ccd74f5e9fccd1465a37aeca44,方魁,8125,20051119,女
91732419861028697X,倪菀菀,8126,78127122107,男,19861028,ymlsecidlefire,3805248410673a8be6aa4807e61fb5ae
男,579182198210290778,19821029,73653119105,8127,高玲玲,hackeryunen,a5ddd416fa52544f4884bed5b358af9e
zhangxiulanhuiyipiaoruxue,男,292694200406113756,25e4ce08281703e0cc9e8bb1da23ff19,20040611,79804521310,8128,康阳冰
女,8129,4ea1911a56d4a40a226cb7f95f395d96,78752154087,yanghuachenchao,19790225,韦华灿,863510197902250565
8130,f83a2f57c0a756bdd28e2aefa16f8427,339726200703153760,yanglongimpakho,75182537795,20070315,计桂芝,女
647702199307195154,8131,男,74772845795,公祈飒,2cfd61a132f855e3190786467a83ad6b,19930719,scanfsecpingmaoer
475010201403225139,73067216867,糜柳瑾,8132,20140322,mezhanghaiyan,男,2dc07fc6863b7b7638c337ed16685cdc
79653932325,19710803,627748197108035955,test1anhkgg,男,57d1e9df9c958488fd2cd92aee87cd79,戴启,8133
20141005,74952853608,8134,066632201410053342,女,361170a90e4161cd26091e332511a877,袁乒,gxgoodboylishuying
922670202003154669,20200315,蒋备,e89916389e58d0c878866e6890c820fd,mang0cool,8135,77744833402,女
8136,8c2042d74681861b703d1491fcab338e,女,470952198103234723,74855732323,19810323,璩琩,MediciYanhuawen
19980619,4d2264b1447c374afd5dae778415739a,liujunchenxiaobing,972618199806195025,78373082131,公保寻芳,女,8137
755498197605219047,公绪芃,74019244260,f5ef3647131d506669d3dd12b989f9a7,19760521,8138,lufe1v4kst1z,女
moxiaoxikingx,870918201309303161,出连小萱,75581943912,20130930,8139,女,05bbe5d1b6f71dcc093c01e11dda68cb
8140,19810507,79967354882,moxiaoxiXiaoTouMingyo,男,5363edf4f8139442e9171806feeb13b8,380434198105077272,柳贤琴
8141,20160311,73807192149,付马浩歌,603592201603114366,chabugspoock,d75bf445fa5cdaf934188f4957cf93a7,女
19741114,8142,zhangqinwangfeng,男,73445286403,a84de3e560dc8b1a34c6ec6425374563,721679197411141459,魏广
cdxyhachp1,男,19821026,1d5e3b502f5d5a9e8fa3b13cfbdb921b,中叔静雅,8143,75975963641,130305198210268413
养宇航,ea63b0820c456cf077715d1e84a0b9ef,925941200004274556,男,20000427,8144,x14hackSecWiki,77204453282
19700809,女,a17c1d226111cae1ae14ce2473004852,73044327897,8145,纪滕,ShadowGlintaccount,892140197008098969
19870911,8146,lizhiqiangvirzz,公宣亦丝,405093198709117134,79197213807,男,847809e6b2be25af0423d83fb9788e33
77600206177,20010725,8147,donotWhite,喻圣,男,7f813859a81b555c0e79a614c032915e,898625200107253657
男,8148,喻华乐,9c69580b2af584059b1094103e701ede,76414920110521801X,liujianhuayangyan,20110521,77220673594
男,养凰,d04ad7a21fb1192b8a888e27176d049a,20100624,75963542160,960775201006243630,zhangqinchenchen,8149
4148e119e8189a3ec8397c4056e7b36d,8150,男,蓟欣荣,427215200011289011,20001128,ksowo,74553362560
8151,20000114,78944737986,9122d4d299563ad3d795b90571234a18,屠仕,女,938576200001144222,MediciYanqiankejiuguanluntan
8152,20080411,yangminLovegood,男,411d35f3d64061754f673f1fdcd18a89,俞博厚,73799370911,629333200804118471
78035976336,5b0d81249f47f1b72e6289eaff997f96,973592201803308863,8153,wangxiuzhenmoe,工尹依风,20180330,女
001401201211240232,6fe3f052da7b394898ad2fc42d08d908,20121124,wangguixiangwanghong,男,79658563591,8154,隆苑杰
180705199206139024,公输晓巧,19920613,8155,2704ecdfa74e7303766beadb3a03bafa,zhangqiangzhaomin,75016389056,女
38071019761014406X,8156,19761014,78257542200,李含玉,48b9448820f83f527ab7ea04099eb26b,acrdp,女
279967199303082269,19930308,blogsirwangxin,76714571291,8157,女,胜屠媚,54fb972e9f76076e2ae188a1719eeecb
chenpingxnianq,fc91753426d9d541a8f07b2806e7dddd,73328834875,男,95356019770923047X,19770923,8158,付马晟睿
戈锐进,73613739456,女,deb31d57023424e513c14296db1d0a11,8159,336634198905129621,Ph0rsesk15,19890512
e2edec64fca9b3e7a22c9bc20c326a2b,公何浩博,男,masterMediciYan,8160,79300228410,19840907,145063198409075815
75237733480,男,liuminymlsec,华胥天菱,da22d92cd9a34a14f610d5a82ada093d,20060628,831911200606288775,8161
8162,20140613,谈白梅,女,655073201406136982,infozhanghui,cc5d4e7f163c24a8a2e9e399f7b5392e,79083052809
8163,左师霄,男,78365263732,d5fa6823a53c709246aa7adcf32e7e9c,20150810,534145201508104078,zhangliliMisaki
8164,步清忧,lixianglunlun,19980924,男,bdd1c9fcf9757dd19e1a1035c7c75c44,958914199809247030,79658910987
631172201302203513,男,邹妙可,20130220,9ae0147d65724f72f74804af4aac6f13,8165,77358456088,zhangdanszfszf
京城白柏,75098565950,290a2e6885df0dc47d418bed3f373be6,201232201409257575,男,suserscomuc531954533ea,20140925,8166
19900227,coco413lengye,75545414377,267c1fa75e39860a9f77617d194221be,于好,8167,女,534008199002277927
8168,75723065300,zhangjian0xMJ,19710222,572009197102223638,62293b5c89a9aa86cea2c020c4d539f4,男,袁欣荣
19841125,75750214662,350970198411257041,公仲天纵,Timenetyiyaaixuexi,女,721cf9ca5affc62b2dabc9b56ee07548,8169
4c559d73f63fdd53f183be068260868a,19960219,949414199602194172,男,77471264356,qianhaojunchenliang,8170,田欣琳
bc31eebb9301d69810c8d028b433f511,男,20100301,75558444142,8171,钱华彩,evilwingvirzz,023578201003018957
女,蒙玉宇,8172,7o8vl0ca1,65d33fd75e73e13b0732484fe170fbd6,73074383211,23959619741101016X,19741101
75685372751,男,864680198210091153,8173,公车秋华,fupingleesite,c97a0358c59888b81e7b9cd6691ce398,19821009
8174,544674201001281420,b63a3672d4e04b33388d0bec85f53baf,女,20100128,0n0happytree,卫天菱,78043051177
616000198112178133,公齐文瑞,8175,321568f35ec709c5aa4c93a8d0d0a1c2,75239856226,19811217,skyofkinglovewanglihua,男
19790310,25276219790310524X,8176,5d25ccae9f3db8b738bf67fa353c1294,78475355030,女,漕欣怡,Mourf1sh
282920199208294124,女,19920829,杜刖颖,lishuyingYiruma,8177,78740723752,07684a7db2c284a90bd477d0fd16ea2a
165058201601108418,男,d0f0c8f332ba8fef9731e0c393bb5682,8178,岑丕,smbzhangdan,75712899435,20160110
73144774319,021133b5cd6e8d0840496920b41ec913,武阿柒,747955201604269751,男,wywwzjjmylamour,8179,20160426
濮琨瑜,女,bc9ad98f2ca47c2ed7aa45b5a1409e0d,8180,J0k3rhuawen,73423008489,20030925,267923200309258021
19740418,男,0d0e09d663fa537d3b1a6a5a2ce0f9b4,0h1in9exiaoyu,8181,75833239139,310708197404186432,熊巧娜
19960428,金白莲,79319704026,050904199604283617,8182,liyonglove,a7d1a39928d1bcc256af1701cb6d3b2d,男
7663cddbb3c1e0f2c7a71e53745f21d2,男,19991017,966954199910172273,jbossmoxiaoxi,毕小溪,8183,78755814451
寇涛,2ff2d1087c3b8bfbae8fa84fcc8bc8a4,8184,059312200111040837,b1ue0x11,男,20011104,73708625524
20000225,男,e41a0f3ba1062f03717cec5278bc31bf,8185,balis0nglovesg,78675640208,675343200002255376,湛南霜
757005197804028266,4af5d463f7ce1f2ca491b0d0c9718f4e,庞霞文,73228311997,19780402,女,Jayl1nzhangkun,8186
e04dccc46cfe62742351d6ae5df6e754,75821513818,19990708,8187,女,629640199907088142,伍婉淑,pingmaoerwangyun
430e9339fcd59a20cbfe3d6cb8b5cd2c,929214197210179332,74699330593,工尹秀越,男,8188,19721017,chenping0x584A
73242746847,1b2602c0e48172ea51e3136d0d039a43,ibey0ndtest01,女,19801006,8189,公舌惜霜,954418198010064866
574246199907141481,ca2be9c4d725fb0cc9afe889007d6fc9,女,75305827883,lanzhiSecNews,出连娟秀,19990714,8190
8191,74852263466,19870625,253205198706250879,男,高凡白,retme7zhanglei,5de6b4465a040cf9aaf25a75639293a9
8192,女,286497201203070682,NoneGirlIuhchenguilan,左丘飞沉,20120307,6a204bd89f3c8348afd5c77c717a097a,77889501199
20150822,c1f68ec06b490b3ecb4066b1b13a9ee9,713982201508222531,董颔,zhangguiyingzhangshuai,73066957461,8193,男
Pav1daoluogangtesen,996349197304109373,79186592436,男,8194,蒙元洲,19730410,0161266e50191f3df8cddb5891489f85
95133319850218136X,19850218,wangyan03sec,77164764091,冷沦正青,8195,女,cb1384dd53bf400992e99c99592c4660
78269674342,男,335681199812054075,8196,乔天菱,19981205,bbaa1905131c4398617bc7dec79e73d9,wangjianlixiuzhen
8197,313122200304086727,77440440461,20030408,女,4b814418a05bf4f0bb0797d83b9c51ba,tr1pleWfzsecr1dd1er,蔚仪琳
580633200309164716,Cyc1ezhProcessor,男,20030916,73821349624,8198,茅绮波,2a1e554c10af7e02c9f344631643898f
20000424,8ebefe5b7affd92a5c0ef088184e0109,77745818928,74764320000424241X,developerswangyumei,8199,冯沛,男
606512200809285474,訾紫薇,20080928,952091b4880140e6ef9c5b628fbb43f5,lufe1hexo,74944100057,男,8200
费婵,sanhaoxueshengwangxue,77813292438,e2ac9ea5f4bd0039744d908dacca5d45,14343819820128446X,8201,19820128,女
01185baa44f3369336684e24f316ba90,262370200607062470,男,78937398171,Vancir0aKarmA,8202,丘陵琼英,20060706
慕融,79349169092,8203,166578201411011045,zhangjianhuabeysec,d685e401dd322d24f73596de3a87ad1b,女,20141101
戚梓涵,19781016,c6c064abe70a9fcd3141ce96745258bb,399734197810160428,zhangyongnaweianquandaohang,78173207241,8204,女
500448201206259089,75144788450,公建夜梦,8205,女,20120625,4d9398edbb877def7aace3d9bee3e103,wangxialalajunNODE
78061410298,c8ff41d03ead644139081c38bb8dc520,上官萍雅,20160709,女,8206,587503201607094549,seebugliuping
26387634134e8c7f2f4a69fd668faa21,8207,954822198806219938,73788795421,伍妃,LonelyRainWester,男,19880621
8208,19811018,公乘雅寒,532407198110186933,77568635295,chabugzhaojun,男,b5057b56f981f76a14ff1a7c68d7a2e5
75243149972,女,20050528,k0rz3nliufeng,b2d825259c1237358ffbfab389836bb0,蔚博厚,694262200505286664,8209
韦烟,d2cdda45754ba357bec4b7d8cda38446,20020925,326083200209258967,女,MediciYanhachp1,8210,73121517421
8211,Adamlvwei,詹永长,20051108,427a9e3e3cf96f6030b7746cd3c5bb3e,13231920051108065X,男,78917200222
517572197912260858,8212,repwnwangguizhen,苍玉琲,74792577356,19791226,男,b203451397ef8b06dec8e220af38025a
20160730,女,公荆彤雯,d329e56e18511c7dbd79c793cf1597a3,8213,74820653709,978975201607306780,l1nk3rred
20091218,8214,4ac0a4ab45a6550a742b21a2aee94e2d,66460520091218164X,77464861404,symbo1wangguixiang,凡闾俟,女
afbef1e87b011fed7290d57215c1cbe4,19820731,仲孙雅懿,620169198207310630,8215,cL0undnet9199771,79311860134,男
8216,orleven0x002,20100114,公施力夫,男,76607365229,163494201001145675,07e64764fa2daf5a56fb7d5dbb7021fe
73853384886,20100619,8217,chenmingn0tr00t,女,588491201006192343,古里虹星,cf2fce723bbdde1ea57756037f9fda41
蓬飞燕,75115867036,20041018,retme7liuqiang,968727200410181816,8772803967809e8c3f13e1ccbe524c09,8218,男
zhuiguangzheVenenof7Veneno,19751226,085079197512265561,13ddc6d1796b1e4473dcb53eb6aa6f2e,束千束,77795850613,8219,女
8220,男,Orangenetblog,449579200910119730,1481926502c69a3256a27df6cdbaf22c,王文赋,79914681619,20091011
19970414,袁旷,73129409731,7285600f1c1807a5e44b21d1ce293977,404notf0undJrXnm,8221,女,487394199704144161
986556198303208529,8222,19830320,e19fa15b3b17c80bc53978522a254d53,女,omaebicTiaonmmn,司空操,78751264658
securitywustypr,女,20200303,900ad0e717f0cdf4d075cda409a5b1b5,8223,75535288732,徐欣秀,211750202003038264
吕皓洁,19750329,p0seczhangxiuyun,8224,794158197503294352,男,74965704176,994cf3ec421032c0043df6be00f50b2f
06210641a391b3f8d9d771ec15a2f5cc,公晰妍彤,8225,男,20201107,77550432963,liufenglinkarticles,653217202011073676
8226,79079097669,42ddb1dd1214e14c981f688eac83fcb9,20150107,钭英悟,男,sevckGroupT00,324111201501072170
44cc86b74f75866c70c84a76ad76de37,女,646754199002019366,能布衣,lihaotoday,19900201,8227,77185594584
8228,f46f8e1e96a854f1d987b0c6d9decabf,54662220190215538X,77167813508,zhangshuzhenrickgray,20190215,戚惜,女
19760614,钭如天,hpasserbyYokeen,8229,女,343732197606145143,78584807859,40611b847ca036e0d9f944b54a869e2b
4fdf3a1011d6520fe56f192cd337ad57,东乡紫蓝,19881206,klkxlixiufang,74686373990,8230,女,185566198812063527
20090226,女,wangyulanchenqiang,酆翰采,596759200902269347,f2b49cc7fa1d7165a9437109c05b97f3,77571128417,8231
4212ab078e3da99e92ca8f932deb2105,240286198506120467,19850612,75261753117,zhaojunzhoujie,8232,女,任绿蕊
8233,隆悦欣,4uuuNyaWe5ter,女,19840306,73994519840306324X,75133041561,53a8df76f97bcef63d941a6a437755d4
110792201312285511,古龙琛,20131228,78592885408,b7f6593421d9f21bdd5caef01b24f5c8,liujunVirink,男,8234
502672199507287887,靳平,79563658298,b6337791b8ca881fc75f280fabbda7ae,8235,19950728,wangshuzhenchenlei,女
79530907560,13137720180330857X,wangdanttk7,男,20180330,483e82ed17c94d18ad32341ffa4a6548,8236,戴新梅
520244411bb75789876652f655494e35,毋晋玉,20040212,repwnlihong,男,8237,566524200402123919,75122667015
8238,赖鸿信,Zeddgh0stkey,73073534800,20050209,044ae786c9a74434e9e29f1714ee7a2d,女,942867200502099964
8239,5c57d202f2f64b76777c16d30b241693,limingmicro8,325703198008143413,19800814,78250932992,男,冀家
d63188e566e578153920628d8049bb6e,77231825450,家聪,raycpanquangongbanzhuanbiji,8240,女,20170115,549744201701152488
06ec8ebbfca769df4c739a45d8b8ae25,师希月,liushuaiyangbo,79903502666,20190110,女,8241,314004201901101689
474724200807183335,backcover7ZeddYu,范嘉洁,8242,238545b6eed6b5714ab09db124f71eca,20080718,79160521468,男
女,14b8848405eb88cb1ba1b2cdb7f827b9,78749710415,Patrilicwin,8243,穆恬萍,906727199209249147,19920924
southseasthl0rey,8244,986ae200978689742623743c361c093e,20090714,简维,072388200907146930,男,79120834784
3d19cb91c1febf06ffe84b019de720af,lixiuhuaricterz,8245,20040907,穿封飞白,75110810484,922409200409078713,男
securitywucomuc531954533ea,941768199703190312,77452180363,19970319,晏炎彬,8246,fce26c1dab453755c271e5e4c04db103,男
4cc51ec236582a076775e415047db6d1,79376695070,19730426,liukaichenming,282965197304266653,贺兰七,男,8247
wangguihuayangxiaodi,77277061160,芮曼妮,7f60055d856c423b89e0a14990461106,20020913,女,89152520020913418X,8248
280836200911145621,女,8249,74741448104,lijunwangxiufang,公师滕,e31d0cc355093c8fd68e48f3c397ed6e,20091114
8250,男,75992643745,慕巧玲,c23d9335a1dc9a57e50cfe99a7dcd264,19930526,966819199305268352,yangjingGlzjin
zhProcessorzeddyu,8251,78530573922,19711029,891695197110297851,c265b4a07066bf23a534745537f697b3,昌俊迈,男
73851456055,19770214,liguihuaklaus,男,古冶含蕾,137005197702144412,65964e4613fe57e19ecf87c9e891e11b,8252
东乡涵容,女,19800502,738970198005020020,a8afcb40d64cba8df79b77820dc48d3c,74709966465,lihongSky,8253
19741201,女,9314275df26a572171a4e68276d934c7,74664161531,wooyaachybeta,8254,125122197412017085,公车葱娟
peterpan0927sinaapp,男,19890923,8255,199118198909239456,79104117836,b2b496c7b9e4beaaca3b7f3e5b5a12a3,郝凡梦
73194849754,男,堵蔚然,hpdogerdaybr4ak,855206199605116018,d93ad40d171cab903122b48497208e07,19960511,8256
逢沛文,zer0yuretme7,214005199301117137,76608846164,19930111,545902df657621f2884d0ee0e18c6b93,男,8257
8258,鱼涵育,268765199902045260,75618888672,19990204,9e1d56c55edadf992e853645df5388e5,Yirumapeterpan0927,女
8259,19720512,男,wangxiyuyangjun,689315197205120039,79816829834,c193df6480c82d320df637aa222d519b,谈采绿
8260,1oidtopsec,华胥灵竹,19711110,女,07076019711110606X,77522438174,8c52408ec0f33ddce82efbdb8e70f695
035198201311153170,古成寻巧,20131115,男,77595932360,8261,051c1f46d28617da1d18da2fe6e87ef8,anonymoussever
男,逢天和,20180419,8ecf8892346e5bbf3dd479396569fbe4,78852358134,jiseclilanying,8262,869640201804196372
男,甄文斌,071370199212258872,75275930137,8263,lijiawangbo,4807e8b183569dbded38d1de24eb7802,19921225
蓟正德,73954602886,8264,19760714,男,687584197607145716,e93204d0a7375130d05a79771c96db8a,1aqliumei
77de0440da157dfe5ec85997223ab6f7,20020913,liyumeik1n9,8265,逯亨,719040200209131857,男,77823804226
20090304,男,古里琼诗,006782200903041773,78231505211,backCover7f1sh,36bbced579931a855eda77e737f053c6,8266
wooyaarcoil,19981209,屠明熙,8267,78439610489,b8a58d51d8ada1a7540ee1df3f97b256,39732819981209504X,女
女,e32073ddab2baa9bcfe4a5dfaccb9ddc,91369720060920216X,79198634677,runp4nda,8268,20060920,公析元瑶
公齐亮,8276663058a5bca6879a4a5eac336dd5,wangweimars,848243197006037354,78690743793,8269,男,19700603
77385906926,19711114,8270,女,985612197111145344,guochandaxiongmaotasfa,435bfa0c3415de27a3e9d9e7ec0c6f9d,富嘉勋
wangyuwin,77624140122,党智明,545273197803174671,19780317,男,8271,5ed78088c79987f4cede4790cfea35a2
8272,73912988783,宫高兴,legendliuyuhua,856461197701107434,19770110,男,516cceeb600c73950996008739f77dab
成阳飙,男,20081213,7fa8c4c46675f5a571de3444757437e8,pupilsmars,578781200812139472,79302798664,8273
qiyuehuosinaapp,c12fe61bd3ba4f9925236dc85687aa28,男,20201115,79913166972,8274,公群宛,960609202011150012
8275,万仲媛,77290751768,男,net9199771lalajun,30aa04861d836072779cd4a3175dee27,19980307,799265199803077571
19910603,女,65a2e367658df98c742ae324bea2ca1b,8276,宁蕴和,746299199106039088,silverqianlan,73896044088
男,434969197201306152,bcf7cf4509c1976ad2cd9f64d9c3490f,尚暖怡,8277,liujunnavisec,19720130,78637553746
女,19840221,冬日庭酪,650805198402216924,wangkunJoyChou,8278,49464e96b3d353339a01fc49bc5f010f,74813320218
束娅童,19980729,75901029841,890963199807291162,e80491284f8cb381448dc8eb35c6bada,wangfenglanzhangli,8279,女
充志,76737124743,19910718,57269b65e500f4cec4c95e040d0747b5,zhanghualihaiyan,80563919910718291X,8280,男
女,mitahlvwei,484723198702263123,8281,dd5d4c765f2345535e52cc490bd38025,75868199371,公晰又莲,19870226
红喆,73775429720,19730714,164257197307143874,男,8282,qvqxmutsec,1031e8556d71e4d112e86c79ec8b3f7a
zhangguilanzhanghui,79614462371,726459198612231920,5b698e0e581a208b3ec11f28fcd34139,充修筠,19861223,女,8283
44bc64daf3c37a7ada23e63a137310bd,79959747585,8284,女,20030502,公输频,524993200305026725,repwnMagicZero
8285,19950513,rcoilio,454c450818d56283b59d89eae4f6ed5a,男,璩溥心,117590199505130455,75501955277
55b311d5fac8fbd2667c6995c289f5ff,708128198009053143,verazuoxdsec,汲洛,19800905,8286,女,73404923744
20180710,307c02ce06b93cd93ae1ca76d6ab42af,公旅夏萱,男,184278201807108471,77270104020,8287,wanglanyingheavensec
76660790413,lishulanappleu0,8288,19721029,307603197210290538,男,bc260c8a18f17a7eab0b73005e1614ab,相巧玲
a4e954e9902d47a99f77a549345d2bca,73443948559,19820816,8289,inpenetrationtestingrj45mp,石佳莉,327654198208165867,女
男,公行佩,c144d9412ecff60183891ba05ab4947b,19770927,yangbinchaoge123456,133585197709277619,8290,73022143181
brieflyxcdxy,巨母昂,女,74632825033,03faf66807a88ab1e41ac70aa48ea0f1,8291,19960618,068903199606180323
304097202004243712,20200424,73819758771,954386a45947c712f67761f02660a59b,男,8292,付里晋鹏,ZO1ROdevsql
75591917524,88dad56a7d0c4ebbec7f306e008cad3a,女,8293,804506197508247160,zhanglilizhangjian,19750824,汪菁
女,wanglinwangyulan,78739432522,南宫斌斌,18199819981130816X,19981130,8294,981e3c101ed5b648d3ffd098ac49ccd5
8295,公仇映雪,276141199107174078,男,3bf71a1f80aaeadd1f617b8df97537dd,pingmaoerlcx,19910717,75612097121
19980103,75985796938,女,36c4a99489f5fe031bec226c8af6ddc8,97944219980103958X,8296,codersecdesign,屯浑益
岑南霜,74633750183,97862920091124807X,webMoR03r,2bed64834d3bd81ed7da2f882d64edbb,男,8297,20091124
8298,843705201707172122,女,20170717,byqiyouTwosmi1e,4238fb573750a0c4d780cf8a7d45a7e5,水哲妍,79943978339
8299,916744198212027266,wangleiyanglei,舒蔓,19821202,77654433596,cf4075947101f172970f6aa79d37ec89,女
8300,383593199707140235,infohuangmin,00fb61b8325786543583bc85ef12ee2b,77161895521,男,岑乐逸,19970714
29667719900531177X,74846374628,e76fae2e2d02c9de72585bfb3746b4d4,8301,袁建同,19900531,男,mianhuageliuping
5b550a65fbdee03fb2c157a81b590328,8302,sh1yanLteam,894655197401044653,19740104,74841986398,公冶笑萍,男
thinkingszhangrong,8303,女,19900605,凤庭酪,749a82edf12ec59a7f8f09e08730908f,276265199006050726,78594613732
女,8f05826f86772c15e67c38485c6ac7d8,19771202,104053197712027669,8304,virusdefenderLoRexxar,东楼安易,75972353584
女,224530199305296588,19930529,adminxxlegend,1befef2a9828fe48154eb28a7ecf9dcb,8305,73577145228,邵洁
4d94a8cb3091783b8fb9a9eda8de1d07,宰嘉宝,75742698964,男,8306,meizjm3ic0ny1,571186199509028179,19950902
lcxxmsec,73767728614,男,8307,5f1dbb02f13cc802697a4498d28de0a8,史水风,145211201512118130,20151211
东关文丽,19861105,04619819861105376X,8308,75585067582,女,63adb1837c052f7d91df1b4e0001f39f,Hurricane618cyru1s
liuyongwangxiulan,89e29ba7c5cb7e2a2da1b503a44c01e7,8309,公正阳晖,74992455170,534161201803074633,20180307,男
从含双,19810825,ligangleavesongs,男,6090c5457d1e0e3bfc25402b41f6204d,49663319810825927X,76794490076,8310
公保安阳,65050d4a705283255395ac1119c23e21,8311,761271197805218636,77222239524,男,19780521,wanglilijkangel
19910902,73882572167,男,1c4bc6b9eda631f305741fe3146c0b0f,338152199109023916,8312,公石广,hl0reyTuuuNya
1043e5146ff463bca3328fa4a6f9bdce,工尹丹洁,19771218,女,485313197712180446,lichunmeichenchao,8313,73921646464
pingmaoerleixiao,8314,赵茂材,78587678540,女,19751106,987890197511061483,bbdd90838ca2ed7a9dd6cd719657042f
9bf782a6527bf455212d34473d354e33,男,聂弘扬,19760126,8315,327844197601264953,li4n0qianlan,74828864000
58464319850318977X,77637010322,MistyWho1sCarl,21c3f39621356223f69a250639c6d253,19850318,男,石仓,8316
77749690746,8317,19721209,352636197212098859,男,羿莹,mochazzdamit5,ff00dc3763589a878be8d07369d8a550
8318,40275820060520685X,男,3as0nlorexxar,78dab991d344492dcd455105ec47c661,78710459955,耿梓涵,20060520
Adogohlinge,19760101,8319,75060445540,东阳俞,238021197601019262,女,6e178ebb1bbf3a93675a4f35e19bff66
944225197408307828,19740830,女,8320,a713ff1c1556756d354bc7328dce84a0,公先以寒,73016834793,lingzahuopuxia0yu
20121204,406f7e03f0e51d9f07fa3de7d2bf0501,隆宇航,346378201212044736,lijingLoRexxar,78786494100,男,8321
信平天骄,chenqianglegend,79140915625,cd46dc87953892fb61bc2c6191bcf695,8322,612793199002107433,男,19900210
8323,男,07566419850907671X,47796c4e7eff90d8c91f9c09701d9cfe,75824781899,俞凯捷,kimXMUTSEC,19850907
19800202,79969029317,8324,乔永逸,dd0b72d06d9da1c669c82b58e920a7f9,honeGetFlag,240161198002023580,女
8325,04841019871127133X,男,wangborickgray,c09f15f0eb3bbe21caf136c00691c6f7,75639760303,19871127,工娄仪文
阚翔,男,836216199209249214,19920924,8326,liuleizhangguifang,75056513090,3a13195709b531982696af7ec1764484
20041206,92c8cc7506ace26ced9c97318d86f529,77861541927,413680200412067851,武建茗,男,wangxiufanggorgiaxx,8327
78245872707,19740726,severrickyhao,女,鲍德明,517821197407261127,7c41e5ad9d8ba2dcca328647c2f6334c,8328
男,73316785159,8329,772340201803045973,20180304,MagicBlueCHxdxd,c466b62d6f105849257ec1d8d54af9ba,吴庆生
女,关怀慕,8330,20061129,906533200611297085,bsmali4wangyong,73475756904,2d1ae426866f237b2a2e900aa4a4a5d1
648572198203170010,8331,78306069589,91xxauxy,5e52649c2a8af9fb32e42bc57be3dbab,19820317,男,公甲飞
女,盖泉,75103972318,558eefb482a75495609a0baff34b12ba,19870328,750545198703283360,8332,lijianliuxia
男,20140228,364133201402289951,75640131858,8333,69627b04d54e82435cb1f75c372f9192,zhangchunmeizhangliang,甘公昊穹
8334,女,燕怡和,251ca44397fceb981ae6c6d7e037bb24,Ethanccklostwolf,79108605751,836841201909235023,20190923
139459201011048685,20101104,gitbooklijun,78472678411,8335,工师箫吟,女,6d6abbb5d74da54f90b457f4dd664849
058572197103090924,祁立轩,superfishzhanglei,77249750864,1718782266da9fba086415824f8f94cb,8336,19710309,女
445762197904167678,男,73905067067,林乔,lijianliuhui,8337,a714ea5eb2b98816c754f9462133e2b9,19790416
77306684623,Seebugzo1ro,8338,704293198602156679,男,19860215,544ea80c5168c32a0c5f6bf82ce6df8a,丌官成
19700426,男,78853270669,452707197004263271,常代芙,8339,044cccc76a056201b1e880a2eb0d4bcc,hexincaijijiyangfang
79384932526,仉督星汉,chenxiuyingSouthseast,男,305436199611255235,b6ab40656c6e0df72e93679288a17bc0,19961125,8340
zhaojlijian,416364200104234570,644575ce3de65a056e9198a659d215d2,20010423,78403860213,8341,男,东楼旷
古里绣梓,女,20020507,d8424179d0c49c12081ef2c43742fdf5,359548200205074569,73960293713,8342,zhijieimpakho
卜醉蝶,SycloverSecurityRicterZ,20141117,a8641b91ac5cd722a19e6b7023c0f0c7,女,8343,040510201411171540,73412076758
梁勰,083319200909131660,8344,P0rZ9jianshu,女,20090913,76774678540,3d19dc5f0f4620aac353b8b11362438a
74099124700,6468998dc97777bcf29eef52d3c850c4,20130730,男,8345,gaofenglibing,贡书云,055389201307303170
8346,19831019,lengyelsafe,46163219831019782X,78135792768,女,党有,92d14fcc070f1f97cc59112892f9ac41
常弘盛,534676198909218735,19890921,Winter3unliujianguo,78578220006,8347,男,1e22091d981b3941b3bb460fdb68001f
20160217,8348,xiaomilining,左丘力夫,女,75718758459,170792201602171521,1218f2ae03a2a131ae5bdbf0ccc08b2b
646c9b0569cc5b00e1915cc0714ed4ad,19921227,omg2heiLittleHann,8349,慕正真,477883199212279488,女,76732475926
8350,公旅平,74099266918,20150414,女,58faa9c20ceaa5a4062258f96198934a,2kbaddon,635126201504147260
79995497183,闻俊豪,女,ed0a6808c91e50651bf3237ccbe26e94,blogsredteamwing,8351,19961004,016234199610048582
7d0156564844afb35d18f6cf50af4ce8,19940103,P0rZ9wyaq,381268199401034320,8352,祖哲彦,女,74960207805
20020619,77156037931,GeezK0rz3n,8353,扶斯琪,女,173860200206191822,240a6337913210f03b9e8806c15e031f
74765205228,K6Mour,667240200302135072,柳征,20030213,男,2c976c3d502f0806a0f4565a7e23eacc,8354
793487197711094782,8355,19771109,a34e76ab00330124142732cbe20cd2b4,mesunxiuying,74589277821,女,杜子实
zhangbintomcat,20111014,75699820111014786X,曾纲,女,74793536319,8356,be25eea8eaa4b08a77867afe96a9dd91
索建安,3710f837bc3a5e9ae16e9b3c94cfe177,8357,男,615110201104043433,20110404,73885273286,eggunclercoil
239619199403273973,19940327,男,75583510749,8358,luhreywangqin,04736a364cf627bbd2c8909e59cfec54,阙友琴
女,78666187159,8359,886352199710019623,4f691fa671ee2397da044699e101733f,施昕,19971001,boluochuixuejiheme7ell
91181219890803814X,7d65262ed92b1199398d3476ca979cd5,zeddyuzhangchao,19890803,南宫天材,女,8360,78411501362
充代珊,c22c18c396d1ce79db33ccd1f2e7a04d,591816199606020585,incc,19960602,8361,73623483188,女
20081026,75745028738,8362,598992200810260053,男,安刚洁,wangfeidonot,1f2f20a2bb1547ce9dfbd5d1d76d945e
6412121cbb2dc2cb9e460cfee7046be2,女,450035200403137360,20040313,wulidecadeLionEiJonson,8363,78600059718,元高杰
4ca8b429b45e0f1b763b6339ba8cc399,男,8364,395416201807224757,公妍,74050283094,20180722,liguixiangAtum
rickyhaoriskivy,19720222,79964752407,aa3c3af37e6b24ed56babe2ab98c95f9,309332197202221310,禄光熙,8365,男
8366,374437200602152123,贺清怡,lijunheavensec,ccfdb04519d1e85549a479c897b27d5d,78224791745,20060215,女
男,19781205,8367,74759143481,高韶美,laucyunliujianjun,679973197812050313,47288c6247afe2487b9dfa46b4080488
426842197508120277,柳雨珍,c5fd486648ae1a9191b3e1fa31f2e22d,zo1royuanchang,男,8368,19750812,73524390257
pupilessaltyfishyufolishyuyuf1sher,19921229,岑平心,310534199212290471,男,8369,78436729288,48a6da809b0844aa1651c678138b551b
73604848092,19870828,5f948245dfe37a53a597c58666c93566,常俊发,706795198708284136,appleu0pro,男,8370
712279199311084238,wangxiuyunTwosmi1e,19931108,男,8371,c12fd370f80b6a1dbdf9837c54c234cb,73877222926,沃明
从茗,19730119,8372,502555197301193323,女,3abeb235557c698eed3f0caccf44b7c8,zhouyongchenjing,73368339495
19861218,公析高义,77356530933,qianhaojunp2j,男,456760198612183611,8373,88627d1fe4d5ef9e8b341f0dbf0370b5
臧正文,19980124,77108002616,728461199801246556,男,8374,419c8afc5b03746d0ccc0294a1a77824,impakhoexiahan
男,73588477063,anquankeGinove,东方浩涆,7576486f56c2060f35af6379b69cc821,19840409,8375,616990198404093231
20111025,空相兴平,女,re4lityFireBroo,2c324de4e914dd32cf96a5ede7cfa43b,899766201110257884,74866670650,8376
Kirinshpasserby,900394200402010013,工偻盛,79154062488,50174c7a7be63191b9d4ea85056f2ce0,男,20040201,8377
0f18e450a6fb4236f171fe01908ffe46,yangtaolovesg,孟密如,20201217,女,8378,695554202012172729,74773338332
991463201611096864,liufangn0b0dy,20161109,f5347152d27cfd20240b0a3b9e6a0f75,76704746090,弘时,8379,女
男,19800921,vancirretme7DiShen,664942198009212970,8380,79351976915,仲长炎,5416d7cd6ef195a0f7622a9c56b55e84
xuemingSky,19860627,77858157502,627081198606276949,f61badb494fb05b412d721381cbfefab,8381,公建帝,女
19810820,BerL1nreversing,ba3a73d812415ce36469d0b94f6d7b5e,8382,77244746745,女,720862198108204063,向辰
chenyulanlixiaohong,8383,19940902,女,6ee9e17602bc3e45c6efd5b613f7e24d,晃怜翠,538506199409023644,78808249864
8384,c9bea1a8b47c4f8dd5c0426e1077abd3,19920207,858312199202079027,wonderkunred,柏鹏赋,女,75505760172
404169199602047745,丌官绿蝶,19960204,73023591343,8385,backlionchenxiulan,女,32511619945fa2b6ce38ea4f1953b737
从冰心,150497198203288658,8386,男,74014168356,chenhaossh,19820328,edb5d6d238b4d3a08697189fc96f7829
19980607,8387,6bd7dd245840f8b6e29523d5c83d64ec,女,26366719980607868X,P0rZ9wangyong,77203714916,唐芬菲
75869307344,sshmengsec,女,公旅嘉珍,b181b0c4cd0be6986345993d23b11f50,19770928,8388,667598197709284586
女,wanglingblogs,707cc67f3f0d5ba70f06f2147319fc68,19960103,8389,848403199601030789,79835296652,闻正妍
085745197806010438,男,notwo1fK0rz3n,胡毋书蕾,79695276526,31daf8cc58f9d1e85e309df46f6c7adf,8390,19780601
ZO1ROliguihua,8391,75753592982,19950707,510770199507079773,dbb94c59ab45615381597e5deb60b289,男,苏语儿
8392,071216198410282250,19841028,928b4f224309191dca0d3ce64ce3ae64,邵馨,77439071275,男,lilinlishuzhen
女,74734950740,8393,古树,6026f05f5e83feb7744df2f153dcd000,test1liyun,356192197604133083,19760413
女,54a17dfdf38db88add060b6e451f2c36,20161002,060716201610021046,东楼千柔,y11enZeroKeeper,8394,75534554854
comu121bf0f6b3d2WisdomTree,8395,女,19720530,韩凝竹,631615197205302561,d9d50c6766da5c6de12038290191e86f,79037740685
74756181685,51920b8fc94800f9ec80033d2fea1be5,女,tom0lichenyuying,8396,852120201507022826,20150702,詹女
567995199010027541,魏魁,41f81d686a1d88b6af13507599acfa30,78331244601,女,8397,19901002,nanmingwangli
603704200302199241,75137571475,lostwolfclub,20030219,吴俊,8398,3a880fc8e4ae69ea3cfcf7a2ae70dc52,女
8399,富安晏,77588760857,77b2789387f7d1038bcfcf08ca1a929e,女,20110214,762470201102147020,wangaigiantbranch
yangxiuzhenzhangxiumei,20190512,女,726055201905124149,dd4a70e20ac09d0df79e78356ec900cf,韦心思,8400,77670338399
19970102,8401,78399284705,jkangelmanage,795713199701027511,男,f1a324cf41c62725d4775cb12df933cf,罗柳
dea25b0af6cc5ea9da4961dbc5ffeb97,公敛翔宇,8402,19721110,男,73769923036,960269197211101718,yangbinlightrains
HACHp1virusdefender,79979614341,697372199601223431,公山春嫣,8403,19960122,994494e320fbc21c7d7e49d2d9e4036c,男
20160415,牛俊哲,75788647051,男,933416201604153732,b8a181615771f17ad63249f8a30f650c,8404,KxCodeNoneGirlIuh
74757393729,公行慧,111413201705176235,8405,0cxmanage,20170517,c596fd7a0b4218810244daf00e91336b,男
pwaliyun,19770814,女,79504554591,8406,00f92e40233541917b098f3f3c9942d0,弘元化,061564197708147765
19850929,cf0350b27ff8ecf23034a00c504b212f,956356198509290357,77488293698,公为文滨,wangyuMisty,男,8407
男,code2seclegendsec,20000829,365480200008293538,8408,97d6324fe604e04b98f5a708f66be1e1,蔚凯,78599039634
965175201712299430,8409,男,侯冈小枫,smi1elixiumei,77623040923,20171229,1083e6bb533bd482711d35225bad55cc
Cyru1sGetFlag,73684467344,19850607,男,374009198506073559,滕修德,939ae4f2687ac52eda546100e3e68184,8410
9859a0a50a966a5cea805a2d5bf6a381,何江雪,lteamhacking8,329144198405225154,19840522,8411,73969710105,男
8412,93307119980816097X,男,db5bc3d438dca016e1c73308196d6c82,19980816,舒玄雅,TomatoTom4t0pirogue,73598825978
wangmeilucifaer,8413,20161217,d38e66fe1af072e249644948686ff9a8,829085201612177225,女,韦易,78270977347
252597200011157187,77746640031,a8e873220711a798b93da28828ee4eb5,女,20001115,常绮云,8414,zhangguizhenmemcached
75244047389,巩伯涵双,男,948efd2115e1e949dd1a0679f1addc20,571595198405195312,19840519,comubf30f18c872cwangfengying,8415
78776968630,216486197701172955,男,e40197bbd7fdde7005f94ee7fbe76c64,8416,19770117,傅卿,liuguizhenskysec
女,8417,74746743816,552484201910205443,344bdfac980789647eb4c6bab71389a0,huiyipiaoruxueyangling,东楼思雨,20191020
8418,LANVNALsusers,073f300614364d9eee5131620387ab83,20111114,90141320111114708X,73911072181,女,衡初蝶
男,19920727,169255199207271933,chenyingdaybr4ak,aeebe2ce221851f65e4853c2218c4d4b,78945491632,8419,常彤蕊
GeezDa7uraN0ir,20140207,033048201402079470,78466116958,水念文,7e16c7da57c0362326420704fbd5002c,男,8420
男,19730114,692242197301147572,8421,imlonghaolingzahuopu,庄爱琴,5a6367fced7920eac4f07aa82094ebef,75176920416
8422,20010731,wangguiyingwiattack,戴俊发,女,75794224290,e6e0fcd647a5b465dfa73b489cb9de5d,019112200107317145
a62f379adcb64f41e4d6e605193abd35,77757586684,出连莹玉,8423,20040301,男,572631200403010315,sayhievoa
女,wangpingabcdefghijklmnopqrst,咸长丽,361092197509295844,ca1cbbcbcd0fcc3908599574c1ee868c,19750929,75637183920,8424
75370373768,苍修敏,男,8425,wangyueonew,ef394cf029294eb61e335e25e9489e38,750624199109297717,19910929
19800928,8426,111537198009285528,汪兴,78738132382,女,moxiaoxicode2sec,aea2586a524cfb00c2613eda214bba6b
866084198203152135,8427,19820315,陶康时,LANVNALcyru1s,bd8766ffd7e8902276d5bcfa0266f3ee,79631623147,男
工偻开朗,035103201104017639,20110401,73466413283,r3kapighuangmin,047ec5d7e5948c2f0de9ebf59ceeb979,男,8428
78827119588,益彰,277904199506298943,lifengChu,女,8429,3dcabc79ae03a372019fac2aa3f8c07a,19950629
315970200303252339,工尹朗,1eb314600002afaee5411a07d710412b,8430,liujingsunwei,男,74698761886,20030325
孟华乐,女,20000110,74944248115,664104200001109766,7ed241e5a848bc3b59bb48f9b865617e,8431,z3r0yuwz
20041111,75239892090,08e3d66c1c2c6fbe827f1459ac8cb34c,50863720041111537X,lucifaercomview,8432,男,屠绛
tr3jerhpdoger,19821015,男,胜屠子怀,909947198210154115,5f971ec221598e0600263757a475b16a,8433,73001346643
赵淑,75278905726,522937198908042887,女,anhkgglixiaohong,19890804,8434,f4e1e5cc472e575693cdd239b8099f5e
阴淑兰,22958119731015124X,8435,女,19731015,zhangshuzhenquininer,d504256a3bd01dda90e0e8b44634479b,73622797093
牛珍瑞,983541201309265230,math1asliujie,7452988cc9e9a41857de1b28b5af0123,76663833127,8436,男,20130926
04073820200210658X,8437,yzddmr6appleu0,20200210,女,73931096558,公刘雨,a47f649e25dfeb54341230b5cd9efc30
711de659b72e07eb10c89585cb85d8b3,8438,19970124,74768568705,474718199701244758,男,fengzhiqixidiwangfang,喻雁卉
19960615,男,78805366497,thinkingseonew,8439,890622199606159014,宋冰夏,0b42d58a21ad6b2c58119dbc333f43b1
e3254a767578be2bcbab8da8cd2d46c5,82283719901226441X,男,78290311025,Decadeliyulan,19901226,丌官琳晨,8440
031697199305104935,6f7cf4339194bfcbc42f44360834d799,73464145936,8441,zhangfengnaweianquandaohang,19930510,男,衡开霁
16167819700207627X,WisdomTreeomg2hei,19700207,叔促棋,a9795074fd4a3fd7d23b241c55691467,男,8442,75696274565
79684048269,男,accountshiyan,20060812,eb5bd550d96a1e24c87731ce984b2c56,8443,傅忠燕,500348200608122974
924454199807220015,8c7e305bc4c73acbac9f38fa692c6afa,男,Hurricane618zhangguirong,78293722197,8444,19980722,冉心水
8445,78592209440,20150930,b4e7cc6e5ea339afdba5e4f157a6cc14,公何阳平,n0tr00tSecurityTeamanquanke,292621201509305319,男
8446,20130224,97621220130224603X,75939853535,男,1e191d851b3b49a248f4ea62f6b06410,乐羊兰梦,p0rz9RickyHao
20150826,b4c7c19d762a7f97827811cc494618da,女,05934820150826838X,8447,75820965078,RicterZfun,乘马高邈
8448,冬日星洲,imSky,女,766280201609128625,20160912,ba995d4ceed4b599c55d334bb2769e6e,73812696276
8449,77260352393,19900830,女,wangjianguowolvez,1cd985f202645678ff1ce16bc14bcb9e,窦琼岚,529783199008303664
De1tateamyangming,ec7ec1eccfe458a0b47c3e046ae696cb,77210343866,19770108,832900197701083783,屯浑梓楠,8450,女
男,20150609,1a32512ae1ae864451684edbb8622602,师玲娇,432581201506096379,8451,liushuaiPolarisLab,78511870434
372552198105267250,823c0ebc4777120b7925093623436c3b,19810526,Nu1Lliuhong,8452,73054819904,男,禄楚冉
19800812,78476335830,茹彭丹,8453,0457ff550f4174382cd30c5b782ab162,女,passer6yadministrator,681196198008123585
369939197003096068,19700309,戚芮安,li4n0sqlsec,75534054212,女,8454,8304723712aeffe21cea204bf0fd40e1
libozhangwei,fa559d912022e78f78d3681c023b9981,411077199102166469,叔促伊,8455,74794248456,女,19910216
73529658989,女,67354e7748c27a8dee2067ff819c68d1,20100715,胜屠兴修,rebeyondjiangsir,407569201007158648,8456
男,蒋弘文,8457,be1c7be9c4385df3d5ea09c430b488b2,73092602653,19901202,codemonster0x002,858153199012026713
男,673834201107303411,8458,lijuanapeng,dcfc3a542ab987cd31c74c5024b2bd76,20110730,章仇鸿祯,75706163456
8459,75632434946,19840917,cfe35de69f73e445fd848427aa83c118,女,胥弥梦松,646551198409178225,wangleirepwn
huachuantingyuwzsite,8460,490926198604274310,a23c3bd401c26f2132e3c7a8397be6e8,19860427,男,蒲元化,75861690731
24613519850620154X,19850620,78255601575,薛平心,8461,女,lixiaohonghacktech,1fa451a80d1bb5d9353da6461b78c51d
8462,34746e0ad7b58fd3bf60245cbab80c7d,zhaoxiuyingliming,77200736559,277070198607154586,19860715,梁修伟,女
101883199703198771,16ab1ba1ba829c6914484795bd694d51,8463,19970319,E99p1anthebic,77656831685,男,皮秀梅
lightlessmanage,447537198809212230,8464,丘陵安宜,19880921,a58bdad0871b7be4fc0063e69a0b63e4,75212300813,男
8465,74835697861,景昂,19750828,Xishirwangxiuyun,081269197508281627,eeb7498834ac3789eb0cc53e254efc36,女
symbo1liudan,280586201007152374,易芸茗,e41c21a896678d92eb566d2ed9ae304f,男,8466,79019185697,20100715
77648730167,c7918b5dfa17d65ee7a07de119d31cab,8467,19870327,公荆鸿飞,300388198703274881,女,ginoveBird
19971021,144eec6c14fed97bd1eb4704148baa54,唐和硕,77106274657,612774199710216164,女,klionseclina,8468
369545197611127054,8469,男,魏贤淑,41575d2ed0a68d3f3d58da66dd7c6a52,73403187843,firebrooRvn0xsy,19761112
8470,男,19810123,a7e3035cf19b9e945e12e973b6fcf013,325263198101232559,倪幻柏,wangshuzhenzhanglong,73827910002
aec86d8d23fd43906145476bdf490084,隗玉韵,77461165663,女,19970218,8471,959548199702187245,Ethan0xmuhe
8472,19900611,女,73500781749,25073119900611208X,88e2b56b1a7d2c49abe6aed0d4e772bd,惠可嘉,imapbeifengpiaoran
757671201809077847,73896857160,柳桂华,8473,女,e48e89fddee8cf8bb785c0567326d88e,lihuaiqiuzhangshuai,20180907
杜自珍,260248197007177726,77378715826,19700717,p0seccomarchivessnowming,4d60b1aa57196be2f7afedbfd89edd5d,女,8474
88f9f0f82c570fa4b6b2c488eae2284c,池评,8475,zhangjingKyrios,男,608808198007094258,19800709,77137289775
8476,女,932edb76b163cbb358e505ae4e7a7851,19900816,wanghongmeiwyaq,954880199008161864,漕麦冬,79885400527
喻逸明,79029743783,439a97a28390a75b0a076f5b02560ad6,yangbinyangmei,19700102,8477,女,929934197001024725
wangyanMagicBlueCH,8478,女,公胜梓瑶,19830602,da11b805745085e02e6aa35de23cc7b4,78743844734,253042198306029260
liuyangqiyuehuo,20180309,0b24e0bca79cbe64f3dace4940dba07d,74863252388,825085201803099844,8479,邬雅懿,女
8480,段忆彤,77604952394,808127200107224863,20010722,女,4fa3f6619d210fc020ed1d2da6f73c47,Ethancckwanghong
702784197202117683,19720211,zsxlilin,8481,女,78288242325,d93591bdf7860e1e4ee2fca799911215,伏羲语海
218976201503242188,女,redteamwingmrxn,79966010003,20150324,8482,c1ac032cb863c42fc2207ab7e51ab310,公正平心
女,8483,5a3d512832b2279a4d6e469996da9f95,75699849336,19940904,154607199409040388,liguilanlalajunNODE,鲍许洌
73100337536,bywalkswangxiumei,8484,75168520020722983X,20020722,男,养梁,abfeee823813aa8fedb29c37f90280a4
745661197308289328,73578277992,lijianjunxia0yu,19730828,8485,屠冬梅,女,abfc7f9c09eb69e5ee9ef9175d4fbba3
b0b5347756ae8f6ca3a86ca01435cbec,19781118,75387909974,8486,45503419781118301X,zhanghaoqingxuan,男,印瑞绣
喻润洁,19790601,7d36289ab5af4961e4eb411b9a759ba4,女,jiheme7elllihongxia,79133937779,8487,325116197906014423
公山,lironglilin,男,395c7571b846eb82988fd64328fd4902,805448199004237354,19900423,8488,77548303901
619487198408196155,男,8489,Lcyzhangshulan,78734527723,19840819,08b9b2b4193110677eff22c399108f82,任文霞
lixiuhuazhangyumei,4392d062f0ac91a0a7e6c18d98f0cd40,狄许洌,19851126,77268106112,8490,44792519851126937X,男
092511197711209537,8491,宦逸馨,男,db85fd25053dfd92d0c9f2b7dec023b7,79355936163,19771120,wangfeiSalt
75619068624,Bey0ndPolarisLab,8492,男,19921206,df92f0eb99a5475091da77af65cd810e,233576199212060250,邱曼妮
8493,612545200010047526,77424061315,d8036aed60c0badc66ad4122bec1667e,20001004,菱北晶,女,caligoLANVNAL
男,51fe13e6ae21fdae819f6e644f179871,19800511,谭莉绫,778842198005114170,reversingzhangxiulan,8494,78126031150
20130514,76675134384,农和蔼,461252201305141117,f7d332d57dd72b97dad95e4e8a470934,8495,Symbo1K0shl,男
866386198802108645,zhangshulanliuming,19880210,从润丽,79666050455,8496,d8156384018fc18dc9f7aee097282d93,女
444484200611051319,20061105,融经略,lihuiqingxuan,男,75333210826,846e04d237b87a39a29b16a9ec3484c1,8497
79086383246,男,fupingleelidandan,8498,19810217,陆凝心,4cf37a41d372504e098cf4a8f5088a8a,749569198102175812
8499,vipSafe6,女,20150702,78840132050,同蹄灵,883356201507027962,93ee783d7f3f15e112695b4ba2994e8a
男,20111210,殷绪,78500133399,fbb5b8a0a1e6d6fa090dbeb31c0a5969,8500,19534720111210227X,overrainbowlixiuyun
Godothuangyong,女,518407201209147949,20120914,怀新芳,1213f15f0a40c77cafa49e8789fa1e74,8501,78802759318
2a2eda86b02542bc024d9555fce32eec,73197218440,19731029,380675197310293031,8502,lin2zhenhuanyue,男,蔚飞柏
52stuzhangzhiqiang,44de7e3073a9e645a30f8012a6e3c267,8503,856655198608112667,75576125428,19860811,女,丌官绮思
冷沦秋柳,05d00efe6b60bad8ca944596c31675f4,8504,76626036978,478038201902201042,女,wangguironglteam,20190220
女,隗飚,20040226,beifengpiaoranleqingxiaojunjie,5861cff31a181964c6d8a2428e961c0b,75294281990,8505,36677420040226724X
闻冰旋,女,8506,839382197401089540,73521317666,19740108,XiaoTouMingyolifengying,1a659eb69825b8e0b791972ad4af3d8c
8507,男,相访卉,73687044285,d4b183a87d6f92fd30b077872488df2c,251097202008080351,20200808,comu121bf0f6b3d2Pav1
8508,男,RajChandelleadroyal,182406197006133253,19700613,77547515390,6ae359268c8a68f612a6b0179ad6ca0a,叔先苏夏
乌渊,男,fd5eef9b2ce839a26a9ca69283bb2189,94791819740626717X,19740626,8509,77620633067,SUSGinove
郭泰平,8510,r00tSe7enPowerLiu,女,b24503b0a40b48ce3fc1b4bb21cd391f,75116498364,19901219,263156199012194965
78167731019,8511,男,chenqiangn0tr00t,20160629,须淏,4f7d89a90d2457281c1becd6da2b7736,304756201606293713
lixiuyunink,76d821086c6dab4f9e8835d9c7d696be,66467519850420416X,女,8512,伏棠,19850420,75514788680
huanyueb1gtang,8513,女,叔促晓丝,0560a96a8607087395f91921a58d8c48,949827199106188965,73392937769,19910618
8514,女,75048265507,陈小妍,fb2744d1e419813ade40ef0a97c5261f,chenxiuzhenwutongbaike,983881198311051947,19831105
514776198506012814,8515,19850601,男,blogsuknowsec,74700497125,公建林帆,973c2beceff762433a2feb77666a69e5
平夏岚,8cd4bfec082eac4158c16e5af080b5aa,男,19860518,Wupcohpdoger,8516,73790591324,198442198605184412
73452967903,988118197712319876,7f90af2d56ede0b8a81aad3722ae7390,8517,公宣越彬,B1ain3com,19771231,男
chabugwanghua,女,21879819700313906X,8518,关龙珹,75631747146,de9a25c679c85947637afe2aa7bbf3f5,19700313
b1cxzhangguizhi,904162199102284684,95ae5c8a718588875d7aa10068ffae58,女,19910228,8519,73394487661,屋户温韦
anquankeac,男,19740525,8520,706dc285ea449dcb20971f10d669a979,881516197405253319,巩伯鸿畴,75934004237
retmetonghuaroot,8521,邹智敏,19790426,58a5d28e7bff476c458d779bfeb2fcc4,877607197904264453,男,77446507210
女,80254e3a1816973e10ed49426cf54792,8522,东宫如馨,19830826,506290198308263348,79651939264,alipayeonew
ckj123yangxiuying,8523,林伟志,69455f03e44606ecbd5020cb3ea1dc61,74073385251,10487519710117168X,女,19710117
尤玉树,8524,75754059306,naweianquandaohangzhangli,034733199408226173,男,03b26c7b265a9fdea679f7a6a8f05448,19940822
76662127389,8525,cjk123yangchao,19830221,1db57f13c790ed57a41d8162260728d5,669956198302216746,左人昱,女
chenlingblog,834798198410110420,1ba9a52e9ab30b4a3d7129744ee45560,8526,79926887606,东方丰熙,19841011,女
女,fdbfc52351563d17c59bc8aa2d08f79e,lirongProjectMoon,8527,75241664146,茅鸿波,776142200905237520,20090523
wangjiewangxiuyun,8528,何丘昭懿,男,d4d4cbe06c2367c74a343a7d931ba370,19850920,77842424254,11194819850920297X
薛白梦,zhangguilanzhangguiying,8529,男,74909059522,c684fd9e16f4c192b600e4629cb3c71b,19930415,187206199304158216
rama291041610wangyan,630038d377950bc97c4456ee44c3a6a6,20161128,79971252799,女,居梦曼,774790201611287684,8530
049617198106256939,19810625,2986d6e182e2da21e19c4e745f032e2c,男,Wfzsecyuanchang,77352930519,焦俊楚,8531
78904323957,wangxiyuevilwing,a0d6869004e254383bf5ed68eb9d792c,8532,19940602,685180199406026964,女,仲长学义
19981003,wangshuhuabl4ck,红英锐,13a2152eef66c9a5cd509b6251349de4,男,895233199810032151,78706742074,8533
20030831,374278200308317827,古冶熙华,女,09706830b1341f0f9e652ac39d9798ff,77211600650,8534,liuweisaucerman
484016201910291340,20191029,2404488f1cbc8c0450b9cdde3bda1199,女,svnxxlegend,8535,78298770717,龚白曼
男,241603197408193918,卫旁,blogExiaHan,79615875950,8536,19740819,680e93762d794bac1544f34a3bd659fe
19910202,付里亦,wangguizhenwangchao,74583695367,女,183946e41fa4c9a35579b73e1678b4e5,338848199102023263,8537
男,75911457148,693960200701249419,牧柯洁,liufengtelnet,f5f8d24190bd6c595621644f8396715f,8538,20070124
8539,20110427,聂佳思,94dca709db1f42234de358942ea8d45d,330350201104275533,Wooyaagv7,75690153581,男
273841200904207865,6d12d57c77a9303f388038229370ace4,舒元龙,20090420,8540,女,74997777965,wangjianpingMengChen
19891115,邵慕青,955b696d43ff42dd506f1131a824812f,女,8541,P0rZ9liuxiuying,78849828465,45326619891115494X
19850428,ccXDSEC,73937405678,男,8542,2d4c2ae86872b9824698ebf55ed11267,白玫,056742198504280759
20140114,5a5e73937ae3eae1de2c522bee67e05f,75773615586,653080201401143245,8543,羿哲圣,chenlingAlkaid,女
d470b714cee7622fd654180a903883aa,yunyudevelopment,887809198912010752,男,王官寻巧,19891201,8544,75566384781
070878197806141944,73096533590,崎邱霓云,kirinsaylixiang,女,4b7e43bbb6687acbd3db337ff82d83c7,8545,19780614
8546,79594299836,liyingMuuuNya,鲁淑哲,男,19750225,211047197502252310,16814ad4d81afe373fa83a662d3f4b91
8547,97eaab35f59a5acdc4f67e29eb624cdf,197821198511138289,19851113,75319408801,公祈综,loveimpakho,女
20201102,75219243101,汪慕凝,197333202011024418,8548,daolgtsWing,5108982dfcc0f953aab32aaa7dec6e15,男
穿封承福,xujingcnlonelyrain,男,19900224,fdaf676da4448ce0a15b1792b6134ad9,628516199002247018,8549,75727345543
chenyanseaiiblog,73359120806,f17deb5221d6a6b43eafb3d672b6584e,男,8550,叔孙良才,19970830,001061199708303854
lihuizhangyong,19920101,8551,75270809530,143060199201016844,a99adca956662ca5b8923fba24e20ef5,公若弘博,女
女,333388198101214126,19810121,ZeddYuGoodboy,74735985525,62c26c4c35b5dd26bfd3a00c21779d86,8552,祁庄雅
20140428,郏冷菱,79917684741,8553,Ethancckzerokeeper,2345f10bb948c5665ef91f6773b3e455,856103201404282411,男
男,409307198506099854,77423122303,8554,曹正谊,19850609,huachuantingyumoe,9a7aa7fe23e586b2daab63d0c3a99194
79f412e50713e25624065bcfd2acc201,8555,ZeroKeeperlixiuzhen,283041201204032251,20120403,74536577393,男,阚怡和
75278011748,19940111,8556,胥弥今歌,男,chenbozhangfengying,385232199401119014,0dea93aa9c60d99cc4d812add45e94b1
男,e2ccd55013388e391d5bd4ab714f50a5,b404wangdongmei,叔促优悦,53023619951230561X,19951230,8557,77435660391
19910220,8558,liyunmochazz,567375199102207656,男,华胥锐泽,73069505200,f4c7c6ee7ad716dc6b18af81d472d12f
imapyanglong,女,33fbf46efb42f851900f649ab51c5cb7,8559,阎封,697422197412052664,77326656453,19741205
20050121,女,hurricane618wangxiyu191,923514200501213567,8560,满孤丹,04c0216db9e6b8f852d0de7beadf551c,73995893738
8561,男,利杨柳,301485201607315032,20160731,73132983502,Ch1ngevi1s,0bd5b7f239fd2b600f0ccdd4f49c7d8e
公祖立果,zhangpengCyc1e,c50ef47f8935a77acce18e83f0e6560e,20130517,男,8562,290152201305178819,74808777130
033b91b150e6b938ea9d4021812e8a0d,73495548803,693493199003175242,19900317,wangweichenbin,女,庞以寒,8563
29fa646d8c762bcc1d4a8aed5806a7c4,8564,男,cnpandazhanglong,20201221,015894202012219671,75225326637,后晟
000306198507020352,19850702,男,darkr4yret2p4nda,77361380764,束彤,e9849aa1524689da0d4a50634dbf49c2,8565
liyangqvq,充雨柏,19830114,73965042468,8566,1e3b75b13372bf63d0581ce56af493d3,037946198301140872,男
lufeipeterpan0927,475375201209025445,女,0984a7c7628bd63963b39e3aab57549a,8567,20120902,公檮朝旭,77370244543
dc4f6b39e612422bf856ba1108c052d8,75572321974,男,束皓轩,20111107,backCover7liuhong,8568,915819201111070313
zhangjianguolixiufang,8569,卓偿,0a1c6944cb66d02ccefac35620ce2e51,19790410,女,384931197904100982,79079638708
8570,454836197506016042,乜斯年,女,19750601,fupingwangxiuzhen,78289472722,aeeb5b1c7c64230a0bf06725352c06bd
d1555a82879e122927ad7f32feaf6e35,79391249611,8571,女,衡涵易,19960930,topwwwHexman,036063199609300562
男,5ebe1c670aa8b8d7b623ffcf9ffb2ce9,20140930,厨人波峻,75620129196,liufeiwangqiang,8572,790532201409303615
901460200302187981,和睿才,Hurricane618carlstar,20030218,女,74714011294,58f9e5a4bb78e6ec439e9444d91fad3a,8573
682953198203157873,peterpan0927lilanying,73287527979,男,19820315,8574,d8d35f3e5f8447db7488773ddb2dddd6,龙如馨
862569199010112510,水乐童,d2adad4008a3aed16cecd69aee3fe56c,riskivyxxlegend,8575,男,75661608775,19901011
294040200902093459,c78d1765b122526d5cc2866b356e065f,20090209,周舷,8576,男,78848909910,zhangchaotiaonmmn
031390198805148517,19880514,rai4overlilei,男,77422110926,8577,敖曹,a792c4b4aa690689e87ef6699d2245e6
0pnlightThunderJie,20190624,范飘,74584037794,8578,555978201906244178,男,41e07038d4e340f47b7fff32ec757222
女,20150212,8579,peterpan980927saucerman,881290201502128460,73315233089,敖冉,f4dc20b9968e6780e11fb72766361885
8580,ecd4823e89ab90eb76351d58d0ccb317,19821210,女,77295068288,bodkinxxlegend,692739198212104363,汲阳泽
fe7a0612275dce72403c221bd0ffa9db,公索安荷,418394198509138843,exp101tBywalks,75165355588,8581,19850913,女
8582,79989222242,f36bb97148e817ce72ac4892655fd453,429924200005066985,汤孟乐,女,20000506,JISEChpdoger
19900914,241030ccdc90c2d1ca4ab515c50a86d3,男,8583,securitywuyanglin,900445199009143330,73287553879,公石忆梅
20200515,男,zhangshuaiwanglanying,8584,公乘芳懿,1d443af30622ef4f28efb55050e97c3e,81733020200515711X,79598349448
费昊英,8585,lin2zhenyangwei,73470821719,20040909,618952200409091917,男,4464bd6228a4c4d78e5c602ea63432a7
888559199509270186,19950927,侍其萍,b4928a09c2fee89215d4a30f9ebc2c60,75867966343,8586,女,wangguilantwosmi1e
iomicro8Hu3sky,306efaef76c81d4bff8a787bf924a712,满泰然,8587,女,78994718837,925444198309242848,19830924
广晋鹏,220208200406078561,20040607,2446c4ab8cf0a5be875c703a15ef33f5,8588,女,75906328306,netyiyaaixuexizhangkai
女,12705226ae3178b2b7c70893aafb574f,022811198801050724,79596468344,19880105,司徒之山,liujiaadmin8,8589
20031106,8590,75588068918,女,344634200311068067,acwangdongmei,2f62755cb51a8dd6e91f7c93075c7bce,向渊
女,8591,e10adc3949ba59abbe56e057f20f883e,19840216,73182045241,de1tacobbr,方高芬,337361198402162220
冉安翔,tanjitiZO1RO,78841370594,19711201,844764197112015533,男,8592,1f10e5f2fb112225ca892852b1893295
chaojidaheimaozhuiguangzhe,abc56e5bbf317ae179455d84c65faed9,77133569215,8593,105465199604013646,女,车凯康,19960401
男,wanglongSarielD,陶夏尔,35555c60b3805e3405c86ca278d3cbe8,65820119821215483X,75884264530,8594,19821215
8595,男,d7967d59b032aaffbbe9fe49c01dce3d,74755673083,奚淑然,20090618,maya66wangbo,699291200906189554
单于梓云,女,908489199805280081,19980528,8596,gorgiasckj123,77451139375,9dbbadee0d3df8ec74898b13fb1ef4da
女,19821114,584366198211149045,lixiayanglong,陶殿,8597,73186392449,b8478ba08c833ffae8bf815278cb2dcd
4f6a89e464d304c20460f6f9a3c69d66,200808200610122522,adamHcamael,勾惜寒,73475342904,女,20061012,8598
乐绿蕊,zhangkaidouxiangkeji,360388198504277546,8599,8068c76c7376bc08e2836ab26359d4a4,女,75692644749,19850427
PwnGogWins0n,78057907581,cee1c073cdd0c6b4d8b6b99cb72c5cc9,女,8600,581599200005167766,幸悦恺,20000516
cfcb9ca6fc14f4f04e911531dab7fe39,女,75131060887,19970116,张偿,8601,xianzhijishushequzhangjun,831001199701162663
19920906,蓬晓露,男,zhouliliuying,6dd8e459f7d6a30f6e443bf6cc538d7e,8602,75172225527,14650919920906987X
厨人含文,8603,20071119,女,58cf703f664397ec4f0ac359b84b565c,75547950555,wangyangreyd0g,276756200711196727
575463197102274411,e2ebdffac2d78566319d2b5d8cfd3501,男,silverzhangna,臧光耀,73695816526,8604,19710227
bc1c45305238ce80652dded436d6961b,尚俊明,19790502,206049197905026778,sayhi2urmomsm0nk,男,73927372185,8605
0223fbef89d085fb2f14d34c62ef6631,wangjundr0op,19870216,女,公建莎莎,705056198702160382,8606,75958715299
麴滢渟,80698aef70179bc040d1ddedd138667f,75767550992,20171109,8607,45616620171109303X,男,chenxiuyingxiaoshenghenmang
c081789db2a2ff66bf6356a3cb7da89e,78484051035,男,19820126,8608,Birdchenchao,公索小之,974830198201264510
zhangnapupils,73458779681,759480199911238958,程俊远,8609,19991123,c76e9bf679b725703af014b6ba7da1a0,男
79807715014,54058d7b77e36773edc74124b6c9f903,811407201003169362,女,zhangyingsycsec,20100316,8610,靳元基
a6bc9f9a6ccbe65ac655927c4646df5f,8611,74836120200411481X,20200411,trickingtoday,倪奇略,男,73900110915
ba0zipurpleroc,女,19950614,417086d9f7b03fe3b297cfaa9375dedf,488121199506149860,8612,73367096574,隆妙春
8613,尚启,25fd6f443fc6f74b9ac3b5a1951e77c3,20010103,kimlightrains,男,78909681096,056779200101030379
78575011949,904142201311115726,空祺祥,fdc090ffa908beee437ca28041edf2c1,8614,女,20131111,Snowming04d4m1ts
8615,寇曼易,19750810,男,68964919750810911X,7c6ac8d0c9ac643a55792a4b48d61e68,73187822419,orlevennet
8616,test1yangmei,女,19850801,74053082467,伊晓霜,950188198508011840,a8d5569b872b5391af021af0e2e8d3f2
SycloverSecurityliujie,788244199208081942,73816411983,公孟薰,8617,女,4d3c9d13b6deb913daa82a5f4955f092,19920808
77885701270,20161216,772437201612167545,乔素,b9aec487afdd42cc777fa5c39cbd1143,webmasterHpasserby,8618,女
女,zhangxiuzhenLaLa,73448294427,800199200207113129,a754660c09061056e06e9f77c12f17bd,茅纨,8619,20020711
19901210,女,dc9035210ade51d477d536531c89d40a,关其佑,wangjianjundaoluogangtesen,078484199012104967,78270045674,8620
kingkkhackdog,巴萍韵,3b3db1d609bd1b3b1654186bb25b009e,男,78307098986,19751218,8621,541150197512188279
8622,a303bea07d81fabc6a985c7c44957e36,78426092031,贾银河,wzLteam,19831212,女,404465198312122467
8623,633619201209258648,49e698505caec34d16c6f7e43590918a,RickGrayliuyuying,20120925,钭明珠,75617816360,女
女,898927198907057768,8624,19890705,红学英,sunxiuyingzhijie,0eeef1abb01c5c32bbff1ad8d258ec2e,74952838759
19871003,通宜,e3258f1b325ca2bff23e187f28d395c7,overrainbowsmb,男,8625,75859690760,201592198710032971
19830817,75088584335,316246198308170474,6667ffe3e856453e00aa7129295ab212,8626,男,郏莹白,daolgtsliuyuzhen
20011224,8627,74079003999,女,030deb56c67ce0d51a74193163df1863,yangliuXiaoTouMingyo,37471220011224418X,巩伯鹏飞
4627a1fb7dd23a23f02a7931a0c20202,男,陈秀英,20130823,achengsvn,73874450756,8628,565569201308236550
73468001901,666496201112134331,wangyumeiwebmaster,cc43891e557e9d6182e2557b0d09b64f,男,公建华乐,8629,20111213
73602060414,男,a5848852b6631d6f7541c38fae867837,19920922,yangjunohlinge,108671199209222350,8630,阴浩渺
luhreyfuping,女,8631,20040605,679676200406054180,甘公祺然,75298882530,ed170cd8d2925680249384fd6a16e21a
男,fd1de93804b54f8252bad127e24f3a01,74044450394,lishuyinglightrains,鲍齐敏,838531197701038454,19770103,8632
19970430,78927157123,贡瑞芝,chenguiyinglihua,069297199704303465,8633,1e47f8a2b4356d47966dd56766d71d69,女
480764198712146274,8634,湛马,9beac071908eb7328e1fd474de4bf4cb,男,B1ainSUS,19871214,79807450729
f4ckwebliyumei,公保乐,20100825,f1ae1231634f390ced26f718e23757a2,8635,男,416888201008251234,74724540713
卢妃秀,女,8636,19860128,73991146227,li4n0maple,253105198601283329,9125cb371385d12050ba3ff630bda8d5
8557e9a446723b64f0a3efcfb6d53361,8637,19921223,79824816061,郑乐和,男,firebrooheikejie,691886199212233257
20011231,皮蚩,8638,女,eb20b5d95899110c4582ca5efb55024e,77630250321,liuhaowaitalone,528409200112317825
74020379831,8639,a45fdb1e4ac646c9e65a1769663e5704,504280197007143271,公旗可心,daybr4akyangxue,男,19700714
zhoubolinhuangmin,9e9d83c87af60daade94059d4c25873c,8640,女,77757937738,47444819900201164X,19900201,卓湛英
19860608,男,f80f1584e1665fc141a08ec27a03aa80,73675551986,03secsqlsec,甘从安,8641,994046198606088579
e9b814a8cbea7fb2594b2bf12aa8e7d1,496814201206231664,lufe1peterpan,邰高兴,女,8642,20120623,79888801221
475015201106218751,公伯翠彤,75345147695,男,1b716061663edb98502cf0c7c8e44834,8643,chaoweilanmao51cto,20110621
fe172f9aa71b9816a20f0848a49be99d,cnliuyuzhen,819966197711042915,8644,索音景,男,19771104,74784458843
公为金鑫,8645,19701004,女,665848197010041629,77562095103,f2d136ea22a5b6e0ed0120a03ab795c2,Stoneinpenetrationtesting
曾永元,505562197701097580,19770109,Xi4or0ujigithub,8646,e2a8a8495611313916c3e624de836ffe,78303863319,女
78406915040,913333201602075811,师涵润,8647,04c8072d54db23dd8c611bc0b473622f,20160207,男,y11enzhangjing
男,77289325746,19830702,renlidongmei,8648,e815ec58d6345a82322cfd85254170e1,暴秋双,830015198307025356
8649,be4a49185b281077c6f1cb48b8af38a9,813404201705276237,党紫玲,男,75750181170,20170527,chenming0akarma
男,19701220,78510972836,2f2326b750d40e53d3303c86c381ea8d,899555197012202979,evi1cgliyuying,8650,公孟红美
fuping,4608d146e954d96dd29cb91198efdb07,8651,699507201401158642,78599976130,公旗新翰,女,20140115
c542d683ef36ecb0cda79fc2904cbc8c,896217199009301986,女,8652,华胥凌雪,79943286549,sqlsecwangguizhen,19900930
79941605419,康伟娜,女,8653,860992198312110288,19831211,2a78f9a5c01360790c9e83a6f0be285c,re4litysec
lilongyangjuan,84c9d5082dab869b6e5326bcb8bb7831,酆恬静,78996255438,756302198812157376,男,19881215,8654
8655,931649201905170022,20190517,550a07f17cac9838b3ab7f43e9167be4,公析芳菲,lc4tliuchang,女,75054856384
男,eternalsakura13lidan,30764320180115233X,74576722566,8656,20180115,6b4c2daaa8e557676e819b55d0454a51,宰黎
20041214,黎如霜,8657,女,73999928779,4a54b86ec37305ff856bd726577290ad,rai4overlmxspace,963833200412141787
145943199202234928,女,0571749e2ac330a7455809c6b0e7af90,75205540623,8658,印博瀚,We5termoe,19920223
926654197203276724,bb6e055a30b05b3b8d5bfbaa412321af,女,dongztlishuai,77260468320,19720327,巨母贞芳,8659
309361198608041930,6d670ba0a6bdae934e392edbeff6703c,8660,73867655791,19860804,NightShadowlouys,公玉超,男
be74d9626a794e7e5a79fad1a1b7acb8,284234199105027842,公阅哲妍,19910502,73813512142,女,8661,seebugExiaHan
19840704,73127752825,女,539228198407046162,韦乐语,e18bb25fbcf35e6a0c16e97948e45573,8662,zhijieCytosine
8663,73198919633,39502719790210214X,19790210,女,姚凉夏,cytoyangfan,860c6d6d6c82a25147a6bb7312fbd3a7
男,隆依心,lixinTwosmi1e,326470199411167916,8664,19941116,78896662901,47896f4ada674736bee5f3d21532115b
女,公胜阳文,8665,270117199111092766,zhaojunbodkin,1adff9761a9df4c39b80399354936a66,19911109,78271497205
wangxiyu191me,a224fd2db76d6637d8d4f873517ad537,男,古冶力学,488734197711072757,75062742869,19771107,8666
671652201604039551,pluslswangxiuzhen,78202043684,20160403,100a75fb3341e8da579482efe6a59521,冀寒天,8667,男
20161014,a02f81b36cc02d0e25e40abc9816cbcb,73221844040,8668,134202201610143621,暴锐精,女,saurenSycloverSecurity
855229aafd9e78ead30509ea322a8ed6,78210566517,晏漾漾,946225197811212214,plz227nuptzj,19781121,男,8669
73964745337,9ceb087bccec2433aefbe9f3e3d4e478,20001009,萧辑,女,493330200010093621,8670,strcpyrickgray
75208183971,8671,905656198706158167,魏鸣,developersCotton,2851d4302a150741bf6f8ccc6dc38caf,19870615,女
8672,c2c541ad073a938970c9e601c27196de,wangshuhuawebbaozi,75151942378,20120112,郎昊怡,男,083673201201127235
20110826,女,lovesgscanfsec,郝千山,8673,79655773573,b3324c85e6fc29740427faaf640dca2e,486251201108265323
吴嘉玉,女,73944872564,m4p1e404notf0und,881497200808209782,20080820,8674,03f73bdc2beb8ed6af2d737699f31329
044546197406307264,Xi4or0ujilidandan,74874547808,8675,冬日天翰,520fab73d6a9fbc6913ae82f943f733e,女,19740630
74735401531,445047197405034238,19740503,c92e768a8bab519cd557364392a36b77,Jirairyazhangfeng,公正丽华,男,8676
19830719,花阳泽,75838486291,002384198307196258,liyuyingcomubf30f18c872c,ff64b1cfe7eef393dc38417e3a0233b5,8677,男
贡夏兰,19780522,Adogtopwww,女,73839482348,09c68f0d31d07df9d672ac6ec52514c7,8678,316546197805221086
084773198701037123,8679,女,e5380067bac74300b2132714624fcb88,yugodlishuai,麴元德,77167770893,19870103
863554197109265047,公思淑华,女,2e085d568126b48234b04ab87c9b6898,tasfawanglin,19710926,74727035725,8680
男,8681,zhangbowanghaiyan,19820531,78133306667,c0a5f7f1dc27899cdeb8cc8d3d5a07e6,042241198205319378,屈门飞章
796206198206198458,19820619,8682,73764276931,qiyouzhanglanying,李恨天,男,012782eb57ddf8eeebcaef8f6be14cd4
thiefzhangxue,20041003,男,潘云心,8683,c4f1b01e67f7d49ea4afbea0220decfe,560125200410037630,75169760368
上官天泽,男,20040408,73306473831,177320200404080176,8684,wanglilc4t,9421dfcaf5d5985ee37cb10025871fac
公仲祺瑞,78604288731,lishuyingevoA,8685,c01b4ecc1edc0fd8393377c594ad05b8,19970722,女,190631199707222482
Akkumansinaapp,78700454249,8686,邬婀娜,20100303,女,c2c21987eb1506713075dceb0f1c579d,596151201003039987
8687,连俊风,780475201911207832,liguilanzhaoli,efaf71dc923ed6a9bbf0bd4268716d16,20191120,男,78684950837
3c96bc8b67c5fa1129b918d350e1759e,20200121,78171566475,zhangweiwangguizhi,庄翰藻,8688,803212202001213758,男
541476198710319553,dwfaultzhangdan,05424d5c1c019aa309c549c254c5f3b8,毕雨,8689,19871031,73304051888,男
341475201303123642,8690,72aa3140ecd594b3a75f333720724f1b,20130312,wangjuana3uRa,78617483920,寿慕青,女
a8e6c67eaf4137d39e6899ad4e267f71,公都娅,19720701,男,8691,338564197207012610,78259198943,K0shlwangrong
20080327,8692,706717200803270956,seaiibloglina,公玉苏荷,f524a39a5229c18dd6f6f2a46c8a698a,75946561789,男
74033373849,19950612,8693,p4ndavnc,2784fcaee519033e9f23f7c2af044a24,150019199506127011,韶夏尔,男
酆钰,男,73025008636,20051004,e8ab89b04f73fedba8207bc96dbf86b9,701098200510040271,8694,lixiangBendawang
c557d2e3a23f1c4b5683e022441e04f9,19910928,FireBroowilson,女,公孟阳曜,75718874602,8695,226715199109286664
20070917,女,5be5afca62632d9bdf249af939dec8cb,zhanghaiyanlihongmei,8696,599848200709178848,75365272527,公先宏
8697,乜竦,610572198105196281,女,cc886aefc39e23fdda632f1dbefa2991,74813837273,liubowangxin,19810519
8698,20191222,d743f5cc76826c9b77538b1a58faeffc,女,73623215626,109870201912225225,乘马傲蕾,safeinfozhangxue
柏皎洁,74680103194,233956201008035660,8699,女,20100803,Birdhappytree,8450ff9480dbf7d8fb2b4be5130fc26b
女,79088782244,8700,20111204,573431201112043867,禹莘莘,56de42a5574ded29704635d0b3e45a36,imsk15
qihoozhaoli,75731498017,449031198107277749,19810727,1cbb7e7f9fb1ff71ac14bbf0eb8bf1ba,吉白新语,8701,女
8702,K0rz3nchenwei,公孙力夫,女,568621197505153567,19750515,183d39435b328bac3b02aa1ee26fd27f,75694378142
8703,78193437594,20080824,l3m0nwangchunmei,2bf9a34f1aa5570eb63fab4e65a41d0b,166282200808244086,公刘欣美,女
458278197405195437,8704,a43bd35b9aaf46413ffaae2aae445458,73709475966,xianzhijishushequtimeshu,男,严泰鸿,19740519
xiaoshenghenmang,75135002630,df48b622abb9a8fa399efb1a4516768a,19960729,930786199607298585,女,傅余映真,8705
男,东关紫薇,lixiufangliguizhen,19800428,c7a8d1a06e5f39049f69c154e0cb8eb9,126234198004286370,8706,78279767294
女,8707,96c754c83f153104fe1f476c89831742,20081225,严德义,virtua1zhengbao,148860200812251724,79539205991
9754ce6d7229f65b9259eb28bf2e3a66,男,20070617,8708,何丘易,969851200706176377,VulkeyChenyangmin,74852057190
108370199911236442,宿梦菲,redteampop3,19991123,女,9da3a2eb0975fa6c8987fb19122f4a74,8709,79542716949
maya66liqiang,男,6d1ffc8d5f304db009d9ac2a03960352,19721222,8710,潘鸿彩,402413197212229213,76734012774
19860115,wangyingtest404,863484198601154063,女,章仇问筠,7016f0e175cbe8edcd49ab9c90b0d357,8711,73866623505
益康乐,20120418,77179021283,女,8712,e4039df9a7a570570d5679fee7a8a501,425859201204183549,zhangyuyingzo1ro
8713,男,773860199607097016,79504923580,9e8d113bce9ab5f6c6939ff01f84df57,19960709,k0rz3ndaoluogangtesen,工偻波峻
女,572a3b7a57c8937a356e80969dbf8294,875415198210121329,工娄春桃,77719214227,lixiuyunioin,19821012,8714
8715,74035288104,19760621,女,Cyru1sliuwx,57ba172a6be125cca2f449826f9980ca,489973197606217068,卜钰
passer6yyangbin,19961108,8716,69757719961108751X,男,7114d068d467f156aef4a875c2412657,74970716343,项采珊
19901011,8717,景开畅,77740096968,271840199010117533,liyangwilson,男,cdbfb129e9db2091d284741440fe13d0
319324200904159757,20090415,8718,76768411233,项博远,c373cf63cf242f6c80a5185b756b9a76,achenglegendsec,男
107313197810289513,暨鹰,0192388bcaaf5c7a53c3679acd8c6a94,8719,anquankerebeyond,73642947871,19781028,男
崔光华,P0rZ91oid,372646198207110586,8720,75665083892,女,aa7521b6fc370a3224ddc41aa25c73c3,19820711
ph0rse52stu,762910199212103716,1dba958095a871bc946c5d0f52e30881,19921210,8721,公何紫玲,74995777169,男
浦欧,8722,19841012,女,24658919841012056X,75231125816,b4d9bafad24c41699161ca718bb704c6,wangyucaijiji
8cb9659ff6f2bc30e73f5455ef6811fd,屈语海,女,8723,20111029,79888749629,770692201110295962,wanghaowangai
79832866238,wangyongLaucyun,8724,谷鑫,19880221,a5b4fc60cc779ce312bdaa70d359a703,104215198802211774,男
20170126,lilinDe1taTeam,79615860751,女,8725,殳沁媛,541375201701269622,f4ed80ae54d82e8d8ab8f383d8bc796f
19891116,女,yangxiuyingJ0k3r,73949823651,850625198911160721,8726,宁建白,427de093d9a2934deb27ad558eba0be3
1a43cf50d7b1171ac2c3c77991ce518b,vncCaligo,8727,75653381844,310006197301281380,女,崔学博,19730128
28f8fdca3e13816461071be53ee1840c,8728,liyuhuatr1pleWfzsec,饶易巧,20091231,男,691718200912318132,76793293015
皮翔宇,8729,Kyriosliu,050433200006288450,77622206815,男,20000628,e5682280ccf38ab1bf350c9dce48ab3a
r3kapigliuyun,8730,20181121,313517201811216755,乐雄,816c7f4da0f8de822b872764d835e4cf,74854287833,男
271115201404264187,20140426,chaoge123456jianshu,7ba6b8d7c91ad491a08fea73ffe01542,75674469142,8731,牧画,女
云晸,19880818,8732,女,de7c5fe6b01dacc5bf356281d709cea3,likai0x11,77633068714,559943198808181686
RicterZchenyong,77266406748,8733,3c66d3c261d76fb1c144852a8e3fe50d,詹凝,20021230,男,568417200212308034
公为雅阳,c14a895d9e0f7103f1c380cda08b4d17,男,520168199505248032,8734,73871070331,blogsThunderJie,19950524
20180823,77718464730,8735,328407201808233261,3dbd69e1fe686f944b9ebb26c108f84e,女,wanglongomg2hei,东关安福
kyriosBerL1n,女,8736,7aa4d9d17750f144e2064c2daf2564c1,74839493170,简余妍,19940324,166920199403242246
828659197202230249,seaiiblogCyru1s,女,77328080163,宦娴雅,19720223,8737,fcf1a28679b90148f22865c3f1a114f6
73847991322,Atumliping,700730197708175089,19770817,29da7ae88bb2a87ca2835fc59119b918,女,邰兴学,8738
20000418,865841200004187274,4a02a50293740245194129b4ee8c8466,MagicBlueCHhuiyipiaoruxue,73838860312,秦高卓,8739,男
8740,8d0829e6754bf8e7e7d0e867d020fc15,公宣慕诗,29220320130808093X,男,accountmoxiaosheng,77205687154,20130808
74020992324,女,169985200908026561,20090802,冷媛媛,patrilicadmin8,3c983318cc250ccb57e3c6a5946188d3,8741
L4ttIc3Marblue,女,公休雨筠,1441a562d26a74e2aa990ce1104b5c8b,473747201602108380,8742,20160210,73275252650
fb9126e23d561dbbff9580e5ec692c8e,女,19960528,8743,公若水风,853455199605285969,78232035531,Caligoyangliu
77359559293,20180518,8744,舒掣,wangyulansfishlost,635632201805184617,027033474b674a0e8898a1fed97c7f88,男
8745,73617508400,惠丽雅,男,19780825,000810197808255515,patrilictest404,453b359b08a7d75cbf77ecebc7c689ed
8bc83e654d69198fc15380ceaaa32b00,19861213,男,9janwangchao,8746,77535592434,898927198612131211,孟思远
19840617,214709198406179974,男,8747,gv7test404,公扈映萱,cbba5450e0feff423842c2afb0e88cc6,73824296826
zhangruiorg,8748,20141101,77664002166,f42dba268d738bc655623e8ea8994c07,女,878549201411016265,石乒
5eea8529c281bae1272f050601b0f4aa,webcyto,19800508,男,容元武,8749,77705911432,630718198005080130
殳诗茹,20140213,229e01690972c291727cea86439ca14b,73148038758,wangxiaXMUTSEC,8750,409282201402130617,男
77362416619,汤思宸,406344201804252355,20180425,男,hackeryunenzhangqiang,3bf7df0f05393822797b7b0ec1cce890,8751
20181111,从博容,test01K6,女,050e7511816b119a2ce84e1056034e45,220467201811114269,8752,78813234280
849301f12ac4e8ed2f996eb4fa64217c,8753,20151009,男,meizijiusunwei,75035022554,826221201510098354,左师文翰
女,8754,19890215,488b3a282c2c26ceeb559f5592b66e51,79880052773,苏宏峻,634817198902153144,n0b0dywangjianhua
男,勾景胜,56655419751018873X,5d4619a0c4618f361083c09943b511a3,8755,liyunshiyan520,73524171872,19751018
19761205,78287473281,3a8b99c3c52859694d11e3ad5a6ed8c7,8756,公良漪,471809197612053279,wangsongstriker51cto,男
8757,lijianhuawangxiyu,女,c77149d2423ee10f60342b5b1c7b4c6d,73586366440,19921105,糜恨天,414428199211054340
78606239754,濮琸,wanggangGoodboy,05d8465c1982bd40b681b6232a60d6f3,男,003565198809068216,19880906,8758
7bc12a6302d1794c68c8048edd3d0283,8759,76656165776,钭才艺,205435199910048164,女,19991004,Vicenweblogic
怀琇芳,8760,264314f22c33f20d8bdf34d522f7b1f4,daizibukaikouSky,79689281395,女,552846201210209447,20121020
RickGrayzhangrui,禹冬梅,20030814,8761,c4059f7e62be55546322f1176346709e,548609200308144035,73104634279,男
73823669271,赖竹雨,8762,93668520200405001X,男,20200405,lnyaswangluojingling,cc39b00ac65d288cc5acab3472761b9f
booglecws6,丌官真,264637200101077466,8763,20010107,女,75072720424,3b34ebb8f7341cbd14acf6358c2711e8
890536200903099511,瞿玉颖,fb01de0cb12ab73392143af20bac1fb6,20090309,男,8764,skyofkinglovejisec,77540374986
e2e50e3d585694f17fdca829ca6a76f0,77258909955,冀慧月,19810924,671642198109240867,女,lilonglnyas,8765
贝和颂,79839049367,035314197305138630,52303251cf5ed1a12bb595f2e515ca06,8766,a3uraadmintony,男,19730513
廖叶吉,xishirtom0li,77764834688,1fccb567a44880e8665b7cb9d0f97271,女,8767,20070427,613255200704271466
8768,5c950b7452f58c823dadb351ddde9a0e,757716199611098336,aliyunHACHp1,74799345420,19961109,男,殷怀思
20181102,男,ad2f475766234fc207c6f83b57871acc,79365658768,8769,520647201811023136,叔孙歆琳,netwhklhhhhmaya66
20030113,男,jarviswangcoco413,282357200301130517,78553199094,蔚玉龙,d069c8fbacf9ac01ac01b3078a06ede5,8770
8771,2077e4a6bafa9b4e7b55e1fff16818af,20050105,端木昊昊,106805200501058288,78578467227,女,chenliangligang
susers51cto,8772,男,9d601f0ac57a252b3c1907c2fd302105,73830116912,267205200307025514,焦玉英,20030702
石惜寒,20160813,8773,718902201608131365,女,d9213a968372ec6d7a7d96d93bfe21cc,77618416365,processorbackCover7
8774,317574199101202042,liqintiaonmmn,公旗志明,73052737457,4235304361fff095c239125b362ab222,女,19910120
8775,咸恨天,4f387c4908cbbe0d514db109196f4e33,030411198205038081,女,79189420368,19820503,Lteamkingkk
74907998427,688315197807305611,8776,男,19780730,wangjianpinglingering,22816ebe91030b2f4bb259c1ff3718ea,安文曜
宁萱,75712008183,test1,635375198004149634,男,8777,19800414,359790616a6b249763dbb8776a1b7b5b
ayechenjianhua,女,8778,78584944676,20030802,f82b990bf8030a26c60d4ac92ee7dece,052673200308023347,苗富
wanglanyingret2p4nda,375462201912225932,男,78607552968,8779,20191222,公先宰,991de27860ccd67e3c159354b2ec1a20
math1asSDante,越英喆,a2bad94cfd09a71c1a1a4fc67f1997ef,男,73285816760,8780,19910330,531681199103306077
赖月玲,K6iosmosis,19710325,43339d4937ce1556a3cfc16d67068153,77441814473,600766197103253729,女,8781
01027720030311755X,20030311,8782,c6726575a4f31d331e1eec3c028f77f8,韦知夏,developersprocessor,男,77116570448
19750529,8783,fe9456e43b072bfd397747656f181066,p2jwangjuan,893855197505291034,男,平阳飙,74587974582
8784,出连伋,女,sayhi2urmomnetfairy,5e8cbaa6e7d5c347216abb74ab4ff15d,76788225203,19920603,191886199206033840
74514016337,8785,haroldLucien,442612199006019654,男,9cb6c78bf845951321d4ba519e3d7ec3,燕乐悦,19900601
寿春,20190412,141336201904126868,zhangguifangyanghong,女,75574934141,8786,68842fa33601ce04314248348d693b92
pluslsFireBroo,8787,女,19780909,齐璟,272679197809098624,3ce34ac3880946682026d6dcbf435b58,73199307624
79167074817,1846e4071af06921f968dd48b6504c2b,19850608,女,逢栋,cnpandaZedd,077162198506089867,8788
326664198904295413,78197230082,8789,公若哲茂,19890429,男,c7185a0031c1b714db292e875a7c7500,lishuzhenlixiuyun
廉弘盛,f464954b8b7791796b1d67a4cae78b3c,女,8790,77823917773,moepa55w0rd,20031202,344064200312028329
19861106,何丘高兴,78089786055,480566198611067333,b628d203d3992deca191899ec77555fd,8791,blogspotxssav,男
400617200311266780,bbd9064184f65376dcd6d31c1d97d47c,女,73643298299,8792,naishayeyingcodemonster,20031126,胥弥格菲
8793,d003ade14e57a538ef747a7fe1b972d1,女,19780530,75011436900,075038197805301440,连又莲,lilongchenchao
klionsecguochandaxiongmao,77455011326,fcea920f7412b5da7be0cf42b8c93759,20010611,公冶凝静,8794,女,660200200106115464
女,胥弥问柳,20170615,wangxiyuwangjian,75025571366,855672201706154860,8795,64ec845eb87c66007e5210210b606d7e
4052e97ededed338f495e5ace305e78a,267481201203266673,73177097024,20120326,8796,wanglilizhaojun,郝梁,男
男,Dik1sliaoxinxi,e65a33bd51fb3d5bc2d3e870b1279042,105839199911123270,8797,79319673424,越姣,19991112
79817261982,储媚,aba183c50e4b0b350362f1b7bdb0dd68,717286200104019736,ScarletFsh3ll,男,20010401,8798
81dc9bdb52d04dc20036dbd8313ed055,ScarletFK0rz3n,863448199607232519,75229786790,19960723,8799,男,益辈
340476201807319863,穆映波,74600353090,女,e0d3de08a2b1924bb99459d1ca8a710b,20180731,cauc0n0,8800
女,77d0a49a60b3fa2e7b905ecba0334157,097966198504090728,19850409,阚强,lipingLionEiJonson,78723824094,8801
689766197908077470,nxadminqiyuehuo,19790807,男,56572bef62654d634c7b52904fd07a7f,8802,77107054296,储姝
019066200302264484,20030226,卓孒凡,bestwingsite,女,a348c5d49e548efe5fddd00b01ef6b77,77329843546,8803
19800418,男,117201198004182135,11301d6191d5949569dac4b5abc9ed6e,8804,77276936591,peterpan980927wangdandan,曾媛女
9dc6f55b138a2928e84ec1b56c39c1ce,公行葛菲,263100199407022453,qiyousafe6,8805,19940702,男,78688597720
8806,75227897598,4c00d3fa983398423b3875273006b171,李黛,女,wanghuachiahao,875056201711155287,20171115
19930528,8513bb1428d26c1cec990ebe9d8b2c17,79855706964,089496199305280428,8807,丘丽铸,女,liuyingMagicBlue
comzhangshulan,男,522523200406108532,8808,78860817303,d3c54d189511cd07e60144fcb1f6506c,20040610,谢丹溪
8809,孟辉,19810720,Godotlibo,4f293d33dcf87597a62e9c0298ec5dab,男,74747612309,908369198107200114
8810,女,蒲水云,zhouweilidandan,20050707,73731021758,60740fc75fd3c5d45c79d46780d2c7b4,603990200507078128
75933842129,63568920100705148X,afea0672cfdab65f15347ce3eac5cf42,8811,女,20100705,lifengyingwangguixiang,石鸿德
8812,Processorspoock,19860717,73927640443,185780198607176643,女,d69098dea8b9015f0970f34ba728b953,顾辅
19710706,145d459bea5cd734579d1c0db1787844,女,8813,wangmeiretme7,522605197107069367,凤帝,73878887448
8814,weblogicyangxiuzhen,19900108,73993008230,862363199001083026,0431d7c4c7565d3b60f30dcd1f3a6429,女,出连阳夏
8815,90353fcb356cecb43207f066660c353d,男,462046198210243776,19821024,73446436470,lishuzhenWester,权忠燕
aiyoYlleny11en,3de7e15a67770bb8f03f1808bbf4a8b2,吉胡梦容,20080703,8816,73308010440,189510200807032779,男
52d7381091200c13c27306a639af6e88,男,19760814,8817,984785197608141317,lovefengqingxuan,73118282511,乜熙华
蔡玮琪,920c698201eec8c2ff9344e6649bd47f,clubleanote,8818,20031206,824187200312061043,女,74696331106
女,78532056834,399378197504191087,rinigemachao,50555d4a2ebe888c8ba4b402ee91a488,8819,19750419,唐雪儿
女,liulisilver,a3113b3441cd8bedde29d2e6fac3cff8,堵星儿,219127197201045921,8820,19720104,76766206829
8821,Altmanmoxiaoxi,男,522b49019b032bdf7aa7cfa9a958f762,75142132435,179210199009019357,游线,19900901
77248093007,8822,xifengweiyufuyunzhaolu,东方银柳,8b19caffa407ab543499d6e4f0f15faf,853061201909269920,女,20190926
044216200206133327,Pav1ckj123,8823,女,cbb0f66cdfe67aebca6e00c5c2202ce7,74029653341,20020613,伶舟新荣
8824,77508621864,公林豪,001465198508112343,19850811,12cbbd53c1bca0fe06652b721c88dce4,女,sh1yanink
momomoxiaoxiioin,褚安雁,b4115d1aad2e4012f946da2adda78b96,79521092975,男,8825,19951114,329342199511148319
8826,20001124,821f3157e1a3456bfe1a000a1adf0862,xiaocaowobokeXman,78888663306,戈滕,95317020001124201X,男
79103481895,胥弥尔岚,b89eb7c5d3685cd27029df42e249cb61,20070226,8827,男,585286200702268250,pwn4ch12dy
77354320978,8828,公先妙珍,女,19721229,yangxuechenjie,beb9ca7e6fc93131dcae882662179ef7,811402197212298928
02564819970829837X,78373279601,19970829,男,Brucetgwangyuzhen,4eafea1e40a7b12f3d4f6576d2d82c17,仆固昱,8829
工师妮娜,027904201512063773,31e45adc33de99f0754442731a10531b,8830,20151206,男,wangjianpingsvn,74651313148
liuchangSn00py,297437201610085343,女,工师平晓,74754990294,20161008,8831,9fe6e4d187458fb8f4e783e76f42812a
女,73508037736,8832,324758202007157921,20200715,简展文,myliuqin,3626792182467be62e2087f0d112985d
balis0nglvwei,弘锋,8833,19800409,75563341347,男,129257198004093234,2cd41aef8903676b724c2a079fb410ba
女,窦和通,rickyhaozhangjing,75154409675,055184197310015047,8834,fcdb391ab6d3a962c6878d84ee5cb269,19731001
莘紊文,74032037993,175613198706219752,男,chabuglonelyrain,11a50c634ef1bbe355be8b0f5cbd7ab0,8835,19870621
900561200011198155,公师恩,男,77753744212,a9c5aafcc7b45baee69d1ad8b56484b1,20001119,8836,zhangliliuhong
837058201601145130,男,20160114,wils0nzcbmhf1,33d1ca96c075e5487042f693b4e6454e,73513065094,景晨星,8837
19761004,8838,77317808044,495095197610046035,屠正谊,男,liuhuanmaple,5f29d4bcb66e13fa4259655756ec2547
20170505,73158392035,dd9bb2238107cd0aa42a861f42451c04,公宣旭妍,男,257861201705050439,8839,Sakurazhang
19820406,ed4e91556de67fc84c6a20096cb6a4bb,男,8840,79858241749,klionchenfei,450154198204066672,蔡白莲
183850199707108955,庾嘉许,pupileslixiuying,07f27721c1ee0d1ee699225f779ae96f,8841,19970710,75836232556,男
79800435800,8842,96777cb082cef64e4a0ec5f370a3ab4b,女,20191231,苍悦心,chenguilanGroupT00,249225201912317249
19700618,8843,79922438587,戴琪睿,男,264607197006186936,wangnadarkeyer,850419160407ed4e192d1ea573cdbc87
19741107,游丰羽,liukaiskyofkinglove,男,81909377e414d6e717e4ba1b4c2883c0,533803197411077872,8844,73496773214
男,sher10cklucifaer,8845,e7b153a341050720b1b082e6bb2d9b25,039529199202051653,73962714796,19920205,郝星纬
000435201110236130,winzhProcessor,8846,3dbb4b6db824fff80bec206eeb7a2fa5,75799300393,雷英慧,男,20111023
f277d991677f78f9898aae8098f1fe7f,36158920030111864X,叶敏学,77816577214,20030111,evi1cglonelyrain,女,8847
男,段爱茹,19750124,877012197501242311,lixiuzhenj0k3r,8848,4e0202ab8cfcb7d98c02e85f2e18c6dc,73484267311
姜博实,02517419750719778X,74668874587,19750719,8849,a30d1f4eeca5aeb72d0cd1e935cb88a3,anquankePowerLiu,女
19900613,f05d49fdec5574b86923f8e1f710118b,鱼评,eonewwangguirong,女,043175199006133822,8850,75950179954
柏卓,514886200409126324,comu9c3ca1ca4784lichunmei,20040912,be7d834be257bde96119d55e96116194,78266236095,女,8851
8852,女,WangYihangwangfei,c4195a1fad4a4cc478b002e1a473e2cd,75093700492,19830412,495726198304125528,信都琴雪
74075025186,古冶俊,wywwzjjio,502665199404187679,男,bd07769ba89559fd9eb8de0b28dc2d7b,19940418,8853
乘马鸿波,19810528,j0k3rMisakiKata,878097198105287584,5c24c1faf65ff5fdf6b6807f7bd2d936,女,8854,77219961015
823993201002223638,8855,冷沦歌云,20100222,男,75307579724,ad83a89b61b4f492d1a45db6cf785a0f,sh3llneargle
辛修文,74873737295,bcf50f63036e598531332ba6c4f8646a,072635201407221963,8856,wangxiurongzhangwei,女,20140722
男,20010501,616777200105019515,乜沛,8857,03422f8cc515dd2915ea7f2e02c6cae3,79846512623,chenhuizhangshuai
76623288244,185922197408108536,3c213ac96d30268d99b1e9146a2d6c64,19740810,男,8858,wangnaSukaraLin,王官姝艳
998fe109e443e7b31df45e0964d59b46,19750316,lihuaSeebug,75359950042,男,765193197503161837,东乡子怀,8859
女,59814a7fd52fa043e71084e4f17d0933,20160220,PowerLiuxinxianquanzhishiku,8860,蓬永贞,73928008132,889179201602204540
8861,wangliangkirinsay,486862200604068828,窦才哲,女,34547aee24ce7a21f6d72ed9d94e134e,20060406,75888688821
男,任迎松,7e2b8f4fdc4c1b610dbfacc1e2afb069,liuminJrXnm,8862,860855200102202419,76605171194,20010220
南宫海蓝,b2a41265a520aea09f3eb989211b47c4,女,489510200711125867,saurendaxiam4p1e,20071112,8863,78527475359
20140504,关兰,8864,男,714616201405040218,3a58f70002178876b08926919f6eb76a,75762621958,zhanghongliupeng
8865,78166112759,269550200803040131,男,孔思敏,20080304,9c4f0f3231459543e6eaf53ebe0ecc73,Swingxdsec
19770806,女,75137565639,huntingdaypolarislab,f795399461c64dc74d8887833e0ab7ed,阎秀竹,8866,022423197708065488
zsxsoftheavensec,8867,75509577584,女,19751030,149416197510309061,9fa85df2176fe521e2673d7e54ff702f,蓬彩娟
3508eb046e12d780da8be788c10bf584,75332850235,553588201912030685,donotsuifeng,女,公荆驹,20191203,8868
傅余顺,79329892039,liugangkerlinglovsec,20200830,8869,bdb11753b8fc5565085e756a73965159,男,34104520200830527X
女,626244201007144226,公旅春桃,zhanglinfupinglee,20100714,8870,be66f8bc835045250ed83fac13d91684,78276460768
785271198608100585,19860810,女,78039421043,7c845818c3bdf171bd595d09ad8c9e27,cws6byqiyou,8871,储欣愉
8fc833c9fe11e3395d7c87d437f0dcee,公檮智勇,20080718,8872,chenjingliling,75681184961,519913200807186412,男
男,5e0d0dbda4b1f068403e1c82df7aca83,19981206,78853912879,8873,0aKarmAliuhao,15119319981206141X,宿鸿畅
8874,75581418104,男,netblogPh0rse,喻炜琳,677927200708162977,20070816,dfc26741070a0680e58405c0b450b3ea
400606198003230226,女,19800323,73043946093,8875,堵芳苓,e0ec8d334ec7cc3e741d4a0432861aec,mitahqiankejiuguanluntan
78415787734,男,MuuuNyawangfeng,车春桃,71d89b951f867ee1a9ea184bcc384184,19810425,790569198104252376,8876
计问柳,8877,20060623,295081200606231544,78725875935,女,piroguePanytucaokeng,87a4a612354c375efe794ba2015eb227
78176395486,3bcda9bd6129daa99afe76894c05c6fb,8878,女,20200125,f1shjboss,578590202001254324,段秋珊
7df82a6c8e012ef384ba27f65ec2de64,311947201112033851,男,暨寒凝,20111203,sm0nkfindneo,8879,77342004514
76787851897,男,8880,LANVNAL52stu,暨玲玲,19720529,633445197205297570,f1b79d1c330e22502f4daa56df44c465
20100720,77763918681,男,238e3cc958861f33b92759ab624249c5,8881,206540201007204551,纪菀菀,bigtanghappytree
608f90e2ef3143e5223c234ea9772730,男,禹备,8882,909642199811270716,19981127,77746039076,wanghaolingering
郜曼文,8883,severyangwei,77640050718,9356043fb51d2abbce0fc7c6745d218f,182351202010245581,女,20201024
786846200203114521,ba5086b825c82e89b43591cddc5dec20,8884,73457312845,女,公乘恨云,20020311,adm1nksowo
8885,686629201401130913,zhangshulanomg2hei,6c06341c5e9d4af85fe7b67254977972,越芹悦,79805649565,20140113,男
73aecf2765778f5f07273957b7676143,557276198011203515,19801120,Goodboy3as0n,8886,丌官从阳,男,75198499959
20010809,8802a0ade58452c6ffa0cadfaa71b2d0,Wingwangling,8887,73017073039,549838200108096431,晏辉,男
74894087000,19970606,薛妍,492014199706065829,女,8888,Venenof7Venenobit4,800352d21884c11c0ad2e9e16b73380e
8889,e26c3746fdb5715adba8dbbaa82533d1,b1cxnet9199771,79835691155,19871111,男,031254198711119159,苍向明
79363474712,684382198812299659,liuchaolyy,19881229,公息夏雪,5349427334901056570237d76e325225,男,8890
719652201505233826,8891,5b8c16ef6cbf631c06ba5e2940dceebb,女,20150523,77467693618,仲长暄妍,zsxsofthackersb
乔桦,男,77896911867,8892,40600f9245bb63a1bf99e65ba08e9839,leixiaowangjinfeng,19990518,926789199905188731
8893,74021066127,60cae82ca64c99f3b89480fcb6e25ea0,19750319,禹白容,423648197503193359,0dayprojectmoon,男
73450407350,女,Ginovezhangna,8894,20110110,21be521d2aa3f8b8dc81ed511aa7eff3,528284201101105361,关其飞白
202460197309099328,8895,8822ff555e89dd087a01fe9c07bde114,19730909,klkxApeng7364,公林白枫,74820036269,女
19720829,男,wangfeizhouwei,60454719720829351X,78964843336,8896,公伯杰秀,5494d1c7badc23437d0bcb7860ad4685
leqingxiaojunjiesouthseast,280088201107052288,黄晓慧,f1848c322bf1c9ba43745c4f1ca6b4a2,女,8897,20110705,77554400150
Safe6administrator,77216886732,19880529,28dc815ab62ce06107ad5e65c854c406,弘昊怡,男,8898,227185198805292235
03ed20239ff7f18557a270ea4bf5427a,Hpdogerrmb122,20171027,8899,831875201710274745,女,郏雅惠,73333499294
lishuzhenapeng,000889199810212173,89f916d5eec8c8b81a58e7db7d77e2e9,昌雅畅,8900,男,19981021,79821334732
leixiaoreversing,女,公檮思琳,20110225,bd7122a87aecdbffa69f5996a022f6b5,251172201102257284,75214582778,8901
79655414569,pingmaoerchenbo,eff81401ad74f1ac37115f927626331e,19900206,62420319900206464X,8902,陆问筠,女
19841015,胡毋国安,liuyunpolarislab,561548198410151916,男,77252803981,592f76fe08a08d19539149fc807c4b09,8903
Orangexiaozhi,78765575865,3360a1683c149e7091418b7d69835664,闻国,男,8904,20020414,477479200204147118
19920701,弓晴,78596583009,19b878a9e60c43a5c22219b0f25303d8,533416199207012755,男,8905,sk15zhanglijuan
19810914,男,79526213448,12dbf1301a5a55e6f7ecd5f32e881f67,8906,293459198109144530,lijuanyemoli,阚可儿
关龙宁,8907,b4afdc8f961a6282303fa41b41143032,MengChenzhijie,75048225252,20120618,女,986817201206182845
8908,男,97479ff4720f7d6dc9d44c4d1aae3656,093978198106033412,19810603,chenfangRj45,殷恬,77564300193
8909,女,661735201402115189,18381d6a1eba3a860993487e6b12ea42,20140211,73911441419,徐成礼,Dmfun
19710224,8910,TuuuNyalishuhua,73481450259,228806197102241537,曹青槐,845d0962de7bfdca6ef5c417d08f9eb4,男
Evi1cgsec,8911,73820987351,5b754c6e1a4ac503acb91ef9611faf6e,男,365174201004122273,20100412,邓弘义
LonelyRainn0tr00tSecurityTeam,8912,戚琳芳,451691200406241926,966d20324fc97380902ef18021b3a456,78289581382,20040624,女
73332739300,20081010,龚琲瓃,a5dcff405ae7e571529f6e912d8c5c38,chenbozhangxia,705402200810107979,男,8913
77139325484,穆灵竹,raycp0xmuhe,8914,595952199207218521,19920721,c7e730d44fa56041be6b2f9a4d3d6587,女
4c901d4018fbc3d7cdbee388a6ae3448,邹炜琳,19990426,77211621568,男,ShadowGlintiomicro8,8915,580306199904261077
2113490a77d5f729ac1ed8505ced7dac,8916,男,居娟,aiyovirtua1,19920930,73352134880,138319199209303410
621198199006177463,公仲鸿振,8917,74521195485,女,AdamChaMd5,19900617,ac9691b323e531743fb75a00bd62cccd
b8a8f8e0cedf612225556af875f943c2,pzhxbzchenfei,公格格,19830819,48601019830819853X,8918,男,77122227981
女,RickyHaoBendawang,1c177eb242227a6993cd78fc23233105,滕知睿,231348199608200768,8919,75581497223,19960820
8920,80995119960324642X,女,74677779156,宋柯拉,70c91722f56f90746d076cf6090b0f41,chenjiezhaojing,19960324
af3ecc4719ceba4f1e419a9aab88f96b,78500636109,721180200007105520,8921,女,连川,sm0nklibo,20000710
79028084461,greyd0gnetblog,8922,男,19801230,伏羲德义,239451198012301134,c4e569cd0369d9d5aa54cb3731098216
cjk123lz1y,20120407,322781201204075818,b0f3cde93626224313703670aee86add,乜嘉祥,73758968109,男,8923
26534720080802527X,8924,公金茜,lixiurongXyntax,78684924493,3726ab9d48fec80fb3b2c7d36a0d362e,20080802,男
8925,9c2b45293dc26ba15be2cdc7ca805746,20091107,78491256341,莘帝,男,892775200911077651,wangkunweb
ckj123HackSafewangzhidaohang,79046536046,毛谷菱,8926,be320aa3678412c54f47751fe4363aad,女,793238201804299163,20180429
358777197804146744,19780414,能箫笛,8927,585e80c446829796b60bcedfed0b486d,78831367292,xiaoshenghenmangxmanblog,女
女,10a10103c12c8f9bf6924a19fbee395a,8928,wangshuzhenzhaomin,20101016,77252070858,沈建弼,563955201010163469
81154120140919614X,317b07d75b0875290773aa8a22256633,饶子蕙,8929,20140919,75121717387,idogelitao,女
78847226147,49a28168cb874bf42a7a3ef3a9c95c5e,160771199701042844,8930,公宣仪文,JISECGuko,女,19970104
315303199805075151,廉英范,男,73180484632,19980507,8931,MrRdarkeyerp0desta,ffc70c35388c64c03d49a20843de72ad
78680249220,男,8932,鱼芳苓,19840418,fc705ba711f028621762d0ea0ac77e78,038668198404182533,Lovegoodlouys
fd518347cad49eeef7c40d5049108b6b,8933,78029378095,阴依云,823149199111228818,iamihuawen,男,19911122
20131113,BurningCodesmyh0st,174258201311131187,77628683628,a7b99684f4bc8764bc15c5acd0eff84b,公绪玉,8934,女
19890101,9fae0d138449aece6ec1d504abf8897e,714333198901011753,74612228478,赵芸茗,男,zhangjuancal1,8935
85639219770701051X,fdab2f84a68e5aa8ba30944c908498d4,SarielDnobb,73393355793,家晗雨,8936,19770701,男
19760309,5ceb6ffd4192fd5a7c41e29d44f56e14,卓兴朝,sevckdongnandaxuewangluoanquanlianmeng,女,78445022243,8937,030882197603097688
男,c38f5045a17af45b2d568b09ac55e33d,74026630868,778870197511137931,cobbrAryb1n,戚燕肖,8938,19751113
74635372586,女,阎嘉祥,727f5b8e1e1389bea374c606cd33577a,20040410,8939,ademaanquanioin,940524200404100265
448220201504046931,f27fb81c1c0f5a7b5f464ebd01577116,8940,20150404,男,靳迎波,75968174152,ttk7n0b0dyCN
耿慕悦,lijiaevilwing,75901063815,8941,625b057ea42525920a6d1b06f42137dc,男,19740222,163203197402224154
lixinExOrigin,655241199707103228,穆康乐,8942,12af07d0e17b87a7fdd5c33dcb1767a3,74630620733,19970710,女
Tasfawangxia,570dbffa131e51b99e8408774158a2f1,男,73950419365,722468197702146859,8943,19770214,公旗姿
上官山雁,166279d45c3249afa62c58bae87d8d5e,女,ring3lichunmei,085223197411309229,19741130,77205454076,8944
cc054c3bd53f16933f7ab1ed3cc28a04,女,杜瀚漠,20091025,78112410570,8945,sinaappwanghongmei,095502200910259845
oneT1h2ua,51913819811031596X,78132545429,女,8946,19811031,蒋娴,1675f39e56778ed92d96e48a032801cc
8947,公尚睿敏,男,344363199607094432,ae68c0e682681d4c889787da438f99b2,Akkumansaurendaxia,73776376640,19960709
19960611,79598309500,男,baa2d77f776fd5a8d2ac307cbd7cf221,yiyepiaolingx14hack,共叔正信,8948,781798199606118552
水颜,634154198206160221,77770953546,女,scanfsecchenxiulan,8949,f11cedd1a5058e36afd0046e84e61960,19820616
20050711,金阳云,166389200507115010,男,8950,4dd0249754edccd3e0a1e883f109b036,79829413535,lixiangmisakikata
女,325387b527e7dc35c31afdf9cb5b57c4,戈锐逸,73466645624,559138198401207085,b1gtangwangyan,8951,19840120
291258199801310211,夏芹悦,997975c18400068df42f3a2b6d742d33,n0b0dycnhuangyong,8952,19980131,77834601048,男
79929241202,a81e4bc58a53e5aec81230a4316416ff,045919197909125220,8953,pluslsAtum,女,19790912,詹念柏
83ff7ccec697480ac4231862f963907e,164418201402139756,75160056699,20140213,8954,男,尚芳菲,zhangpenghuanyue
comubf30f18c872ctricking,73491105572,女,19700729,8955,巨母萦怀,849055197007297540,1635fe139b219ee57f17d3c75e850266
白湛娟,topL4ttIc3,73895343114,8956,19920322,男,5447ed3f9af16946b54b466dbda2f42c,715572199203222271
e582aace05f7b2495559b6b419170394,75009725324,薛阳,036633200505037472,8957,lishuyingMang0,男,20050503
20050206,齐佳,75755589813,NightShadowevalbug,8958,88a61fbf2fef55bc04def8b3ebcf383a,701625200502069845,女
8959,19811014,77694004002,df7441307824062c4f845c22cdac2226,502968198110144455,乘马瀚玥,b1cxcdusec,男
78891227942,公广炅,8960,270924201508104718,男,ec0397451c42f84a958c59e7e59f584a,blackh4t5alt,20150810
283938a62a8ce9003bbfcf63d56c8a76,19921111,099393199211115138,郜烨伟,男,8961,75799784130,V0Wkyrios
77126324755,8962,19730326,女,k1n9zhangyumei,340265197303269584,18808a95f4923b2d8d5782bf53bf858d,邹瑜文
宁毅然,049209201305132149,女,zhangliangdog,77639593653,20130513,8963,50a26f5c5148c9bc7927decefb065873
362605197705304822,19770530,e2959c4890b6c614ae62d9c3a5cbeec8,8964,77813450787,逢从霜,lostwolfretme7DiShen,女
4c44b6c056e7b1eb61979a151c170022,女,78312131619,973319200005023967,8965,pupilszhaowei,仲孙芯,20000502
女,19890413,661524198904134684,4d633eed9b0241221155e878954a2130,zhangliliph0rse,79651624257,衡志诚,8966
8967,男,300814200311076678,1167d3d140f87c5b2483143e1d66481f,77836740760,乌义,zhangyuhuamylamour,20031107
8968,74820575069,573566201210074187,20121007,250cf8b426731e94ac861078d5684cfa,公保浩歌,女,ManassehZhoujiangsir
工偻朴,314615197308229537,男,83422503bcfc01d303030e8a7cc80efc,73065277475,8969,19730822,mysec
724117200110229175,0c043378797ff0132c20efeac5fa729e,oracleProjectMoon,73404196525,男,20011022,8970,公罔梓琬
8971,a2d147dceeab29245ad0a003640bb938,ExiaHanjiangsir404,692654199801301843,19980130,女,幸靓影,77575262330
2db53f3af64ed5d1242ed8e168e68346,奚丝,女,77170928425,20180123,8972,styprzhanglijuan,533767201801234840
左人艳霞,女,yangguiyingevi1cg,20181020,559760201810205181,9e9d0d9a3f41a850102c3442de37f968,8973,78273099983
961055201603093666,8974,77681437187,1e63a76ed375111eb7469d563f287a37,女,20160309,chenr00tSe7en,公朱宏达
8975,79046387456,景姲,51ctosayhi,女,618204200810240166,6bb705ae0a08cfe72b3e37d6526367fe,20081024
chenxiaobingZeddYu,8976,工娄雪卉,78049034102,a2a512b6813fdb3f900e24c539bbba5e,19841214,女,737806198412142626
FireBroohackersb,女,8977,237695198412203467,78322576294,19841220,方金玉,87a994865f070cafe80d7ad5f4d48bd5
299007199812317546,郎赐,女,b1e4165750d81c662c066b5a812b14cd,8978,79940007141,19981231,zhangmeiXiaoTouMingyo
wangshulanlitao,令狐妍青,105234201608279139,男,20160827,8979,42de064c9ad021f1dbbd8de901dad029,73855409267
577114201804026989,尤蒲,女,78741459223,20180402,zhouweismtp,30df09c20cd147e9c1e9691a9df1e6c1,8980
巩伯敏才,女,317e4e3866d633606d66b2a7df1cf3eb,zhoujieqihoo,73954733408,19760602,377306197606023765,8981
滕彦露,1268dd6ebc8f61524c018eca0812afe5,03019719981213361X,8982,19981213,77822683867,liguixianglonelyrain,男
云永长,8d2ef738b42ddb3ee683fc7bde020dba,19831009,8983,ExOriginLovegood,78690571756,男,670277198310090271
8984,spoockzhaojing,e196a76065cfea7f963515ebf4e242fe,514685197103294219,73935991738,男,19710329,工偻可嘉
79365209275,8ca6535cd21814490b854a98a9392908,公索冰月,77749520190708995X,20190708,男,8985,GodotLz1y
鱼香,39adc2e323b150214cdb1b3bcdfcbc6d,19720117,jianshupolarislab,273538197201179811,73499946069,男,8986
8987,男,815532199208209730,19920820,岑玲琳,caligoklion,935c645f9afed03da8e9310b1af4e3d8,77513058496
暨仓,75696467023,chenpingli4n0,1931353d97061edc00b7af159049a2b5,8988,女,19790823,623615197908234761
男,刘弘光,jiseckim,817709201203039233,75301505732,8989,20120303,c8789139b800a7f95bcd1205af6f5ea1
女,东阳宏硕,20181208,906244201812086361,8990,73889413744,71af8d7a7117e0efe7770d0d5dc1befd,lihuazhaoli
19910928,75707759030,男,濮傲之,3cac79c1e3d5899f650542d152b4d851,8991,xyzCosmos,561607199109284173
418243bc0c3d521aca1f825d5739ef5c,男,k1n9liubo,747593198501191818,岑桓,75966599248,19850119,8992
男,8993,689848199110052516,78486902126,赵嘉禧,zhangleiwangjun,19911005,44c9f06c7548a6f071529ef5234563a7
lsafeSeebug,8994,73178615236,20060827,372336200608279228,956f14b544783e251e0493506ea8ef6c,女,和艺
女,335b05f73cef364e1fd19839b1b4bdee,74707212965,8995,499727201201074320,20120107,likaimicro8,盖高阳
20060324,8996,男,秦成双,73699568087,4fe973cc502dba220a1961d154b7c80a,459701200603241317,MuuuNyawanghua
gorgiaxxwebmaster,223a872c32a75cc19cba4b7946a769cc,男,8997,唐谷蓝,20101129,010016201011299671,73044962023
19800519,99614419800519686X,df92a3d0624d0d4145e65c8141d92f25,女,8998,73645624660,公冶梅风,lixiuzhenliufei
8999,男,ca294205968d8eff10fbf9a7d41ab0fc,方储,274232200510190054,20051019,guoguanggetshell,76646993017
9000,933275201608186020,20160818,67799c2754919d0b8653a38a38e3d94d,73682113805,公乘舒,女,lixiuyunWeaponx
9001,719093198209110071,73001885371,19820911,chenjunliyuhua,男,e1354ae87a7a8af30a24874f719b0a9a,章瑶
liuhuishiyan,19780224,387565197802241025,9002,75859921370,女,1722442b586a85c95593a9c6131a0ebd,侯琇芳
78264633572,郝高歌,9003,lijuanSnowming,女,418568199809153845,99e99344ec3c908bd61b57636d129485,19980915
9004,77365767865,20200630,敖安雁,virzzdevelop,女,822407202006303587,e082e5300b3fe481d786f2979391f20b
9005,纪健,79935062220,男,Adamzhaojun,36f033108261a4df56a61f4a6d62a545,20060429,904152200604292513
lileiJrXnm,祝良弼,男,9006,20100528,79567802353,977418d8b65f4d1f0b2f378e9ca31cf2,792858201005284456
19950207,78417155421,zhangnaHpasserby,9007,女,107193199502070843,东乡靓影,60ea5c8bd9afe1538a8c2947a3eee0aa
092805198608073110,9008,73713059117,公孟宣,男,01a9b85934529cdc00ee7bc824a9eaf4,19860807,PoacherOrleven
男,19740630,丁沅,9009,DMio,337976197406300216,74812923233,3a37c9952da7858803a400f1984b5b25
189987b3348dc46df062dba93e18a66a,19820819,75725322674,女,9010,公之琼,MengChenfuyunzhaolu,827937198208197146
841344198010010779,董列,男,75296047765,df87f278023bd97be537c19f4c218174,li4n0southseast,9011,19801001
19890514,WinterSunzer0yu,关龙闳丽,9012,465237198905142442,b8c2267581650a17bc0f160d5d0c8d8f,女,74005072435
041033201501275827,78792880165,Zeddliuling,宁参,20150127,9013,女,940083534adbea7c91c7e1a3d2fd5bbf
77319579916,20130309,男,d3258c730765f6a5b1fe4734ff54ac67,9014,车浩博,108085201303091030,kn0ckzhangyuying
女,宫素欣,75558063876,9015,067688200605310781,2589cb5c85480a9b7aec95a198f87f16,20060531,scanfl1nk3r
Weaponxliwei,9016,女,720056199002133360,19900213,93314f6616b6839bb65cedf490548944,76600568537,仆固玉轩
wangxiuronglimei,女,79152294373,20040317,1f15437c290c90697f01a356214da1e3,9017,盖睿才,160451200403175327
郜弘壮,866104200410265080,女,zhuiguangzhelixiumei,79696432954,20041026,9018,9bdc9419da99e35a0c33f3b5547b0788
zhangyanzsx,9019,汲弘新,女,76639677941,330142201703045982,53a63a0c96649dcb0e7a47fcdb38b649,20170304
79073889314,女,彭梁,20070909,727177200709092645,9020,c23b93669962928c63b3ce866d2b3dce,zer0yuoverrainbow
pupilespostgresql,9021,e1c7bf8f65d77b88f52fc1f6bbcbfa93,19870322,男,26211319870322665X,74610937231,扶曼珠
wangguiyingwils0n,19950423,男,75623605282,028799199504234516,9022,厍狄冷卉,4496364e47a1b4f0df89b0de1dfbe174
女,49f6859d8211e808c8fe1332a192f187,netyiyaaixuexianquanquan,774309198204282129,79624260618,9023,19820428,雷乒
女,Loidforeversong,厍狄颖秀,19940309,5994f2eeafb6d9dfede93bca4de2462f,77856578714,621638199403091680,9024
19731123,ea3267500338b2f403485608c59519fa,77447910993,9025,755833197311239871,Whiteliujuan,男,潘康成
77382261125,赵念薇,19820323,zhangmeizer0yu,女,de96f8b9a1ae5c2d0990448bf0801969,9026,051364198203230143
398195197906246823,女,19790624,dwfalutMisakiKata,池莲,9027,803f2e2694a037c98f4540f996a6279f,79872290438
810311199206141085,19920614,b1f6a77133367250161c952192e3863d,女,9028,花婧,78757616496,LonelyRainm3lon
75760536894,Orlevendog,20030731,宰清润,561612200307319572,男,ffbe3147e7fdc569596a9bdbbc0fae11,9029
9030,593438197711260184,78432447c9058a080bd233ef8831788f,19771126,厉冰月,73075535290,女,likailiyuying
公宣翠茵,251857198401202654,78147287106,19840120,男,9031,c219f000d530a792f9bc1db6843d0436,balis0ngzhangbin
19730424,9032,purplerocXi4or0uji,男,77280922261,乔鹏程,11ad3fcbcbb958c27001166943082801,015548197304242955
071556198908295611,盖笑翠,19890829,9033,31ae7dfa3910664c7480e1be1e481116,79508218253,男,linkarticleswangyumei
sevckliutao,男,734783199111248178,8ead1d3e21ffe79a599c8c69bb6a1889,宁奇迈,9034,19911124,75612814655
3261b7e245f7840d996d37b3ae740e66,19780323,masterlishulan,屈门霓云,77626346541,9035,490396197803233062,女
zhaojliuyuying,79601915626,9036,574563199701309181,2e2cbd07de11e28d471664a243c084ac,韶墨玉,19970130,女
lijunba0zi,东关玉宇,800637197205253463,女,102621a228d544891eb704e9d7e4a7ff,75721924096,9037,19720525
怀雪翎,75789235356,7102b7c6cd43a55d04aee29c2e858def,developguest,418283201904121558,20190412,男,9038
9039,73336640053,062992201312259389,hl0reywangliang,20131225,女,桓双儿,c78d9b88cc045057f6a52f55988bfc33
zuozuoweilaaccount,19830211,848828198302119550,36e55be49801b854fb600dddcf64b196,聂敏智,9040,75959270812,男
男,19830422,殳嘉,9041,smbmachao,76704704312,043479198304228034,e78af75ef8377e360c4b76458971c3de
男,689941198505147217,78342765413,9042,穿封坤,d59bceca85792bb4cc7d58a6474bd2f2,webbaozisilver,19850514
74947125445,494054199605262957,19960526,浦葆,9043,beafb1b1hackingarticles,男,fa140e6dd1361cc05562edfa16e4ea78
19870520,9044,舒乐丹,519018198705206761,女,zhangxulihuaiqiu,25d7b789ea6e14c18076f1a6971fa6e2,73388677166
9045,女,telnetxiaomi,78497438533,1c6b256aeb0d90185a836cd5d658ac51,傅余妙,797675198804158566,19880415
9046,94579319720409356X,7f765986aa02fb532c3fce26a7151c44,仰蔓,19720409,73158332564,女,sher10ckcyto
352159201506258113,79158924789,Imagemltpaper,侯前,9047,男,20150625,8d9f01c4caaacf89f9556459a4865570
820231199506135922,482466489041fe88a05c5eed40e6e4f4,19950613,公祈宏逸,LovegoodzhProcessor,78817016002,女,9048
女,581155199504243061,75311236786,安伟志,9049,Feeililiang,19950424,ae51cef142cbd5cff1ee012dd819fffd
丌官雅莉,b1cxa3uRa,20130504,78182412627,男,299055201305042817,9050,a5b2aaf2a53c18a8d9fb56db26e4d2e4
女,322657198907319663,衡淑然,19890731,WisdomTreeliujuan,9051,38719b85c5eb5983d2666d2b10a8dea5,74840641947
9052,夏凝心,19711129,77398276490,5e1145cda9294addaa280b7a2514ace6,huanyuelc4t,798570197111296260,女
644898199009214930,Laucyunliyuying,9053,e120ea280aa50693d5568d0071456460,19900921,78896469803,武民,男
男,柏碧春,20150508,45ca4f807078faa23cc6e0b4c98cee82,9054,305016201505081975,yangmeisusers,75194396029
clubNotwo1fNotwolf,5e101f2ab63004fbf3e6f63f3acad243,658336199706204227,9055,岑泉,女,78921574794,19970620
77223647743,男,9056,569770201502265013,宓玫,plz227Rocky,20150226,6f042b4ff3eb50199ecec73765213055
19881231,9057,355478198812312222,钟梁,ExiaHanYaseng,26dbd5dd746fa4c4720673c3defedb96,女,77564901562
76644092971,Xishirhuawei,974760201108170162,b946277d789120fa4ea01f09ff9cf19a,女,20110817,9058,隆佺
824475197102011271,9059,男,19710201,和清,ad9e965a0f9c9279ee93cdfeab173ad3,Wupcozuozuoweila,79315325255
87626f6ea2581b6b2edda549d90b1926,523640200601200126,女,75177232817,wilsonxiaoshenghenmang,9060,章仇水风,20060120
女,wangruime,d0352ca4e5fec856cc72357447b1dfa2,9061,78299079904,51375819801211688X,沈诗双,19801211
9062,18425119850321502X,1c4c0070039ad6d8082e0550527555c6,75698357199,19850321,女,邱仪琳,vancir7o8v
699443200507233861,9063,20050723,wangdongmeip0po,82b3863fa10df93a56ec9f8273a993a0,女,75930682691,茹劻
20191010,9064,女,718000201910105588,公丘乐人,73826261770,92411368337da861619e25a9b18b3a8e,hackeryunenin
公扈康乐,女,20070302,77127575332,e0bc10013c66ee5c5ad8f5e1af719476,79343620070302712X,9065,K6math1as
wangkunf4ckweb,公齐俊风,78574966358,234555200202230345,20020223,9066,2980a7616bb143007305afdd52512ae5,女
男,柳墨,liulnyas,45939885486ed0f4d8834e39b98314b5,9067,064751201807299570,73060502845,20180729
9068,832689198601075345,女,19860107,77565365052,邰彦红,3779136ec5bde7718750534130178c89,Passer6ypeterpan980927
zhangbinliguizhen,119576197202155984,女,ce0d3bacd23c0ed7694d359fcd235289,75100342787,9069,19720215,韶妆
74913513281,639067200304266880,9070,邱天工,20030426,882026a645d17305026af969eb9d2b36,女,chenboPasser6y
令狐昱瑛,20020731,73756112530,9071,zhanglinzhaoyong,男,7cf08c810783546813c12d7335588529,620152200207311070
漕星洲,20080812,0h1in9eRocky,9072,26d5553eb9d646b6a88ca3f7ce220cea,514819200808127156,74868389054,男
343512200007139639,75940986203,000605c1436a5d68b0c77d351cc61f85,ph0rsechenxiuying,男,9073,何傲蕾,20000713
19781028,eaab07be9cf3c625341b563bf0a04844,9074,男,77525054289,159029197810283571,ph0en1xliwen,甘彭丹
20000223,383263200002232018,9075,男,beab65f9e23b6b6b0c5e1280d9d0c3b9,PwnGogFirmy,75911461734,简嘉澍
77630696535,饶飞荷,d5f0e409cd4a9b926e87504b1b8c790a,kerlingwangjianjun,9076,女,19731113,706601197311139248
78046667783,19740507,9077,男,654624197405070251,施飞虎,wangtaowangfei,130f0c95891ffd6a552662196ad21ff2
桂爽,19930304,damit5Lteam,9078,98676c40b95bac63cc8158cefcb446a3,627026199303047460,女,77148512940
e4248eb0f569d2f74a80f36662f2c72b,20200720,79001054821,826940202007202339,南宫柴,JoyChou93wangdan,男,9079
8498cdffb104a54f9a35f6e64d867f25,lingerl3m0n,男,公锋,20140718,73147771457,955824201407182312,9080
19781012,688764197810124183,9081,女,05d2087c05d1b49329eedc375ae00f61,古里朗宁,chenhuimyh0st,78152701731
7149e26d9594f50f88232aa264212b05,783437197809091234,9082,73895307622,Firmywanghui,舒嫔,19780909,男
2b8e7fcc045cd7eae78cfe3bae793518,男,麴心语,9083,76671849325,951455199110158935,19911015,Niexinmingwangning
wilsonidlefire,9084,19770418,77431864585,151192197704187378,公尚姜,男,3c6d77e91c7fca34d9fa615c8a469853
女,77809333336,公旗天骄,067627197403140166,19740314,00a1f187721c63501356bf791e69382c,0day5yunyu,9085
韩言文,cnpanday11en,男,774231198901282230,74055139141,19890128,348d1010ee4be2878b890c7449143d03,9086
公孙虹雨,machaolixiurong,706878197202208317,79849123227,男,9087,19720220,d6536edd302d8e924c92275dd1637377
女,19730920,松鹏鹍,75781919278,9088,965146197309207785,Hpdoger5am3,44d286b4fee87f0de061349c687e3fc2
75858824715,runsherlocz,19791218,9089,aa0c6e60167f30032c40b3f550df71e9,女,972453197912182446,易桂
19821228,907474198212289777,男,78586953566,9090,暴苏夏,huawensouthseast,dd55ce29be8a1b60b12384638dda29c8
男,df9f42eb74bf41b3c4bb41f44545f420,19800930,79596196352,973867198009308415,9091,丁鸿宝,grt1stlibo
男,9092,19740121,公扈沈靖,736871197401211632,78913421987,3dcb0275f83573058b2f19ee6493de01,9janzhoujie
苗承颜,useryangjie,74912448668,591523197804146021,19780414,女,9093,0c21521e405c66704a733840ce85e96a
胜屠瑜英,chenqiangqimaidoukanluori,19751004,男,75712556778,9094,b527d1e826a99f20cfe0a5966c1a557a,197760197510048657
男,03ea1dffb64515be1ec6aa42fcc6deac,20120930,9095,wangshuyingblogs,142245201209309314,蔚琇芳,73280350125
fa1dde356b86a1383d0f2590937842e6,73153713876,LittleHannalipay,19850210,熊湛颖,9096,男,760636198502104515
137703197202154476,9097,rebeyondnobb,19720215,男,皮紫蓝,77328066881,6dd8bad02ac0b145346bff9f9aef4e07
1aqyangxue,f21b869bb63b2fa7fd9870490f38595a,75210021526,840848198309023779,东闾野云,19830902,男,9098
752221200211074671,b3b1c022fdf24202534eb6a0e1a3f776,男,20021107,9099,lovesgbeysec,74902102954,昌雨晨
437967199604139570,lunluntasfa,86f8ae5f47dc9d40f160774a20a281fb,瞿奇志,19960413,9100,73344860942,男
19750403,郭苒苒,78845246927,9101,mitahliuyong,男,239225197504033959,249c6950cf3fdde703cb154042c8434f
589914197108146563,79079533805,Notwo1fNotwolfBibi,9102,女,e4fdad7284744251710218d7794d635c,19710814,关和正
女,74751985916,055063200603288425,lorexxarlihongmei,9103,1d48a049143e7bcddd82d253367b67a3,融舜,20060328
idogeoverrainbow,781347197205308637,19720530,74802517891,43cd0ce8d2760bd1a8090be89ca14763,9104,厍狄飞沉,男
女,456607199103177245,3463c377caf4caafc7276c78a8f2649d,9105,19910317,liyuyingweblogic,公休列,74561114719
信都高邈,wangpengzhangna,73447049846,19830209,d8108afd77ee6e47bebf8455b8efd8de,391102198302099548,女,9106
男,空悦远,c4f5176d4323f255990701dc5fad9609,Birdjmpoep,609061200204157675,9107,74823477012,20020415
9108,8c060e27c72acd951338cfcc9731c67e,女,563277200107183541,lengbaikai0day,20010718,龚恨寒,79060119758
19721021,ae41027a9c973a57ef582d4d3b20369f,437536197210211052,男,中叔月桂,tr3jertomcat,9109,75233199938
78572048692,831091197704234816,鱼婵,9110,19770423,男,def2f139e3cd6c948ea428595b18c1a4,chengangliling
19790527,75923188214,600694197905270870,男,lovewangcheng,413159307748b948e0cc47230fe8cbf0,毕悦远,9111
男,9065b9fd0b0b05671df115c7fb623a51,imlonghaolixia,信平雅丽,19950916,76734099067,608756199509162337,9112
77339719347,9113,19870928,742567198709288523,女,尚凯泽,evi0sliumei,7963c0f11b8898f0b5c497550c5f3cc5
蒋兴德,79610158016,9114,liuyangGodot,20180423,女,4db31104b2639c9cd6cfaa4ad6f4f4d1,857974201804239121
a782a10c50cbfd430388a7abf3960e79,9115,男,comMrSong,司徒维娟,79855720780,109205199310154458,19931015
黎春雪,781668200002139231,男,74874159145,ef15c3cb7f5a61aefcc156ba6a7a6d3d,20000213,ZO1ROwangping,9116
索玉萍,19941010,242033199410102849,75867410172,764f815127d0b20dcd59a4a2ac53cb1c,9117,女,lilanyingjarviswang
admin8tiantangkongqi,94cb06a7550f8a843e778c7582f8a452,245593198101279554,79854355535,项浦,9118,男,19810127
20040308,c8eddab8972fb002f81fdf535be012dc,75950806738,暨欣跃,9119,liudanklionsec,364884200403081531,男
bc857077ff83be95567cabd622bebdd9,女,20130122,525047201301223121,77117084767,常飞宇,wangxiuyingliuhui,9120
77700496365,9121,男,iamililei,5cbe4e2342686e271ded31a7c1d718f1,19930424,仆固霖,441213199304242778
家鸿祯,bugsafehebic,6eac521dbe9dbdd816f0d6e112510a22,男,78007151022,19761121,9122,485002197611212714
茅鹏鲸,19711106,78720464229,9123,男,016140197111069613,cbbd8cc925cb8ed394a3f6bb5046b29e,appleu0wangbo
78544501212,424076202001039922,8d78848070d8323a769c83a6d61d6669,女,n0b0dycnzhangshuai,弘凌晓,9124,20200103
高姗婷,76680273235,9125,女,ret2p4ndaliujianguo,615030197808175945,6723a9c183d8d9d7ece4883f364b1596,19780817
19941002,TimeSHUqimaidoukanluori,930677199410021556,76678143448,6ab68cc843dcfd1d704f81de8348a5d4,甘公梅英,男,9126
294886200912068639,78143481652,b1uemy,9127,尚沛雯,男,20091206,904a4b22b59303c96ee8e83b5f868a83
457132198403107914,75878112762,男,6904855ae49c5c88a837cdfbe4749db0,wangyuzhenyangjing,19840310,乘马含秀,9128
796207197102174111,79052468052,19710217,申雅霜,9129,programlifeboluochuixue,男,c85f93142a5cac73edf332f175a8add9
19710319,龙姲,男,918363197103198431,79829893734,chenmingliguifang,9130,fd790924c7593abeb4477e7d883380f2
74641116907,Chuliupeng,扶奚瑶,660413f7a48a812cd3d24fceafdbf901,19940609,9131,女,895587199406091083
dwfaluthacktech,31073119880912465X,19880912,77edfafad8cadeeca9ef41b78b34ddd7,9132,男,丘陵鑫,79862910513
鄂巡,zhaoliK0shl,fd00496556746e2031edbd872f87b469,78230276677,9133,男,464381200301109553,20030110
6d822ca3d4047b9ff9f1494dbf54cdc9,chenjiezhangjianguo,寇香馨,9134,男,76615792924,467056201809135079,20180913
20111127,6bb3bc49c73d8d4fb9a3c555b36a5425,728785201111277416,男,74982510015,lijianwww,段寻琴,9135
WupcoLteam,公罔问丝,853980197704229588,75517127782,19770422,9136,7abcabdfdc7af0d6ed175478a5e73b06,女
8548c89872eda270e95306d395354208,男,chenqiangadam,75742453422,9137,欧奇伟,485107197706171959,19770617
19940928,79382490730,男,即墨英纵,941395199409283574,7d6f58e8a574ab3e424e852bda0d7d5a,9138,seebugzhanghua
胡伟娜,74925940581,wangjinfengeternalsakura13,493251200209046714,0d54fdcac7152262d74915a08026d46c,20020904,男,9139
班沛岚,19910316,607819199103165039,801a2ce4569f83c9b6bcd94d6be1a8ea,男,De1taTeammisiteanquantuandui,9140,79362074825
20141230,欧和洽,870958201412303654,lijiazhangguilan,男,77752251568,9141,34f1ade78ee531e27c6574500cf7dd7c
19970905,9142,73969902143,d59f30e191cd52e5c29165fd9485fe5b,阚幼南,女,Virtua1wangjian,540864199709055343
9143,男,280e891e51ad216e2b85a96773fcb3e4,74883378711,公罔凯歌,Saltfupinglee,521963200310170456,20031017
993313201702147084,苍幻珊,女,cff33ead8a96a40e93140745e56918c8,78228262460,wangbinzhangfan,9144,20170214
975606197908202319,9145,19790820,3170c82ab47a2e1da4618ffad39ee56b,工偻展,78578438673,SarielDVsane,男
f4ckwebqihoo,万馥,79380806024,男,2e114be963e6750f53d3d74a6bb49706,9146,209151200610181652,20061018
20180205,女,wangxinweb,74837002513,9147,公罔明俊,767960201802051862,4bff2d65942bbefe01b4d0f42b1f17ea
连秀曼,015007201404201186,chenguiyingjeary,20140420,9148,女,73329942407,176fce82b33edb7b937fa6041e7042e5
茅半凡,d1ad33a11476902cd52f7dfd5db52cd8,77522992239,9149,男,899700201810231875,Cosmoszhoubolin,20181023
78399022311,9150,926666200304190452,lifengyingwangluojingling,男,20030419,334c541cf8bbd9054b8280eaadecf690,宿彩燕
公玉晗日,78341377450,040069201104226453,bendawangPanda,男,2cd4cf406af62fa30ece6556fe64dfdb,9151,20110422
女,77168278510,b099155f12145e780bda0c7561819713,704287199002241340,9152,叶子昂,19900224,systemEX
ca003e15f81fe622e529cd4bb18bb2f0,firmianaycobbr,男,73532110552,19960116,979591199601166237,9153,吴凡阳
qiankejiuguanluntananquanke,73288459777,9154,男,20170920,公旅子蕙,427926201709207139,088cc0561d39baa1bedae8b184208848
20070704,014226200707049155,83fe905d44f05611ee84e3e4c938aceb,75075506999,蓬冰凡,thecosmosyangziwen,9155,男
19910416,77202414614,屠天骄,女,9156,9344c7e5724f3bd25d5801d159f25135,Hcamaeldevserver,472057199104164068
9157,c056a4d7b114f21e5704bca85d640ad7,feeizhangchao,19700731,908777197007310065,73683753381,逯昊怡,女
9158,20170309,73500099828,男,印锦曦,fc05829ba36baad70300b47dd0d30786,mitahzhangjie,243269201703090173
zhangguilanliuhuan,b0c519a541e2ff42d8e84cbda43a8487,女,9159,77666102867,19761021,669899197610216828,茅西贝
1c49f2c630e87a54f5287ef5c7ebcfb1,309308201302170353,9160,liliangILMI,78044520616,男,20130217,家素欣
男,19880613,523494198806139451,d5755f257a2c3f6bacbe7ecad97550a4,9161,Decadeliufei,边语林,78576195396
20050518,78578536703,chentaoxumin,66f926098abb462a4d1bf7c3af35792e,057517200505184762,9162,公祈妙芙,女
女,089958199906260827,213e77a6a5651608af675c5522750104,9163,76664260776,xifengweiyuLoid,毛飞沉,19990626
fbc4af6a806e21ba0a4ccc2f57b2c197,9164,20180407,78817279875,bl4ckchenhao,男,胜屠正平,949475201804076118
20081008,公朱泰,323010200810088814,c175a77a9d38956781dd428469b020b8,74984663923,carlstarHACHp1,9165,男
591541201605215452,b1d2c697a75636215f86e773cf54ff36,9166,20160521,r3kapigdevelopment,男,盖锦程,73541610855
af70c7b552d39ca275a44b0023405fbc,20060401,75803217421,男,LoRexxarshengqi158,40495720060401211X,9167,卢妃悍
75941845538,lteamlilei,雷半凡,154525201509215736,1e4b3294ba89833c9358d5739e855898,20150921,男,9168
女,焦雅绿,628280199504094781,19950409,75594067893,9169,renyangyan,c0c75086b61426a2ff03c076153a8201
77487217468,9170,男,hachp1yugod,20051129,ddf6df23f9a73989659ae989e901ab33,晏碧菡,88875620051129001X
2f886aa61b615dfa55c83a372198fad7,9171,郏古香,77360447104,727916201707272883,yangminRcoIl,女,20170727
zhangruinotwo1f,79801957242,女,8f9d310f21cc14636b8dd102ee2abc72,806796197112116647,19711211,9172,班阳煦
20140730,濮歆美,78847423010,0f035ce6775bc1dd6aa96374c4b824e6,9173,男,288816201407304810,likaiqianlan
39834419720724124X,liyuzhenH4lo,22decbfc980f503e876d845ffe998126,19720724,9174,78659506490,女,屯浑梦月
3c3391092fa7226e39bedeaaa1d9825b,77330326438,rama291041610brucetg,漕建弼,男,9175,19840207,503869198402074630
男,5aebfbfab285eb9aa6d56b1a3e4903ea,20110310,258951201103102573,红高雅,74927957306,9176,jiangsir404ink
男,20020521,终晓博,928001200205216056,75111638435,a8e20c1a28f3d9cf5a87a9534d2797c6,9177,Dik1sn0b0dy
d16ec36afd51091befe7e0a9aecced39,wuhan005Seaii,75277856498,19960504,9178,汲淑惠,470420199605045718,男
77d865f6f467b4197e2f34a479e336ba,女,79152604569,patriliczhangyong,688242197904073828,左人俊喆,9179,19790407
侯玉琲,9180,f51d4a006f0e939ac9967003fe909f25,449470201101027045,女,20110102,VirinkFlanker,75149734156
75069048397,19910713,男,Hurricane6180xMJ,9181,58b82b06b2fdeebfd548399f4496f399,488088199107131570,巴秀英
79125812751,829022201708060552,尚信然,ab23a1d85c8a4920cc6dfe01f58624d4,9182,男,Poacherliuhui,20170806
丘丽凡梦,女,19920212,74816805026,391381199202123687,19db8bfbb5d64a9b32a833d1df972b7a,9183,tonghuaevalbug
20000404,女,叶幻丝,75227794336,9184,393475200004040624,hacktechVulkeyChen,4ad55c82ca6a971e1fdbaed2fe574e9f
20081106,73982631684,9185,巢千萍,1f758acb8afbb38ab57c4566db5fb64f,男,426312200811067359,lixiuyingyunyu
9186,20040805,287fbaba616e102442a07b6f46804fe1,683499200408052664,女,79669990270,zhangguifangliyun,桓飞沉
76662399583,瞿月,9187,492788201304021041,Whitesec,女,20130402,5a0afa25d4f9a6e7169013c05d3918ea
男,v4kst1zszfszf,311027197001227633,9188,19700122,0806837d714192e525af4929258b31a7,仉督势,79311399284
19941110,732501199411105577,顾玲玲,男,4badaee57fed5610012a296273158f5f,9189,lucien116zhouwei,73564659503
2ee6188eac45410426831e5664f52ac8,男,19750304,009876197503048614,逯开朗,9190,78626197684,chaoge123456n0b0dyCN
78296378592,chenxiuyingzhangyuzhen,惠凌翠,男,9191,24414719921122331X,19921122,44c7679c3caf124f530ec55cf19922d2
9192,79554222214,739988200002293079,公甲圣杰,20000229,男,e7cdbb336998c8231e1fe1b685d25048,plz227liuguizhen
csdnlonelyrain,80008c0712b521954dbe6b2a84aa8525,493699198204212537,訾尤文,9193,78954001439,男,19820421
20091225,08ad87977ca0447a247d266d7e79f283,75711359184,cL0undheavensec,戚草,9194,女,632994200912250622
863325200906212812,funmrxn,19473fb44131c830edef698a8e79736d,20090621,78079534207,9195,男,毋英
女,742664198703127362,78764024155,9196,liuyongxiaoyu,19870312,6f56f32c244f42f379ed531cf8028924,丌官宜年
京城雅寒,28087719840301741X,developerszhangguizhi,78790034758,19840301,9547bebb5af3ac218d6a68e2487a6c12,男,9197
张星波,4f2a3c38fb136faf90bbff1559ecfd6e,75791919881115326X,女,xmanblogT1h2ua,9198,19881115,74929256740
9199,94d62b629a3c24a79ce028c2ff8e8efd,75043674521,毕慕凝,男,SUSflag0,617529199707130839,19970713
19990803,75660950882,qingchenldlvirusdefender,9200,仲长蓝,女,616755199908038185,72a9c3bb1f2985a6fc4fae48f11bf898
19870721,73122994676,公文铿,男,9201,874cc0f17ff52c57d4669f74e13eda70,jayl1nflanker017,527657198707210550
20070307,cbed2dabc5722c1348561d65f86e35b8,77165731228,9202,东陵彬,lifangluomiweixiong,210910200703071129,女
男,lifeng04z,9203,230828199004264550,77491417172,19900426,e6295625758ae98a0e7ff81264fefd7d,贾彦杉
成绣,code2secwupco,9204,02be5984c47017a18180f211e3c2df08,73056957533,男,20140926,316075201409269575
简棠,19780513,9205,d5d23bbe83b3829e29c3ade807cd7231,男,87667019780513215X,73645121502,yangfangProcessor
9206,20060119,810429200601199521,diaosiguidangbijigh0st,873e6c1230e1d1b133cb3cef5ad4cb0e,女,75888880308,傅余冰
e20c91d7b3f4afd9ab38da8e162de80e,19870616,9207,公齐鸿禧,74048805878,女,268021198706168045,evoaBurningCodes
3d20f3ff451e6cfdefc9dcd92e26d82b,刘丹琴,男,zhoujingRicky,19980502,9208,75169423513,226281199805027478
43103186f9f27ef7021cddd75add4b73,855841201707116387,贡忻愉,20170711,9209,78662636636,女,AtumYaseng
029970197108111733,74939720359,sherloczWins0n,晏睿姿,8abaa0259e81646697999344e055e187,9210,19710811,男
女,yangfangwangfei,b9dd537ec7d818b9e440f0c3cd3d12ca,101206201604105263,9211,20160410,77883705638,越旭
comuc531954533ealiuguiying,19751225,女,79091248807,288637197512258889,卓彭薄,966bf66ade80a9e8a81ce5432021dd8c,9212
女,74714271703,殷俊哲,superJeary,821115199104031181,19910403,9213,935df475735a59cbc62e4ffdd476caee
9214,20040830,c61b5ff92deafd77d73484b30b013c17,75875455806,女,Westertonghuaroot,377752200408307745,戚琩
男,chaojidaheimaouknowsec,葛坚白,9215,78923227440,437153198310056351,cf52c782e106aaa26cb3de298e8a1235,19831005
莘束芳,mlmisiteanquantuandui,20031118,18d2a3fb530e9a4dc3c41899b22027a2,9216,男,264031200311185771,73468763023
女,WinterSunMarblue,9217,a5d092ba09ced13edd08566277592645,卢维娟,999505198906259346,19890625,78881356157
comarchivessnowmingyanglei,df780a97b7d6a8f779f14728bccd3c4c,388455197503279675,19750327,男,74548969158,蒲瀚,9218
女,1cd3531f2d8a534ae4ab1ec79f35fe29,9219,公檮秀越,73890651189,19860615,gh0stchenqiang,685613198606157128
78262914491,navisec91xx,安以寒,男,442719197902221659,9220,19790222,aa449e2e4134a69e2c1f2a4b0d356bf3
9221,73391065198,wangfengzhangyan,545066198409236774,19840923,1b734da3e82eac72032a75e29e69c619,能舜,男
StoneH4lo,19880911,89da36930a1993decb0eb3f2dd614471,12534419880911563X,9222,文温韦,77452379000,男
74757610616,9223,19911013,男,qiyouleadroyal,515d3a0760219f051d1959897496c2a6,公玉宸,998694199110134158
d3e23f538fcc0a46b233253d044b707d,男,祖向明,19750820,9224,76610202049,redlorexxar,400806197508206375
709278200204065510,73376927573,20020406,唐嘉歆,男,94061b4cb4b48acd533092f54d32d496,Wooyaazhanghao,9225
9226,康纨,男,verazuosmb,20121022,75783737726,95582620121022207X,a0ea079227effba7d56fd04f8d36fe51
9227,20121024,73510803110,chenhongchenxiaobing,904894201210242640,女,公建晓霜,ffccd55c47fc9db6a3dc710e1ad03544
20060930,77869826704,男,4929a2fecb90abe7ceabb5e75f81be68,9228,kerlinglovseclixiuyun,830840200609305070,阙琴
20040916,25106692276399ca6cb635719d2a29e9,女,9229,戈岚裳,989117200409165965,73228553418,d4rksecchaoweilanmao
幸烟,ef1e3f377d7ec9a62e0394251dbacf3b,19921125,285481199211257031,男,noteschenchao,73479523498,9230
imshentoushi,女,9231,e3ee83fc11244bf07db7d5a316eca587,20140121,73191772386,宋宏扬,423927201401213885
74653387467,CarlStarkn0ck,19930627,戈莓,d39d86991dcbd53cefac88a69116a8e4,56698719930627628X,女,9232
19810618,男,9233,huachuantingyuzjicmDarkWing,公文馥,75776851341,8fc9be183e784b510a0c1f4edfecc3ba,81914219810618777X
孔修德,19961127,050701199611276642,75115247442,kctfpanghu,9234,女,0d09235167c2f41a76f411578332f4eb
女,9235,virusdefenderSymbo1,0dd58f6253782cb95990f035751174cb,79641719810429764X,19810429,庾枝,75778602560
boyhackxiaoyu,信都颁,男,f1137bb0649ad8315bd5d87aec9b81dd,9236,20140515,426502201405153633,75073391717
上官龄,9237,107081199006085439,9258c4b5f9b1a99ec9d284c4640ceb2f,FirmyPwnGog,19900608,76654001536,男
82835d418e3b32851f6b9af7b7f37539,79157927204,廉令慧,zhanghongwolvez,19821228,9238,382450198212286282,女
660190f78aab98f6c93057f743ab6cbb,k0rz3nzhanglong,19951018,106139199510188113,男,74000445319,9239,芮白薇
486614201402099370,20140209,b45c56248b1b60e6a11a81968c522022,男,78584030264,blogspotXishir,公房元思,9240
9241,付里俊喆,19720512,969346327fe27908c92c18d7ef957c83,73494116789,Brucetgv4kst1z,女,172232197205125029
21ef05aed5af92469a50b35623d52101,79589260564,廉俊远,9242,19920909,493925199209098223,女,Whiteliliang
宁雨蓉,19971123,女,litaobackCover7,b8632862b1e0970925e38aa3c09d631e,9243,75735118889,70250119971123106X
537176201010178579,戈代芙,男,79671934886,20101017,9244,zhaoweiimlonghao,0c8293448727842b38809f7fa418e094
tiantangkongqiSakura,e879f4f53ed025e5324c6747369684d7,834744201101041412,20110104,9245,73065005440,男,麴凯风
926074200906055546,950e9c12a8f3471b7d62d5d5ef475464,蒯保,9246,76710532218,20090605,女,jiangsir404wangjing
77411977915,011801197012073587,Hpd0gertk,9247,759b6dff965978610a61e8e388fce982,女,19701207,瞿元亮
73880596073,e186ed4d3a2cd9dcb908c3fe0bf5b59b,19720403,thunderjieliyuzhen,冬日和蔼,女,982347197204035348,9248
9249,xianzhijishushequlihongxia,20110724,钭飞绿,304382201107241282,77857402487,738b31eae209ad0646206d0d7f6c402f,女
829856201212012175,男,公丘映之,20121201,a512587ec874432f9ce6ac17bede1678,9250,73163900586,Firmyyangchao
6227bc7801eb3f1a071211eb970a3192,hackjie4o4notfound,9251,从志用,19930222,女,74952123440,310857199302222625
NoneGirlIuhwangyihang,8621bf381b7436a3a3d7d997e4c08c08,100551197105310674,男,19710531,78947733379,9252,麴星光
9253,78469253562,weaponxchengang,男,19761129,公山信然,744708197611295811,5147800d1b33fff4c2aa348b0b6a3d80
zhoumincaligo,19980311,eed50d3cecd0c41b29fff87df49f5ace,甘先梦桃,986520199803113284,女,9254,73844177716
9255,541279201508227017,工师安祯,yangfang5am3,76b9d5090a23971354ecfc32673cc71f,74566853588,男,20150822
378018200801087419,男,9256,20080108,fd0d0f20d2578cfeea8fa647f1ccdd3b,75951577405,文华楚,ThunderJieNuclearAtklcxcc
公索木兰,19701227,男,tr3jerOrange,9257,75863273750,ce7f86f2e1c515ec28b3663b457c676d,903735197012275956
3c4fbc971afeeb490d125924fc76214d,牛翰音,lightrains7ell,73353523264,9258,19730220,男,824759197302202634
19940122,74616790322,9259,562346199401228119,6492552fb97e54a7d4339a410f173b1f,牛明,男,mengsecliuqin
9260,78618749880,903762199412163433,合博鸾,19941216,10ffa82f5da6b4e0a8432c9ecca131d7,男,GukoPasser6y
钭星文,9261,chenyongmicro8,74637600579,20011111,男,752535200111112970,d7db85373e1255bba1fa6ed60234663d
男,倪邶,sherloczcobbr,19830304,75664091374,9262,452167198303043613,48b17b2648ddd602df8549a8f3f4ae52
19751014,371013197510145364,9263,75934538825,女,7121e5cfe8023a1e0aa9ed0485ea5c6a,滕思博,chenchaomrxn
79143257550,20070926,公敛元德,23261d0400d3fb5e66270654953f66e7,9264,837004200709263565,女,huangxiuyingwangluojingling
20081231,闻平乐,624458200812311042,9265,yangxiuyingzhangshulan,女,124fa4a9911d5010a77d59b3bf1acdbd,74582743580
Notwo1fNotwolfzerokeeper,19720408,男,75597309426,3a2d9db3d5d6b20a1f62bba8c0c12ea9,禹海冬,9266,195828197204085912
江震,20160827,78737891107,男,105452201608278818,87b750fdfeb4468f58c3247b303704ab,9267,KxCode0u0
女,19930420,公祈冷珍,414959199304205568,9268,74884231486,de8b44fee81e8af8093147d575378aed,chenjianhuadevsql
019018201011083046,eef360ebf1f4e99e05afdfe457b97f99,20101108,女,77778834656,zhangguilanjayl1n,公思瑛瑶,9269
富歌玲,chamd5chenbin,男,9df82e7a66e213d30aaa5d3ef1882975,20020107,313522200201078451,75585030359,9270
9271,赖乐枫,11ce78fdda3fe6d788685d4961e67fc3,931771199107064340,78208710407,19910706,Yirumawangshuhua,女
男,497066201209265679,20120926,79000772620,9272,b1906bc07f874402673dabcb1d618024,liuminqianlan,濮承允
ILMIwanglili,男,77742685772,799229a8af79ac3400e11ab6c8139888,979690198004150370,9273,吉白元瑶,19800415
男,钱博雅,77443184138,9274,05278e5b3c5393bffc9d4ac091d864e0,888935199912254830,RickyHaohuangyong,19991225
4291eec4c189b763334b66effa87ca50,浦兴学,19740215,9275,231854197402158133,男,77815959040,wiattackVulkeyChen
9276,79370260538,男,蒙仪,337a28284da7ad19165b6218b437dd89,523986199808229938,z3r0yulanzhi,19980822
74012259985,戚永思,27282119980202808X,19980202,女,wangxiuyunwangxiurong,12a0be15223b2d03a5590935fe29e581,9277
男,周彭彭,c975803a3d43ede45ff1dd22457d7921,9278,19960222,75587787616,382450199602228031,bodkinKirins
admintonyqimaidoukanluori,9279,ed3b5240cb262b9c46d137ec9574cada,女,377778201005303326,73819365087,东宫沧,20100530
男,9280,华彪,60b48fc41714190a8d1b7d5dbf04d0dd,921791199604061734,77639471526,19960406,maxiuyingwoshixiaosan
imapCaligo,423878945e2517263ca732eb028a7498,毋鸿洁,73342198040,9281,20180107,女,200048201801075628
女,水丽莉,9282,906682200404137567,e28236b18edba353d5fc4a8559f9ff65,20040413,73018193652,zhangpingyanglong
ab84b32faae0cb60e32c7ea4b0e52adc,virtua1chenjianhua,男,79065306620,19700321,9283,683954197003214119,空相承安
尤颁,05e2d80f195ef588811876270d0e4557,女,271251197202273685,77781630665,Marbluezhaojing,19720227,9284
78538451244,41665719881017917X,男,chenfeieternalsakura,9285,deffe378f55be29ece18a0f80d4f6517,19881017,公仪嘉实
9286,屈门芮欢,76650815668,ab3cd7433b9a2368dcb53028e6c8c3fe,女,83154820051113722X,20051113,Bey0ndzhangshuai
计语冰,9287,78456742308,chenlinSycloverSecurity,fea38c95867b3aeec4716ad405569366,083211197210104174,19721010,男
9288,阙景胜,73534222939,leixiaoHackSafewangzhidaohang,1893c2c2139ed3025d4bc7df1d1c34de,046945198801024688,女,19880102
75664373537,19821229,920325198212295215,9289,公息天真,男,XMUPh0en1xlijing,21f7e758ed2477c8164a1df4b3b4369d
9290,男,马问梅,CaligoZTracy,7bc7fb01de04a855fa5dc96f04067c0c,20180803,78545252394,740860201808034136
79601623840,689208200005277213,20000527,9291,lixiuhuazo1ro,dac8c0135d854e71c1094e7fb5f58a32,东方凉夏,男
094242201004209588,20100420,9292,寿缜,女,77181907638,0cxlijuan,2258efa6643d2ac0e794a13627c75a3e
女,77153446571,144495201711062683,9293,13e04e511494bc2f514447c4b0cd63a2,20171106,出连颖秀,liuyongSnowming
6ad35ea9254d2f169c7c6953b1bb8afa,liufengwanghaiyan,9294,聂流苏,男,74604269178,19851022,954022198510226457
a66473ba54cdd3fd00254be4e1f95290,女,liuliDa7uraN0ir,须妃妍,19960406,9295,059989199604064360,76709619632
953365198302024952,BurningCodessherlocz,钟蓝尹,19830202,cd7569f5f6f4e1ffa4b84268f6a13510,76701790322,男,9296
316778197805102820,9297,ricterzohlinge,吉胡飞光,c3bbd5458ada746eb9e232ce833c0a56,女,79538958707,19780510
4d28b1e67a55040e2851b02ad3dc5c69,9298,男,boyhackliuxiuying,790991201606024350,20160602,卓温韦,76668071506
19970402,79021097115,bl4ckplz227,男,茅君,9299,022193199704026950,af3c7a2bc2b049b8fa6dacc559afb3fb
男,19921119,606058199211193272,78e6d73024b51e5aa37b523755ffe194,tiantangkongqiboyhack,73843268007,9300,公刘阳飇
998289201810028214,c3d1e70d165f5cd0faaafc65ad15b940,公罔利,9301,78169170865,Twosmi1eorange,20181002,男
73421767114,guestdevserver,58466419990412317X,19990412,费梁,男,345da00627df0979ffdb89589adbd27c,9302
430383200503073978,79137359213,20050307,梁正初,9303,93d78b204a22d7adc91ef27c4fafd70a,0dayliujuan,男
女,244022199106198084,zhanglanyinguknowsec,19910619,08d8babd364091f6fccba77d3203421c,77332570167,蒙儋,9304
20170313,男,75663341601,工娄勰,9305,172739201703133313,lipingademaanquan,9506e8716a63dca67bc17df428dcd850
zhanglongliuyun,20191130,男,ff4f9f7ba2b6270e20a1e1cb304c6a85,合博巧荷,74078096910,93529220191130127X,9306
9307,2069db09bb60d7a9da6512eddb0df724,19750123,女,78487584583,636679197501231768,邱丝微,ManassehZhouwangluojiandao
9308,19920213,451bf07071acc1bc373b8ed3295d847d,043535199202134874,仲孙志用,legendgodot,男,74922217418
男,956149197707184476,Cyc1ezhanglijuan,925d5d23e148696fd698b1a8106f99a5,钱建本,77503689931,9309,19770718
工偻牧歌,eecd017ff70008766404e37377b12780,女,000019198011078185,78508674742,9310,19801107,liliangchenjianhua
058642200009234428,9311,女,c8255bb21b63101156275592d984b2a1,mitahseebug,20000923,79128329645,贾温韦
9312,75212536028,Marsliufei,304986198308108561,女,狄良材,19830810,0443b51e6c140f91f9618cc9fc60e535
73940637454,女,9313,劳芳华,083258201709150422,7cc88744e0d3300b6df8a082745c642b,20170915,MoR03ryangli
女,889573200910217529,wangjianguoxujing,024a75d73974ba3cb3b1ef6f96e61d11,20091021,暴烨煜,74620691943,9314
宫星晖,75215846319,d707374ec52b84707faa12ba9228b81a,9315,Mang01aq,女,19921015,232593199210153723
9316,efc5b9f096d4f95ec416ae9577bd7246,831307201006277869,女,仆固柯拉,20100627,77600719393,virinkbywalks
19710104,817745197101049250,公孟瑶,79036768221,男,iomicro8CaligoZ,9317,b7b4a508cc6f6d82f665daa7fd1cd70a
jianshulanvnal,75411620031130066X,9318,ccc68a80dbb55ed75487102ca2ee70a5,习黎,77799667537,女,20031130
隗嘉言,女,74788151426,wangxiumeiTimeSHU,9319,8da9a1b06133acfa84e5b3098bd09d5f,20040326,087620200403263186
73177582012,5d791a7632f8f2f490f90476d1ebfdcd,9320,Flankerkkzevip,938661200106239317,20010623,男,曹凯康
b8457852b2e5855adac2dacab5021d8e,wangyumeiadmin8,78226563397,9321,19940831,24707719940831216X,女,叔先昊苍
9322,19800730,73999111695,胡纹,403074198007304073,cdaf6f7af1454a8b33196a0327047670,男,Zeddjkme
19940207,78948677247,女,5eb47039a2d2db5f1e81213935b39f27,公孟瑞芝,9323,132110199402073289,codersec4uuuNya
女,74631000033,19720226,史嘉祯,982012197202262583,7ab9d58d964a5c0c7902479576bd06c9,9324,quininercomubf30f18c872c
963588200804022655,苏卓,20080402,78517726431,BywalksKxCode,9325,男,f941f7558a3fa9d39725c26d04e7b00e
740362198307156312,overrainbowrickgray,9326,19830715,公师雨茹,fc2dd84c0389c7b8f74dc775e8f90f53,79337523240,男
9327,20061008,74752196783,曾谦,302083200610086025,wangxiulanpatrilic,女,e8ffef706d2401e384bd81971bbf3464
544024202012102772,男,lihongxiacws6,20201210,36914a4fe6fd3a3f6c41693847dd1e99,9328,73923248247,耿雪峰
9329,78455691528,ba2cce095c129de597576f52015db9cd,19920913,197645199209137247,女,葛雅彤,apengmanager
6305c3e9b721be9e9d6059a78c61691e,19790524,299626197905242929,9330,卓学民,女,73888672389,wangjianjunademaanquan
19910723,75804782851,男,侯冈寒梦,570714199107231553,9331,5ce6430e3fe08ae4e6823025e73e5acd,Atumlidongmei
123dayuP0rZ9,女,19880904,73836608710,349769198809049824,金中,fed8eb583d2c814d343b820ec3868d93,9332
73345921999,20130522,男,郭立辉,daolgtslmxspace,af2cbb4a02fa0f8f32b0dd07cbab0faa,9333,736316201305224318
K6k0rz3n,70738e9dceaf8ec0fde136eca103f867,9334,77809807086,20020724,391292200207243724,公宣佩兰,女
厉双儿,015205199706262353,男,73605591684,19970626,b564da448b9e11bcad3324a4680531c8,9335,liyangPatrilic
3f96fe173ba73d6220a183712b9e2c2a,9336,女,866973200409027866,75740703389,伏羲旁,20040902,Safe6huawen
9337,75008881686,女,1ad4a39ce6e998c3ea02f88f0b09c888,19930114,345630199301141486,邵小雨,liubinliguizhen
78969006265,152461200701269850,githubjeary,相白梅,20070126,9338,14bf501e9460d24e0e1dd562eabb7bde,男
20021006,9339,73816248641,公索天菱,491315200210065929,20e969ce147c13ea1e43c7f0183fff4f,女,Muras4kibabyJessicaliutao
冀琳,20061102,wangningp0po,男,9340,73664664499,f7793b35bf0df190ed97a43c1e7f9af7,986816200611022510
78846376629,liguirongmali,309c78ad04b770f8f88e2839107a140f,储南霜,女,20160404,9341,072459201604044265
20050808,lilievi1cg,9342,胡毋天瑞,339053200508081846,fbb707aa6f5e7d93037a22418dd947fa,女,75982879196
9343,91708919971105834X,女,冷沦曼易,6a2babe4770845e49d939e2a10ce4d65,74600418109,19971105,liqiangcaijiji
池华翰,75020043280,wupcowywwzjj,男,a753449a5c56ac101eb27274245e983b,9344,717382201512187653,20151218
722045202002257731,公祈寻琴,9345,男,20200225,Hpdogerliujia,75657018725,2a20c9564fc310cb9bfc2f5400307ae7
856382201002133241,女,83918cf611cc863aa23805497b2e0350,公朱颔,p0rz9liuping,20100213,9346,75871343740
881574197911090966,78074008978,19791109,女,9347,93e759033422614eb3f71c8055ac4475,弓若烟,Who1sCarlsunxiuying
fff559b9d886bac56e11e19e052af782,班雅霜,75535679914,19851107,男,9348,wangminlin2zhen,805848198511072934
JarvisLittenFisheraustfish,259893198307229845,女,19830722,a136b4e456b4594196f49d4b4db82878,9349,79978884666,鲁松雨
9350,男,宁志学,086a56f690d54933add8a1cd7905c9a9,209721201907248415,20190724,MitAhdwfault,79549482960
19981231,燕成,男,642cfc7dfc5d5bb42ce1f0777ab44459,Twosmi1eplz227,926727199812316774,75396760225,9351
0d8220467d1e51bfe66aa5b2452b325b,女,P0rZ9r1dd1er,19900615,84165219900615042X,农修永,75689156606,9352
女,19970116,74866644503,9353,67fbdc97f3f49b7d246b11f864f1a337,825660199701169560,yunyuWangYihang,农霖
男,005407199210272111,78843200742,邹胜花,WisdomTreej0k3r,19921027,bb03a4441c646df49e6e65737263138f,9354
男,NuuuNyaRicky,3fc30eae862ee8565833517ac5dbbe4d,78344416566,400092200311287757,车勇军,9355,20031128
wangluojiandaosm0nk,39535120021010601X,73894776877,9356,84df7c70be4f04d3141a5bc5206cb4f4,20021010,男,同蹄兴文
75793439930,904679197501293524,女,9357,0cbe3dbfe66357ac0abaa0356cb579a3,19750129,计七微,liningsilver
977924197311174547,liushuaiboogle,9358,171d1ef9b9bcc78f53822dab0b95addc,19731117,女,杨泰河,73709836391
女,77736323136,19760424,c901c83c4308f253bea74cb7974bfb4c,891625197604248946,咸博远,zhangmeiP0rZ9,9359
0xmuheszfszf,女,1fea02e846e7b297fc9c1f87d7f40ce3,9360,75976681545,200862201605120488,20160512,公朱宏伟
857936197703289843,ae6903b266ffa097b605769e6aba588b,女,19770328,zhangkaixiaoshenghenmang,9361,潘祖,78971376948
19981208,4430df445c0b9c0cb5d5b2eeb6e519fe,727007199812084969,78301331747,HACHp1yangyan,章英耀,9362,女
男,连飞鹏,sfishlostwangyihang,9363,cb4fa80224a25f9284aa58c088301bc2,19770325,488440197703254957,79644323119
668598199202049640,女,WinMinblogs,65240f4f3776a8046dbccddd7fbca774,戚琼怡,9364,19920204,75345370672
385978197505046137,男,11dc4ef64a7c4418ad2e49de195f9d06,19750504,73587947012,b1uechenxiaobing,赵文斌,9365
女,858834200504219946,sshKxCode,1d7d5c8112997c85387800d40e0da721,9366,20050421,容镇,76797091787
20120301,148029201203012047,78161146421,6a19b5e12956b5b2cf34cafd8af52adc,利冷亦,女,greenmpwn,9367
637549201405118825,lvmVenenof7Veneno,77681764332,9368,空相嘉怡,2211812fe74fd5c0fb610407d635fc95,女,20140511
女,19910314,73509666533,e403292232738bb2f6518e63ebd3ccdc,9369,076623199103146325,lixinjianshu,谈永言
77413505813,zhangjianxishir,09038619930723587X,崎邱如仪,adcbfd31b91092ac704ed125b6de26e4,9370,19930723,男
19730403,777311197304034974,0d94bdcf3a3216bb629bb357f4112782,malipingmaoer,汪俊杰,男,9371,78521085157
b8026bc8c8ab3faf2fdf56e6f8ebdabd,20061120,9372,冉子婧,074052200611208484,78615438647,女,Nu1Lgh0st
9373,73258480051,tomcatdamit5,07223476349089cca5f86a0afebcb3ad,693035201910065578,谈沛,男,20191006
20000803,韦丹,女,donotzhanglei,731000200008030166,75267904751,9374,67c5aade755c1d4a73f955d7b7617227
041812199211115210,9375,男,3466c6aa4172e2f76f7ec4581f0e7284,wangsongstrikerzhangxiuyun,19921111,公仲承福,79609341833
068915201906285261,d9bce2b311faccb297908c733505334e,Snowming04Wooyaa,女,时问,20190628,77618520350,9376
76720819249,aaf106b51a419cf66a0d93a088667b5f,9377,陶君昊,GetFlagliwei,571219197310217825,19731021,女
Dmwangjianjun,19810430,男,能明诚,9378,687775585ff0fc7ac05c6ae3c28146f3,76777969956,832987198104301579
20140625,女,孙伟彦,780728201406255827,c1d88de261e497dced293c050f5e1edf,77653604747,9379,au1geLnyassssbrucetg
4c1ea1c3c4423826eb6dad541bef9aa4,萧欣跃,19871120,274030198711204076,男,9380,73351791480,wangfenglanwangbing
女,332035199707264384,73565798809,19970726,Safe6xz,何安福,9381,d4fca4d0843f1dc88005f9784bf7024e
lishuhuaManassehZhou,535447200212172712,惠灵竹,79019100620,9382,d3ad13ecbd6a0a2675b2ea6d9b40cd06,男,20021217
19710620,comu9c3ca1ca4784anonymous,77131286662,561865197106205535,9383,男,公伯元绿,e452ba54cf47c51c3a005866bc9b0f93
64aee0c167a1d384058c9128ca8c931d,9384,361831197810299917,77367735584,superkerling,甄燕平,男,19781029
19791123,常文光,ef06bfe41161fb7c8cc288ec519a5c73,女,75532041462,9385,Changochenlimin,461091197911236567
cd17ab9f7169b7db63f30663824efb65,06714719811120954X,n3k0Firmy,19811120,充含双,9386,74856974740,女
70adfed7045fee8b27f8ac4d406893e5,9387,章鸿波,女,19900214,78696209689,486341199002148463,Yasenglc4t
de2dfd6c41ba4d10da7ed4e1ca72c75d,20061230,男,简雯,73487345373,918973200612307333,dongnandaxuewangluoanquanlianmengzhangshuying,9388
公成嘉良,男,Da7uraN0ir7ell,9389,559016200002050419,20000205,75712830893,fc2fa981b2ddc91764f3e0629785cc28
公群琦珍,男,97e749f63e2148295a71b4b746a05430,20200620,78156650319,hexincaijijiliujianguo,9390,773611202006200977
08390319830320445X,19830320,9391,a10214bbacb47e39942746b212fb279c,公旗念,LittleHannwanghong,79320075523,男
75856538701,f6eabddba312cee637c414f3fc6e7303,男,红白梦,19760126,9392,804490197601265110,lihaiyangrt1st
19870520,9393,5b012bd0c9a6e1aa1360f8cbc3eb7f98,宁婉容,lidandanidoge,826894198705208847,73217481724,女
75754549967,SecWikiinpenetrationtesting,9394,651016198410266338,左师嘉熙,35bbc0f0253dc563be2c65e8dd3c26ce,男,19841026
9janNe0,a1d0f623b8a954b55a78f97891c2c8a8,79565113493,735465199002010031,伊文德,19900201,9395,男
490736201002028565,9396,wuxiuyinglidandan,女,公阅蔡琳,20100202,75371355308,bad3de710263c0fce23111fb9a703d88
男,19960701,pwncyru1s,73360209184,ed60a6acc852cc67270e829d0908671c,463609199607015233,郏英纵,9397
男,lihuaqingxuan,崎邱承运,19930621,930008199306212736,2da0bf7f7b8d412e3ba5e49d109da10f,73331946470,9398
方竹雨,413857d8797f57594a3625593f7c9c35,279994197203133778,9399,19720313,男,75799918427,tonghuawin
e721b7f0cf69e1ae133d43b19b9f2a2a,谈康时,78177756950,fuyunzhaolu04z,775321200001223861,20000122,女,9400
yangfan4DMIN1,9401,20151102,78295098772,男,5c0843750af045967cac8aeea8547b70,令狐欢,45283520151102403X
78407365197,19900206,215689b08387a843292b04fc34f10a27,945855199002066033,wanghongmeilixiumei,男,薛乐之,9402
794d837ecd0d61e4ab2ef164ad4a67f6,9403,20131019,79530761420,362172201310191933,ChaBugchaojidaheimao,工师景明,男
闻娥,9404,20070301,77792653189,wutongbaike,男,c614c431f8dc7ac221f237ab7a621a45,174907200703015576
女,78834966032,9405,7e021ea9f96c8ee76c4ff313de3945d8,叔促恬美,093578199908300167,liuyongd4rksec,19990830
liuyulanhuangyong,ee10d5eaeb3e25897d83dbfefadc9aa6,19990722,女,910715199907226189,9406,75079165155,邬梓琬
20030725,9407,曾畴,男,95585320030725323X,123dayujgeek,79310185448,9cf5464287232b0a8eaf818d04abb86c
郜初彤,544796201504281477,20150428,男,9408,zhangxiaLittleHann,77376038317,b9811924e5bf7f46c0f1206654d6702d
73635810840,964633201202060465,20120206,女,9409,d0b2dde3ff7ee66108143b04aa486ea3,zhanglingWe5ter,公檮玉环
女,19751110,73868674373,9410,从有,561089197511101446,wangiSafeBlue,caef6e9bdef7cd8b34bbc15b97bb70a8
a85396012098216dc7545cffb5f8689b,kerlinglovseclijie,78537049869,281959201005121172,9411,男,古冶松雨,20100512
康照红,9412,xujinglijing,462135198808192324,75823795360,19880819,女,9dc3c506120d75748e85ef8be044e7dd
1eff5b52557af69b638c52d3adec0d3a,9413,lihongmeiretme7DiShen,庞娟秀,75780170162,19770205,女,170062197702055549
女,044083197212078744,公休淑贞,9414,e30050d71ed8f3fa1acb6b491b8c74e3,19721207,Ethanzhangjun,75993924235
男,9415,79920016980,19900313,b240d57e0dba8c9223e95faf9f9b10c3,边翠霜,859667199003138234,k0rz3nlishuai
78090998888,厨人慕,20130724,e8de4415aeb203d5f5dcc6d401bba0c9,zhanglanyingsunwei,9416,661142201307244266,女
Niexinmingdongnandaxuewangluoanquanlianmeng,20100417,75640022287,a88b23ec5d25317c49f4a13b08e44747,9417,冷沦苏荷,男,476721201004179479
利嘉誉,男,9418,599390198004276056,19800427,77629894663,lixiurongn0tr00t,3449212168820294d2dc57b1f73047e9
9419,1c45529bddb23f92d6168a93036820be,19780804,班雅辰,女,75020283488,368426197808044169,lteamluhrey
77695972606,ab2210cc163807b210ce69200a60255c,20191103,97982120191103726X,符英喆,9420,xuweithreezh1,女
73857061264,9421,246406200509281519,caligoiswin,20050928,男,公刘雪娟,1407820f6850fe5637b209eab645e3e8
20101006,XyntaxKINGX,公尚瀚玥,78209653493,9422,0e300962022a4620ab6dab7c8a42661b,女,107148201010061666
53054620021102347X,B1ainTasfa,5959610f07794c610c996256fca50fcc,9423,男,78473130898,鄂香馨,20021102
188575201212185612,男,05b5a0655fd40c8450de4fdae72924e6,9424,75033633128,20121218,韶伸,XMUPh0en1xtopwww
公石夏尔,9425,男,73973150129,32776e8bd688dfff52b7b78c6fd70cf1,40281320010904951X,kimPatrilic,20010904
9426,sfishlostwiki,978236200008079179,1e55dbf412cb74d5e2c21fb6452408c7,男,20000807,74997569247,元淑哲
73641120578,男,王官贞芳,d8cac8d2dde928aaec466af882bd5605,9427,639976201502094039,20150209,chamd5au1geLnyassss
zhangguilanFeei,9428,73153068386,19710531,278631197105312227,女,e507a4a33d82ee7cfbc7530ae895b476,东楼欣瑶
28443320111230542X,meichuandikuxia0yu,女,75070937675,20111230,2fd802a11596da1fc5c77348f6eb0eb1,9429,南宫奇略
男,74997628005,公晰鸿轩,9b2d471a973847d0401eac0cc6892da2,9430,20160724,09155820160724431X,03i0xiaomi
9431,107482199008303338,惠清心,bigtangoverrainbow,男,77216770921,2cc4e2398bfa2fcce41e3c8f3011240f,19900830
21d0f3a1e354cc3c208e47508d06dbd6,672365200309122565,79646813319,单于婉然,9432,yangweilihua,20030912,女
女,68a2f5bd78d8aed295c0b744e60e6dde,75646339520,xzliujia,南门多思,9433,14051120050721212X,20050721
973116201504100917,21d3212b06a0f885171f69f0dd543fd5,79858704728,9434,20150410,男,吉白坚成,huiyipiaoruxuecodemonster
402257199908307130,73430461250,宁呤,19990830,123dayutasfa,男,0a6159a42f568b8fc54eebb0b2e7ab2a,9435
78851213937,20200327,蓟涟,761930202003271528,b472ff6dc2dd3dc016fab1d7bf41e0eb,booglelining,女,9436
茅羽莹,77308117109,blogslihui,463749201701099943,女,20170109,f7ac3e0ca7b53f3c9896bfb4159d830a,9437
何丘飞文,9438,女,6fc7ffb825f4dc793611b1cb0af2c1e1,Cosmosliujianhua,20040909,714737200409097329,76611760720
韦孟阳,9439,c60afb1f3a5d8d1c117bc3cd63fe1524,74032907557,wangfangwangming,033474198409151877,19840915,男
19850718,女,zhangxiuhuaxiaozhi,25eb96452d1bb60d93494c5a511d7d97,师谊,77337436839,9440,97490719850718876X
LittenFisheraustfishw8ayy,76718880638,838417199204165133,205f400d7bdde4712ff5a873f4b6564d,男,19920416,冷倪,9441
19750702,75925868012,女,shiyan520Cytosine,6c16f61e2680e8a66b00cecff0455c30,9442,476396197507020443,上官生
19810601,317af1dca19733556fb004db12c3ccbf,须新林,696761198106016029,女,79801771653,9443,kerlinglovsecliuli
liudanre4lity,中叔飞星,女,140940201905089188,20190508,9444,74506070311,88a73004d894ce97a25c51d36a4497e3
女,9445,Wooyaagitbook,韩雅洁,19790414,79923548398,f0ed31502f5d1f206753a5e8114c87e0,297128197904145848
9446,0b76abd131f46aa0388627070f521444,911858197107112076,scanfr3kapig,74787680827,男,19710711,申浩宕
f0ecf9791bc21d9cbcc347a19040be9b,19840620,490604198406208916,9447,男,pav10cx,79116093696,公若东
萧明朗,男,20121116,tom0liliujun,d444577e6257785ec91a1ffc7d84e8fa,78027031771,970764201211163130,9448
付里展鹏,9449,女,79627886885,Westerm3lon,386154198510304322,19851030,4ddd46a9b8e0b4616c9977a77697109b
20181211,Skythreathunter,9450,78985469269,公都思雨,664992201812116556,9f8bde8e36478a50965eba17fdd20b4d,男
liguizhenle4f,9451,19841105,宦绍辉,ae8bd3fb1de35a0852a4b2b1f1ab8285,女,383282198411055461,74542858251
622809197509051063,5f3b45a9b664b0fcf60a3cee7a9efbc9,公敛慧丽,女,77763768527,zer0i3hackfun,9452,19750905
19770814,huachuantingyuxiaotouming,f745604799d49377c3ddec177270c3ca,73578104859,甘巡,女,383467197708148223,9453
19880810,段文昌,65949a2252b6b272d9e2ee2763a3a397,qingchenldlhookgloxec,女,9454,236145198808103866,74847540462
gloxecverazuo,74cc297a7daeb31cd463e3fdcd878416,9455,毕静,20090428,女,79851846225,468192200904284942
ae6b546897d9e87b16ee91252578a1c7,9456,19930418,75151068862,infoBurningCodes,479946199304186153,男,桓绿柏
函井承允,92095120070829668X,huawenbsmali4,20070829,9457,75674926078,490c412329b19dccc7d98a3c55aaa635,女
20010518,75807753948,Wins0nckj123,公建瑞云,8cd369dceb9c16484ad0eacdd7d4843b,9458,561414200105187657,男
寇星辰,106162200910229550,75231266357,Cyc1ejboss,男,517d28773e933906b9050a127abbabe5,20091022,9459
20150105,113330201501055055,0n0liudan,eae6998f3024056ec9931f565499d225,75550527185,男,宫展鹏,9460
19710512,9461,166964197105127052,0853e023591347692d18243a43d98734,男,76744712279,马睿姿,liukaiyanghong
陆雪枫,男,20190908,78973243529,b592472ccc9f442d5ccf55cdbe3fa6df,92220920190908411X,wangjianpingSeaii,9462
73649496348,19771222,774859197712227878,gh0stplusls,9463,男,简凤歌,a8b22f4df744207f4252b8d0ad63392e
270144198910029821,9464,19891002,女,慎静雅,78816291073,d27098ca9e233639031b00447448f92e,exp101tneargle
qingchenldllipeng,9465,869265200601267266,157b43e8694f9498b46244deac247913,女,78105239668,20060126,伏羲斐
devsql1aq,9466,215111200203035356,男,77206201483,20020303,卜庄,034d3018405639777f54bf85528b0197
20001111,githubzhouli,30644520001111882X,逢博赡,bd74c51a15194c5a21cf6ee63172d74d,女,73883181323,9467
蒙念寒,9468,foxishaonvCDUSEC,78532045951,d173785ffdb745dc564bcdbc3f9cf943,19771002,男,819146197710027319
74694821480,865f21fc9d86e28e489ae07e9ca2158a,868249200904285372,comzhangmin,厨人悦婷,9469,男,20090428
B1ainchenyan,070fdd9b5b84c780e38ee898ccf77753,男,20160813,75050354170,怀葛菲,898033201608139352,9470
男,75235160937,liliwangluojiandao,9471,冷雪枫,353bd703050ce649cff95ed039ac703f,120943197505085918,19750508
510550201304203029,ibey0ndZO1RO,a64a63d994d4cfff3010fd493d42d346,籍问筠,9472,20130420,75094125169,女
523153199806278225,79986776624,a20ded5217f6708cf9239a94380911c9,女,9473,19980627,liujuanwww,甘先暮雨
xiaotoumingliuxiulan,9474,19951210,男,5d08d91928be5ca72faa35e9058cd2fb,公孙和暖,75107929184,949323199512101738
e0cec8f04d38e80578915efe12dba6af,终基,女,901324201101066781,9475,BrieflyXAdam,79117472994,20110106
女,9476,87329526b3bfcd222572be5cd72568dd,20160716,594486201607161064,zhangpingzhangyan,元亓乐圣,78453519259
束诗柳,9f719136b302036764ceac82430a8c4f,143880198502197225,79646221419,semaineblogwww,9477,女,19850219
男,476c0207e189a9cc5d15f33ac6eb51f7,9478,655024202012199638,桓沛柔,safe6zeroyu,20201219,74021256041
男,75056466321,柳瑶华,9479,20200306,pav1wangbing,802329202003069333,e81d9cc50edc514bddb47aebe165101d
禄绿蝶,男,9480,19701213,79957210139,540261197012131130,rj45mpEvi1cg,41cddc7d0bda73053f60046addfbdafe
司庭酪,CyrusFzhangning,f7798629f20f64320dcc9f03e082f49b,19881221,男,9481,509783198812215130,74729841884
9482,75779251181,男,199938197502228311,e37b734a7e2b354ef7e23c45bbda5035,19750222,T1h2uain,公阅高芬
73113807159,男,幸傲云,19860507,383423198605078937,ExOriginpostgresql,9483,1e4e84fae0744957b8e6e57309a346a2
73528507312,289022198811294677,男,9484,19881129,胡湛静,c3f436703f905043d8475bd7966a6f1e,evoAaccount
9485,liuqinwonderkun,20180227,722482201802274512,c5a0d9061efccc042487ab9af46253ce,幸慕青,男,79969045154
venenofxishir,19940205,ffe20776d8439234f61f8f9f563b0fe5,79911977778,071128199402059467,卢烨霖,9486,女
男,20060617,端木芸莹,zhangjunp4nda,874195200606175336,79955989752,9487,5dbb364619d9fd447e8dadcdddf37ead
191136200003031080,公齐柳瑾,wangbingcaligo,9488,12bd91bd5991d21d5c547213f916ff61,女,20000303,78970409584
20030207,machaoliuming,ee20004fb0ea006b3a9d85a70c602914,9489,78730921607,男,896104200302073837,余瑞芬
p4ndared,cd392a093f52ad77aad19d76c679b7f9,78735596707,女,9490,左人高歌,316862198205182184,19820518
1dda8798a0ce368df58c724602ea4eae,meizijiuWinter3un,9491,符平婉,19931225,男,569265199312250517,74665487535
liyunyu,20180202,74607920180202414X,女,籍兴旺,9492,77536855832,e342df3847939f6cd246f1eacf430826
L4oZu10aKarmA,男,合博欣欣,9493,75814112143,dd9d135cfd23abd6ef5a3fab3fccdedc,362350197707159273,19770715
17a5e4e3afe101d0043dd916deae736a,男,xia0Peterpan0927,77854348549,715663199403072916,19940307,胜屠璧,9494
79014117485,L4oZu1SecWiki,9495,9f26744242a7d63d9512cd54703fab5f,男,宰乐然,003598197206191859,19720619
37896619800121781X,74043970208,公建元良,e126e091ff9f7996fb03148367a1cd5f,男,9496,19800121,Bendawangliushuai
023162198806131614,男,9497,5da88d4e0355755d3abdad355d8f1db9,岑婀娜,bertramcHu3sky,19880613,75677570942
20080615,chenbinjboss,978edd477aac22dec04761f713e79b0f,男,9498,354158200806156136,郗乐咏,73795598296
男,309701ebf64694bb3bc62d5b42978bf1,屠岸月玲,9499,230701199701194652,aiyoImagemlt,73713824230,19970119
19990916,twosmi1evirzz,湛文石,男,134130199909161111,9500,79884526679,5baed37fe77a6fa34113602f79177e44
lixiawangbo,女,87582719910611434X,屈门玲玲,73911643959,19910611,b76355fedf76762607f8f23400174d03,9501
345622199501133237,19950113,wangfeiLittenFisheraustfish,5820d976799121db2d31ff8e38ba3ff4,端木弘阔,9502,男,78203023237
75219953524,男,9503,游文林,05477d239cd25e2a5b363cd167ce45b8,747941201204121258,Flankerzhangxia,20120412
20041216,186364200412163470,戈银瑶,wangaihuachuantingyu,男,77147403552,9504,123d32cd306c4e692d88fa026b466097
1a740c4e1957f81c5432807779b31f03,董一凡,男,258470201001245153,20100124,73660067544,9505,admintonyspace
辛睿广,53566020060701178X,7b986e07ec210585c23a4bd6e57f84a2,9506,女,75136517197,hacktechfupinglee,20060701
9507,73787801449,谭绢子,githubwangzhiqiang,男,19950209,295b0d12e9563f33333f62b1f88f14b5,439521199502091212
祖纹,yangyangchenjing,9508,男,19920622,224060199206227959,79985579577,16ad37c464aea68d1f7370196255eddd
9509,malihuangwei,女,19890717,苏芳荃,73306084792,53544819890717506X,eaf9ae16dbb023b1c5b3a9479548a341
0b539261b6adbec291e420f97fe902d4,女,34957120050327742X,73789999529,9510,即墨伟毅,Southseastzhangyong,20050327
985216199904292988,9511,女,黄冠,jiangsirzeddyu,dd50e603d6440ead5ca7c25cb1f9d618,78826300307,19990429
公绪新,男,cws6meizjm3i,19921211,73081082807,9512,70ff0a3f2ff5aaff213af3060cf6c967,967829199212112838
Xi4or0ujilibing,男,79568452071,20050626,e178a878bbc9e4643ceee0adb17020b4,99600920050626503X,祖伟才,9513
134741199307227373,fd820a2b4461bddd116c1518bc4b0f77,zhangguizhenzhangqin,9514,公阅芝兰,77480748945,19930722,男
MagicBlueCHmrxn,6a5466ecaacec82be63a848e98e32c61,9515,907647198810041650,满候,78148291961,男,19881004
78378273392,20100228,9516,23491520100228714X,女,myBrucetg,熊嗣,c69b44c979193c9cbe3817b76222956c
23634076e78f4f18ccfed95b391d72a2,20090619,78131602170,公为棋,virtua1redrain,183731200906198931,男,9517
78634348377,heavensecwangjianhua,男,20150911,9518,古里许洌,c3c483482866013d8f0b57cd2f520079,133336201509118374
kyriosYlleny11en,9519,20050525,016588200505258984,73215080574,丁若泽恩,女,90616666ccb9fcab6e9545953de57933
女,73780664730,1ceff1f694b20e735b5435aaf39f6668,838751200610226848,东闾宏浚,20061022,9520,huiyipiaoruxueNeargle
2deaf431f80bf6173675a47306619faf,20100117,女,lijianhuanaweianquandaohang,554613201001175440,贾苑杰,77504521812,9521
56208920060714485X,74745922164,9522,20060714,5am3iami,8bcc3a0f2373b6f3502359577548335e,丘陵沛雯,男
20120727,女,78955632273,公师淑惠,9523,chenyuyingp4nda,149615201207272044,a68155dad53bfc44cb389dc497704fcd
9524,b404anquanquan,钱壮,639042198307081518,男,3da085e2889140ff6fa57ec7da7c9a64,19830708,75291913907
022820199508199715,厉俯,男,19950819,9525,5de424e873a1ce4cefc33505016b0d6b,wangyuyingbrieflyx,78501382331
9526,liuTiaonmmn,菱念文,男,996577197307228411,73087234071,007bbdf9740d6feea2036a3ac087716a,19730722
78191232543,皮奇,男,2b9714fcae7b9202fcef9a68713c5ee1,wangyuyingjmpoep,9527,19990331,092555199903313916
d5b96ed84901652d8808b99839299370,9528,男,19781201,76715073713,那仪,leanoteWisdomTree,898064197812018537
cnpandadouxiangkeji,19770228,巩伯秦澈,583f8f2266edf70afc4f4cebb1095d4c,女,75043074259,9529,17151519770228242X
319992200712081974,reversinglilanying,男,73801335081,鲍淳静,eb341820cd3a3485461a61b1e97d31b1,20071208,9530
19791018,耿悦恺,wangchengn0b0dy,9730e274667d34b5cfd923f1461f8a71,9531,78268890744,男,71758619791018165X
19730925,37edfdf47ab5deb2b0400ca6f14ca706,9532,austfishwebbaozi,男,师弘博,577675197309251354,79090102443
公檮紫,Decadeuknowsec,女,20020715,9533,286932200207159689,77405852120,b4f43599ce5873cbf7759d262baae574
9534,74674610719,男,meichuandikuzhangling,1830d97ce7f1ec7bf5f183d1306925e3,660793201207189337,20120718,柳天赋
9535,狄翠柔,女,19710727,wangchaoguochandaxiongmao,73477911961,292fd614e716308cdd18d56ca4ad612e,912959197107273489
女,lixiangXDSEC,73502761486,961135197208060187,fa2135a18dcee0f5d47c70489f3d5a6e,寿若珑,19720806,9536
公思智勇,8d72d42904680f5dfc70758d5b2da022,9537,Swinglihao,825660198609092041,19860909,77129089183,女
19730318,172609197303180863,女,9538,wulidecadeMengChen,于嫣,77666555505,6f18f044a2827eb00df786bd26960816
女,19760315,liuqin0h1in9e,8d38793390f539ce237c6e7c4c79e61b,73107951250,9539,328789197603157324,公成心
73639739818,公玉铠,女,ef8446f35513a8d6aa2308357a268a7e,19980416,9540,346974199804169046,f1shring3
072530199507237623,董飞扬,cc6be1e98be2eeeb7ba9ec4f289487c4,redteamwingzhangjianjun,女,75912800771,19950723,9541
248203199202115272,9542,75797031343,闻泰然,男,19920211,efe7a5f82bb911a3e4c68927c410c67e,cengjunjie
79188712652,男,19810812,葛逸致,9543,d4316b63451893c9915a25e08731923f,805162198108120173,RickyHaochiahao
Sakurase7ensec,男,611710197110188532,19711018,成弢,01305088e5f63fd7e460b129745b329d,9544,73815547585
男,77305825143,9545,19920815,宋备,846265199208158053,bestwingwanghongmei,91afa76aaf8ebafb186d0fc79306f346
左丘贞怡,liuguiyingliuyuhua,77786427345,29688ba0654a7ddf1552d46992bc5bc1,9546,006753197202164918,19720216,男
76645874979,9547,49910119890216327X,卓光启,3d4944ae2ad36195a9fd3b8ad6a6553b,19890216,FeeiCNliguilan,男
zhangshuyingkim,19911124,073598199111248324,章仇鹏鲸,女,9548,79000544892,fe6a7f8e080f374201d61ffefc706cff
宿漩沐,9175e192e7f90aa6f4f02d80bfc8574e,chenyulan91xx,14508619720831172X,19720831,女,9549,79147942162
zhangxiuyingSnowming04,女,f39d370ac4ed54e091d11062da9a4490,19820326,75137513475,9550,31326019820326492X,逢项明
Map1ehazzel,1eb556109c1d02510aa22dab7356d949,76736246364,女,19990726,875684199907263982,巢晴,9551
802540197502141382,19750214,e0a3906245c94871a417bd41b7a8f5d5,巴小萱,zsxV0W,9552,77804084851,女
4f3a72e6b60e782384a5bfdf3167037f,9553,zhangxuwangjian,73075876414,靳欣合,460394201403218438,男,20140321
79841561927,女,006a482c6414dbb30894aa57b2e8c141,19860608,蓟光明,Vsanelostwolf,550648198606081043,9554
9555,19750124,女,zhouyongzhangyuhua,乜育,a207fb09dac97dc536602d777bed54a0,618722197501249947,73892311703
648192199411037925,ef1349e1d67f416d2abb3f7487c91a4b,lorexxarspoock,公为正祥,9556,19941103,女,78720950716
73328108808,9557,ef73781effc5774100f87fe2f437a435,19810114,816371198101141385,女,聂念巧,Aryb1nzhangxiuying
女,78468103078,19970330,067418199703306967,topsecwangsongstriker,9558,伏羲千亦,b94ff593d5de3ad26bc69261c05109fc
9559,420256198709082961,19870908,庾寄琴,a995fda763ead785b573d9ac76b42f3a,ScarletFrickyhao,女,78184757522
e9fcbe92ae26f5875e1bfb53dabb78b8,女,王晓博,19780926,75350168495,924742197809264320,9560,Mrxnrcoil
女,19720414,79995954878,990329197204143688,Notwo1fNotwolfyangliu,穆鸿飞,9561,dc3e8ea1d34f9da5b2c6a3dd3d9cc1b3
Xi4or0ujiwils0n,邹儋,9562,19840922,542800198409222651,男,79997034881,fdffff3be4476d080367efc94f22338b
9563,744268197908208685,欧宾实,19790820,74860421308,e8f217b5c9ddf8b27eaf8f83b876c121,lunlunlanzhi,女
女,087497198401172769,zhangmingzhangguirong,屠巡,78429773490,9564,19840117,0c88d24e87d5727b8f6c37b6d7351fdb
女,74508265564,b329a60571803c2b02a02ff33b87c9a2,19830826,古成丝微,lixiufangml,9565,522303198308267787
cdec49cb5641679208dded2ba435102f,9566,chenlinSeaii,34357619940723114X,孙以,女,19940723,75548653990
男,77555310423,703634201908075316,20190807,Venenof7Venenochenliang,陈安顺,9567,5004c9283c230de105cc0ed47c927876
9568,liyulanwanghuan,77178358468,女,518354199212091463,03aa339270796548768b3cd64adfa351,19921209,敖莉绫
男,79960648144,842852198209290817,19820929,comuc531954533eawangdong,23a6ad883be49af9da8cebb3787e7c79,9569,师星津
19810712,0be94f65976be7325515206c3a619576,暴寒凝,568606198107125166,9570,女,Yasengqiyou,73167242379
Weaponxchamd5,厉山柏,19820707,512b340d3ce60844ca3a1d4fa3511af4,9571,73054213210,女,219315198207071581
公石雨旋,cbb4e072ae99bc479edad5b124827630,78994459246,9572,hazzeldispa1r,664428201904204774,20190420,男
wangjianpinglteam,e377e03cdd98fbc78155e395aa3f6e99,男,74513714907,111178199208283111,祁秀秀,19920828,9573
9574,73316836044,龚惜雪,19830413,d8d55d38ad12b38a8f54a7ccf319a61e,670198198304137076,男,myliu
mylamourliuguiying,男,20140602,69d7ac109b3ed72bd022fd5a2254b422,74618123236,蒲雅昶,9575,949175201406020518
女,9576,149924201804129484,de5cf83e8c4e1e28c5c7187ec1142946,76798687646,wwwChaMd5,20180412,公朱苓
284361199312088335,任昪,78922284190,ksowoMap1e,bcfb39482e48be2518dffc20ee2ba671,19931208,9577,男
xunmenglinkarticles,75397326373,86925119800721493X,男,430e6d080c9deb8e8794f0cadd8f8226,9578,19800721,卢妃兴腾
9579,19871212,男,206b10661b0ba38391001b1acd586dd5,仉督云,73873619663,326207198712129972,lioneijonsonNetfairy
Symbo1Misaki,厉天骄,20181028,9580,c2d446a23f4ff0923894ea1359a4eaa7,74621934386,女,239808201810288381
314191197110238955,73811906765,c79e4c9d01f32924e28866ae951c245d,9581,男,卓璥,pwxiaozhi,19711023
87986da524f8aec7986ed3437ee9f63d,男,公输俊喆,huangweilizhiqiang,19900118,981822199001186830,73372795045,9582
411300199804021283,ea3679729cc8feaa81f071b788e76669,郭弼,19980402,74773106049,女,Mang0lili,9583
19750205,公山寻南,14259819750205316X,libinli4n0,78946106240,女,217b5ad802b4ad47991c968c84baa0e5,9584
20190329,yuanchangricterz,365907201903297724,88db2f13233705fa4fcd71690c3e39c1,女,75265085561,扈胜怡,9585
男,447651199407094857,寿萦思,9586,PowerLiuhexincaijiji,73665212929,b3483fa4a700b90a3cd8ccb27fb6b899,19940709
liuhuawangxiuying,9587,543886200207130311,20020713,屋户学民,c34330703fe3905daf056d33ce242007,78141089688,男
20161002,1544f0bea1cae6c0d529c6e9c3342c74,73544294267,inlofter,男,808352201610028052,简娜娜,9588
7cb9c42f476853f7bc3eef1f6488a641,578644197410091830,yanghuayangyong,男,鄂纹,73960632900,9589,19741009
ChaBugProjectMoon,472711197707043169,女,9590,d998aa9acd06d405854fd3bd77d679a4,19770704,78285204196,乔妃妍
198807199703293281,b1uem4p1e,臧琩,女,73715976070,9591,b9ba65ee41960c12029f22f293aa3dbd,19970329
男,77559776229,19961227,9592,郁婵,b1f2a4176fd5211c090bb2d5f9f06c60,565618199612278013,liningliuhao
477355200406174281,79137990427,zhaojunthinkings,南门承宣,女,20040617,9593,1ea2b2bca0feab61c65b609a19339905
exiahansmb,9b20c29655c01532c79d2c069135f2bd,公荆高洁,78862664611,480403200308039216,20030803,9594,男
吕阳飇,134c9439ba4dfea9fce7a4c26682694e,681890198410019858,78198964722,19841001,男,9595,KINGXwang
whiteyangjun,460666201106209173,9596,00e7d640603a6fb6501b5739a87380ca,蔡倩冰,男,75156183673,20110620
bc961c881714d72b9e216eba577cd2f0,9597,公舌开霁,Xyntaxchen,女,20111228,761629201112282545,74035544897
099dce31d233ef09ba1a1f21d15bd398,78746068436,chenxiaobingd4rksec,20121023,9598,女,165691201210232189,高成礼
935189199809228383,78686761540,lipingqiyuehuo,公施梦泽,19980922,9599,女,e35cf7b66449df565f93c607d5a81d09
华骢,20091023,77670120552,女,9a645600529ac393ec6b7a41bb5d00c2,54284420091023576X,9600,CyrusFcnpanda
224502198701240340,女,73949191082,c8c605999f3d8352d7bb792cf3fdb25b,温姝丽,9601,shasibitelifei,19870124
9602,c1b55e3d3c4c987a00703351faab3c9c,20071209,imapevi1cg,姚浩浩,77412201395,028917200712095583,女
袁湛英,672601200601175626,shiyanwangyan,73468557723,女,20060117,9603,4d7eb87650e453d594b727dfb27b27fd
男,twosmi1essh,19930510,9604,80773e2b9aea467ea8a1ffeee56be5ef,072597199305105770,78243075729,谭含双
曾千叶,20100420,女,9605,77470159354,loudongshidailihongxia,130444201004209927,6d8122b6061c6392aeeb8215c0055850
方梓悦,女,19950114,45bcfc731450a4ff63480803234275ee,9606,GroupT00hookgloxec,665847199501144385,74743858699
803647be7ad14b933075c69e19dae7d4,男,9607,062154200706181274,萧艺萍,wangyingluomiweixiong,20070618,78969489917
9608,73895408906,苏锐精,wangliliLovegood,19880201,5a556f91527dbd41408459f733aab36b,男,615219198802019674
女,zsxsoftph0en1x,19930122,9609,4d534582c46c61288b79a425732c6aa2,667531199301225724,纪高义,75837681358
女,b33633cbb22756ef7a24cb5d761b453d,LaLaCotton,78874223776,20010912,贡南霜,493327200109122084,9610
yangyanglufe1,卓琳秀,73695b363f26fc6535ab3804a118896a,20070906,男,312252200709060915,9611,77434770428
loveiNe0,蓬拯,女,19790316,78775589990,2874e32ac0668ebe07422f1780a2c8c0,9612,816454197903160486
男,765036201712174358,chaojidaheimaocyto,c0489ef5bd0aa6b399e4d436050c94e1,曹玉,79645400029,9613,20171217
yangtaoNorthityN0rth3ty,476366198808216833,79673878525,男,9614,19880821,0f1c5255f22c1afe26e7e07c8a989e36,郑潇
626539200701135275,20070113,男,e51cd58cd16d2076c2b7c3bfc030b695,78797049463,9615,wanghongblain,卢竣
beifengpiaoranvancir,女,350513197206258543,9616,edc805ea716b00170d0b278520d308ab,19720625,公仲茹,78504295065
203898199611156283,女,79672654124,9617,238a129b04017230d17fcf14baffb70a,毛鸿振,achengxmutsec,19961115
zhangguizhenK0rz3n,9618,元亓朝旭,83f020a05c5f7f4ef0ade890508a3bad,女,19710414,964934197104146541,75126178711
男,屠斯伯,77812577736,257191197503276633,wangshuaihuangwei,19750327,28d3d4dbd8498d52b55dcfdc735df524,9619
73548147517,男,883c95330a6bfae89c67e7f817ab4feb,屈艺萍,606824199306034776,jiangsir404Bendawang,9620,19930603
19950803,6de234f847e9d043d6c3ab9ff2c44d43,lalajunlijie,9621,女,78134135120,444189199508039661,宦平心
19790213,男,wangyuyingcengjunjie,9622,公成寻春,695478197902138014,c94692e777cceb53d80a5dd423b137be,79321730178
20010424,5ecff3a37c332bf88041541d793f07c4,zhangliliwangrong,公旅妮娜,025539200104246177,男,75999186594,9623
9624,19730521,郭修竹,73611832864,男,tr1pleWfzsecwangcheng,a79cdd5fe00b0c1f81cb4cc62227f0b2,78697019730521767X
叶鸿风,73949469474,19870628,509640198706286757,9625,We5terwangfei,b261946c241f48fd3a7b3e4f89f07ac0,男
9626,20200403,男,zhangyumeinetblog,007971202004030650,78001335424,8e119a19281f2f19b446de3e7cec8b29,汲和歌
78869565175,19890114,darkeyerlvm,ba646e6dbe3a40495c9cd88c0c57a58e,男,681603198901148615,9627,蒋毓
女,9628,Muras4kibabyJessicaMediciYan,78648772200,b51b536abee1033019fe5c81c5529db0,19960423,南门乐,372739199604234626
9629,77489309976,d5aa1729c8c253e5d917a5264855eab8,02868619770331941X,19770331,南门嘉瑞,男,zhanghongmeimachao
3057db54eaa3bbffa16aeac8c05742d7,557593201212171756,9630,78918505170,寿依然,男,7o8vlilei,20121217
暨明达,73ff775bec0959a56caf3599baab25ae,Alkaidxinkong,74501992425,女,791469200104132329,20010413,9631
458d36abbc6614b90efedb289e496da3,女,19961115,340269199611153860,9632,CaligoZchenyun,76768005440,乌纨
9633,女,20110513,73703908815,MisakiKatawangfenglan,红和正,46f5a1276153d610552bb99c4ebbb781,881982201105138129
9634,xifengweiyulishuhua,男,641404198009153139,0c1c22a675e47ebf48a3da7bd8eec325,范巧春,73275925861,19800915
公群冀,78264935543,9635,男,1aqliujianhua,4f54197a82114ccf174314f799a431b4,613581199201187557,19920118
349400200408011016,20040801,wukongTime,79673789078,880db33affc6bc37f0c203d3e60f8012,男,夏凰,9636
596971200401059929,74961857085,20040105,女,卓建,4bea3246786dfc439a68fa2249bb572e,tkyiyepiaoling,9637
530196198701315362,9638,79585630320,19870131,女,钭浩浩,Coco413boyhack,56f213bbf18dd65f9031a34c11be5387
女,20030221,6c1180cde3ea2077c29bf4c58679600a,9639,工娄秀娟,79320910265,7ellwukong,56924420030221978X
王娜娜,79349452282,1e869bff9897da720fb0c6a3666260bd,89565219851121623X,19851121,HoneWinter3un,男,9640
Rvn0xsyChaMd5,20130401,公何书蕾,9641,男,75989499251,d31315c5f36afd8ac648bfa1f66973bb,186482201304012213
工尹秀君,女,kerlingzhijie,1847d3c5c9d374dd86637bfd3bea346d,73450132512,9642,284857199009184562,19900918
女,LittleHannliupeng,076123199910271547,9643,顾清霁,73754917208,f9000b3d3e0148b6cc7b6025d1669df8,19991027
154840200212197712,LittenFisheraustfishlijia,434687a4f4866c7a891cc1f94449488c,9644,男,20021219,邵嘉茂,79035558131
男,wangkun4uuuNya,98c950c7d6fa4d01e195d7ecf33297c6,77542951172,9645,边修德,19920908,353407199209087531
jiangsir404chenlin,234084197109223343,9646,女,74607015861,19710922,d4af4d7bf22f7ade9027ff33abd8cc16,柳明志
620988200609239358,686a7eae6535c357b5625173d4c4ba67,男,9647,许文惠,20060923,lanzhiliuwx,73679328772
男,76773474348,0656e869a387937aadafeb2c6284cb9c,lizhiqiangchenhong,44664819760408123X,19760408,汪景胜,9648
女,尤芦雪,769985200312265088,0d7fd47b24e59980f6dbf384d8ecf652,20031226,HpdogerLovegood,9649,79946717613
男,9650,关龙明轩,zhangxialiubin,874569200509153871,75220211784,f6005488bbd853b67284eb635d981f64,20050915
女,tonghualiguixiang,73054208393,730b35eb1f4abbe222f1b8b7d3b9d7b1,690554201009222589,9651,20100922,索缜
79840383608,319746198205319053,男,9652,时智明,afbd54c69a247089f3a76aa753b76162,hexlthackersb,19820531
656021200002031324,37c1b77ae1f32f3708ade3d0e05d423e,20000203,女,9653,hackeryunenqimaidoukanluori,饶飞宇,77564167593
男,78506852712,86989219710808165X,abcdefghijklmnopqrstRj45,b8355254f50e08be26de1485d7489b4f,19710808,杜展鹏,9654
男,289940a461a7f4519834c495c2d3416a,77195862468,064180197004024952,backcover7wooyaa,9655,同蹄芸芸,19700402
76702782579,女,aa3e57baa77d546b2e67b5b7764d32cd,128822198110066485,19811006,liuyongvip,9656,柳曼易
9657,女,77545383904,liujiemongodb,向怜翠,19920130,000619199201307580,4aa66c926678b220cc14278fc3e36585
c9ea2a5f2bba2540e98fb42fb7f01d4d,女,成静芙,9658,78241330805,z3r0yuliujia,19710312,192837197103124226
9659,b3687891d75af391adfb00e0ce6661be,817800198011079664,73580766394,19801107,Klauschengang,女,韩丽莉
sh3lladam,75068188215,陶子珍,9660,19900413,712792199004139380,女,728df79478359d09ec06869ad98687b8
19870309,男,杜书意,831533198703092674,cafc67aa4a39fff82a3b8437049ab986,9661,75014183766,zsxsoftwooyaa
9662,牛凝蝶,女,20170404,huangweiWho1sCarl,a17e8695f9c5e76cd979ea39aa233530,77327996135,167456201704046484
74680003664,WinMinzhangning,9663,975830198710260877,男,d6d90b707336b27691cc55e7f8b8790a,葛星,19871026
扶好洁,5e9e728c5c6ab91e091c8a2a5ae1ad38,541489199301257415,19930125,73844919813,lichaoxiaomi,9664,男
19900221,9665,636419199002214922,女,LoRexxarchenqiang,78531644170,步安安,38a4596c26d9682585b37e7d4f7d9d85
74605630465,091148199007032423,9666,19900703,女,公为嘉石,a027a5613a81c7522333f7d12544ce68,eonewzhanghaiyan
计珆,9667,19821207,男,127073198212075038,changochenlufeirider,78644867219,e9eb46ef49167165b1b12cbc103d958f
webbaozilegend,3a2c89719f20a443778e24c003243ed2,20060515,9668,乌雨,女,79155947983,291073200605154440
HACHp1sqlsec,139784201703093156,唐川,f0dbf56e493c9c1ecbf7af4659f8afa9,78045482972,9669,20170309,男
简冕,819849197505244186,19750524,78898608144,女,linahuntingday,9670,531548bf23eea5de0c5dee60fe0c0d2e
19790205,屠岸翰,35b045a3bf04e9dc90d6a6101d237914,304927197902056528,shiyan520test,9671,76782930916,女
女,工师温书,dd194e81849813779b5625dad1e8bfd8,9672,20150416,278987201504160221,chenboriskivy,79188428798
c6ad39d516c05b4985fc7cb1d62e7753,庾艾达,ligangguochandaxiongmao,9673,20040901,男,79889112970,768817200409016958
女,贝天,burningcodeshackersb,9674,499744197504027529,78840694329,0f0e3942ed979de900848b7d6f2a092a,19750402
77781666448,男,越宗,vncBibi,847123200902042357,20090204,efc98a61350589908e6446f01e289d32,9675
女,74658185171,9676,19820828,966373198208282984,9b9c0b7f492f0cc6ada7cb21c3e7af0f,lilongliushuai,师兴旺
74927295751,195248201108267152,益妙柏,20110826,lipingwiattack,9677,男,7e1637841952cf13c7f42459932fb70a
单于彦,女,kn0ckliuli,19980909,9678,abe40cdbae12780ef267a66801b92ec7,463659199809096127,73412767974
戈秀颖,777792197908300655,男,8da6b704beb96097cd41f07e734b32ac,wangyunchenlin,19790830,74537090293,9679
朱凝珍,9680,19830814,女,78844653274,plz227lijuan,c8aede636a6921d0839455d67da68aa0,301146198308149788
093388200902265177,9681,20090226,e02996317dce23dedb83bd30c4069f5a,甘先玉琲,0u0omaebic,77885979947,男
19780906,Brucetgzhangbo,00548819780906967X,74861257061,男,f1cb34ff93e596495b70729cfde4c936,9682,简安祯
19781005,9683,58953abcfe38dacbb4e586d28e65557a,860592197810053515,出连玄雅,74616056653,jbossliuhua,男
13404a3eeed0c48e75618eaa13d27775,柏听南,74877392353,19720614,9684,男,936192197206148018,liuchaokn0ck
9685,20ab5785db86b71c8dafc5529ff34420,Lucien4ido10n,男,公金琳竣,78411624718,19960415,476755199604150817
73524573886,19730425,lvmMars,衡倡文,38af7516703f94c2b2e5cb4861a4d643,9686,06434319730425672X,女
9687,男,2910c19f4eed8126853da9db9b1d96b0,bodkinzhanglijuan,薛俟,19730519,78302482798,712341197305197532
男,9688,681845200006294215,寇英耀,wanghaoSeaii,20000629,2290de8adc55248c9555dfd89237f9b5,75650472275
20000120,宦骥,754909200001208462,77701737046,女,4DMIN1sqlserver,d6706bbbc7d86c34dc15978c034830b4,9689
12884020070227685X,79036886778,wangluojiandaosouthseast,9690,翟叔,男,5f7af0889d3f31eb02df22946f45fd19,20070227
805973200004068545,女,璩正文,d704bb0f7392867b8647f0fb275991c2,20000406,9691,0xmuhesaurendaxia,74507589520
19880715,女,9692,怀瑎,zhangfengDecade,912583198807152488,ada5a9f0bef52838bd28c71c44f227d3,75703688145
9693,男,74652262961,章乐丹,75e78cdff9f925973d67fd9ee8dd6efa,20130619,28968820130619145X,zhoujingxmsec
19750216,男,4990c84fb106c4e9a029866950e60943,79890797721,blogspotp0sec,9694,277664197502169133,韶丽泽
左师温凉,女,19950110,719610199501106842,booglenavisec,9695,77594979047,1f6ee817e47dd877a3cbf7c9cad9b039
20100921,男,1aea7b5d225f5bf558f4bbfd1a3a8a78,73977994043,chenbolalajun,9696,656432201009216773,严伟兆
923856201604239780,78643690465,9697,女,20160423,liuguilanliuchang,公林云亭,c27fc9ffc9a7c0baccc29bf87ee90e80
女,c35aec80e0001d782b263538b5e20f54,73316072555,9698,liupengzhangshuai,20040105,419074200401054727,元亓代荷
239593200309266674,NorthityN0rth3tywangqin,20030926,9699,0e744732c6fd36c5e7a3e5144eed04cd,男,76761284011,岑凯风
74087142041,女,wangxiulanchenyong,19761004,e864b34f3b2961d25b1eb98d1a45a979,9700,897677197610043885,乘马灵
73174852437,920597199811264813,湛浩穰,ExiaHanliuxiulan,c82aa3135f2bae17c463d673a734ac11,男,9701,19981126
66ddfad00343f81958fa92c6de952598,19891207,芮燕艳,73553941218,398835198912078818,yangjun4ch12dy,9702,男
隆韵,20030208,73999447967,9d15491bb0813bc37e705f8cc993ff12,811220200302082182,9703,chenchenxi4or0uji,女
Threezh1Snowming,孔滢渟,女,57d4315d69bf8ac5ce1e0275776d9cd2,9704,20151217,75616430095,433841201512173525
chenguiyinglixiumei,77243674851,9705,526713201403014860,20140301,f6fc7bb4495ae49f18e96da701328fbc,钱斯琪,女
067464201611074765,shasibitemeichuandiku,9706,女,20161107,aeaa5ede8ed374b33cd79db408c9cca9,74758385648,仉督绮兰
909547201203207242,9707,b4e0ed3273d1b92da5984fc4de73fc4b,20120320,女,lmxspaceomg2hei,78070807278,班鸿哲
78635566079,公冶智敏,70185920160320534X,eb7e3ade8ad7044e72bd413946a77de0,b1cxrj45mp,20160320,女,9708
nobblucifaer,67f66c9ac20c8c543bf06eb0a4a53584,9709,534024201805099642,女,75951924246,关其荣,20180509
77709012039,426907200701171325,20070117,女,9710,282e2b4243fe59d72a7a7d0219a21e30,T1h2uawanglin,南宫慧艳
ccdf1aec85ca0a3b87553a908f8b90ab,marslixiumei,73599471782,9711,公乘选,男,19800606,547613198006065837
78636753101,男,舒淑贤,20180305,9712,347555201803052911,inliyan,b5292367cf75f34f609b750f6650bf81
9713,lishuyingWisdomTree,19831125,女,036717198311258926,许璧,74991293861,f643bd82db9d2cd6985585b69df6f17e
男,78207792738,27963820150601505X,20150601,chenhuaguest,于蓉,d0970714757783e6cf17b26fb8e2298f,9714
20200215,c0d7d121a7f272fc157ccb6fdb57e62b,麴德宇,Changochencyto,男,76778741571,374625202002157136,9715
19920322,公檮俊人,女,3c03599110d6be3764c10bc26b0afb17,323033199203220982,9716,pa55w0rdprocessor,75615906958
19870128,096638198701281731,晃淼淼,appleu0Snowming,79024801912,9717,a7998198d98321bf933237e62606e51f,男
祝芊,wangqiangwangying,男,649571197410025334,19741002,6e6636c7ef142dcf929d8e7eece97090,9718,74569681537
华胥妙晴,19901005,7ac9ce21e13cdf3b0763de2e7b7212e4,wangshuyingcomview,女,9719,616633199010056164,75890972599
a3uraGorgias,fffe9ec4ebe965904b6895a27e4c9d00,男,20060324,265149200603242678,79354324764,9720,屈飞尘
19860930,女,司徒曼妮,c8bd725af3829cc58ff41f5dc4cbd8bf,468429198609303321,77835528789,liudanbugsafe,9721
9722,濮颁,20080905,110583200809058478,男,zhoujiechen,73274497552,5f2be86dfb3ab6036fa9c6a0b4aaf2b9
9723,20110422,605896201104226359,钱箫笛,Marblueevi0s,1c2b648def92e93affc3deb60a6710b2,73832681323,男
男,苗明辉,19950425,506dd88d63d25870c971a4840e8aac49,713397199504257675,78656328160,wangsongstrikeranquanxiaofeixia,9724
wanglihuaXman,20180219,77833644547,207258201802191823,f0b692cfcb075181993f1859bc89b570,9725,女,公房雨伯
78494649148,zhangguizhenDecade,7bb49eecce79a190494fed8f42acb928,男,09859219920104881X,9726,尚雅,19920104
83feb365c70e47aebd4dad0a49802693,999637200704250024,20070425,topliuchao,女,9727,胥弥嘉熙,73865234111
192d4d34f38572c2b7ec13f2e11372fe,9728,bPJoannawangmei,581721199610106238,77309939610,男,19961010,郎慕诗
403905201005051536,男,20100505,ZeddYuWe5ter,郭琳涵,a998b272399d38ad39cdf2044b77b877,73522441263,9729
Whitezerokeeper,齐祚,78286022221,6c008f9049824d5c213d453f7885d63c,19771123,9730,493819197711231542,女
78557238876,20130314,6693b8e17ea5d41a47ce8bc592602c6f,男,tkdemo,814194201303148979,通忠燕,9731
76625824754,761994201708282881,9732,女,郁娴雅,20170828,findneoGeez,3d4f2f3cec2ce219c1aae283d1523044
厨人白易,79542652749,Mochazzwonderkun,19730913,443935197309130547,女,7a272be3c6e160ac1fcf1aadcdf5af53,9733
男,9734,79184481623,wangjinfengzhangyu,公襄若华,29c702d1cdd6f3e23e4de365f19fad4f,499606197901141217,19790114
女,d8f94f0f43367140f6051bf263c61cc4,19831208,庄翰音,354382198312084444,78425835379,9735,Ethancckevoa
bb02b60e57fba8f3a5b9a97d7df2ce1f,9736,女,274273197504249147,77231524101,evi0stonghua,19750424,段桦
男,汲操,19931230,0c96920ff62244d6f6def72787dc0866,ChuAdminTony,9737,78208650519,108834199312301670
女,374067198103219887,73392315529,9738,855033ae8ce12811074f92915483f63c,bendawangdongzt,蓟立人,19810321
男,7c096be8ef1628c36726723a1f18e615,易涵衍,9739,018938199006212230,73984898241,19900621,MengChenwangbo
75165894544,988287201310297384,乔英彦,36d152e92ac869a3dc1a42ce1f4626aa,20131029,女,9740,m4p1eSarielD
7f9f3d11179fabede9867ffd785623eb,876374199603156143,9741,巨母碧莹,19960315,75021678862,女,GroupT00Evi1cg
公檮韵,20010707,女,6f653042166a8c1e7dee3d4df49e22d9,9742,73719604991,154215200107073620,Wfzsecsm0nk
wanghuaGorgias,9743,男,79909853906,詹含桃,83d2231413534f808f5c68919975ec88,154725200008253175,20000825
816248202004104013,男,9744,73794559788,巢元基,a92db7a5fa18f1cd0295381e3046eff2,20200410,zhoujingMrSong
422655200506131230,男,75692181928,1cd7352b6d900edb0329c0456b0b48bc,9745,20050613,方致,x954ido10n
束笑卉,988545201103244274,memcachedShadowGlint,男,20110324,78850586869,80822eac84790f43feb08e00d0c3be95,9746
73887639487,12d464b56aecef9a5c758c664b71c0e4,冯彦杉,506395200912255130,男,ProjectMoonliping,9747,20091225
74993008407,9748,乔娆苒,591358201905229641,女,20190522,5a07ef60172ae85d549521e40e337a4e,hackeryunenuser
9749,657849197312296279,男,sh1yansayhi,73642747037,寇玉琲,073ed999115a7d5f09c2e190181b17d3,19731229
Pav1K0rz3n,75081132554,013901198412130378,邹俊健,4aca41693543270b271653990f2f377e,19841213,男,9750
男,74748795250,8f2cff98767629162b7980dda59bbeb5,9751,liujunVicen,19770101,公敛舷,725620197701019470
男,水傲玉,75974259273,9752,33c3043b03f2d583c5aa0850f5408643,425272200305012718,20030501,wangshuzhenMitAh
9753,74818706051,20050619,3b52fff71a38c2f3a6c0006ff204ee22,wangyulanlihao,任霆,502157200506194560,女
女,9754,zhanglihua0day,8902c9ce97b63688951dcc3ddc8217cd,988983197305037020,78382714973,19730503,魏国兴
19950830,08bf62149531f030284e5c45bd522f54,9755,695326199508300586,bendawangxnianq,73198821288,女,阚飞羽
retmespace,叶永琴,73749227018,9756,571501201203093427,女,20120309,5cda58447e8382e36a61fd212f0ab7ef
20171020,9757,610308201710200181,73009490560,ph0en1xxyz,388ef49f84c7e9bbd51ae942cc679895,女,宋丁兰
737908198306253734,75166145805,5eb6d580e5f68fde65c3778afb8826ff,19830625,男,Map1ec0ny1,辛丽莉,9758
79932845300,1c259103b9bfe157c71c4ab35b422191,20031106,9759,沈仲媛,男,zhangyumeizhangdan,338456200311068277
KINGXchenxiuzhen,19810526,女,9760,212025198105265422,bbe0a2ad4141bc0b6ee77ebb32e54319,公敛怀柔,75949186114
公丘宁夏,0551ea32fe3582af53b61b5670584ae9,779912199702131374,JrXnmPowerLiu,19970213,73071050370,9761,男
400c10c49cc97eb3a7a5dea58fa49e40,skyofkinglovewangguixiang,9762,共叔音韵,086132201110024511,男,73551250948,20111002
男,77595063756,9763,236783288412cbc7fed71b3388a4c924,gh0stkeywangguihua,19830408,195050198304080834,空香
78825510615,公何新知,19911008,9764,6ae7b2d2002aaaf2c5b77f3851153477,yangyanghuntingday,651355199110087165,女
9765,Balis0ngzhanghong,20030701,廉天骄,775926200307019470,c305a9746e02417cbdff49ab6ddb2299,77183632913,男
男,Pa55w0rdyaseng,20160120,金鸿畅,79595024004,814179201601207056,9766,692e87d1b7dea74887775fd12b668412
9267874e756e6dc5186a81db9d6ac871,79880374691,19811128,东关从雪,9767,女,253325198111286769,omg2heiv4kst1z
丌官语晨,20070724,9768,男,3d397a2e293039774870f9a502bc294d,rmb122momomoxiaoxi,79806872848,189311200707246775
15460720031021366X,20031021,女,9769,vancirbPJoanna,e48e65ba537067ca4689fbe52a3f37e6,73744771901,鲍啸
f23f46bef1ed9c060c5ed42372c491b5,onlinechenmei,449392199407271326,鱼夜山,73351845925,9770,19940727,女
19961001,a8f0966a7ff9568708010fe4fb16a834,9771,404207199610017657,伍芳馨,duzidengdaiAdam,77396149961,男
860678200108287453,chenlongwangxiuzhen,熊天骄,男,9772,74673297449,c0e8da5ebaf1f623c475beb3044eba02,20010828
女,082869202010238469,扶华灿,test01yangchao,20201023,77410982089,69ce3ea8115473293b44ea12576185d5,9773
387057198905192542,a72f04e2f01811948d5fecefa253577d,75703493935,9774,inpenetrationtestingsk15,女,19890519,庾蔓
77412488785,牧孤晴,liuyongFirmy,0308a2068fd8c301bd94e661179dc855,19890814,女,457788198908142787,9775
19970116,男,8e4ca7af923595919610e17f0dde5140,77635589129,厍东,9776,406014199701168754,w8ayyhuangwei
19900526,zhangkunNe0,0553c02a2b556e08c0cadb161d83d533,75280136250,韩继红,9777,女,780286199005269984
9778,297188198505286230,25400f237e82a8f1603ae48b276f5965,19850528,男,comu121bf0f6b3d2peterpan,伍豪,77100659986
蔚从露,156dcf34df6c2bb56ceb97bfe416ad8f,suifengyugod,78253085508,20010212,9779,28624020010212385X,男
9780,女,77558902411,d65e76339b0e3c710503f0085469009c,乔诤,19760707,polarislabp0desta,284869197607073367
9781,19810626,77865763769,男,idlefirelorexxar,米弓,a60005f59a060fa0ac369dafda618c24,915231198106263417
liuliufang,885787c091da54ddb53608bf2ad4fa4b,432204198910091613,张娆苒,19891009,男,9782,76773055768
9783,20120422,cb0a547e4618b105450e7a9c4a821272,overrainbowwintersun,乐紫萍,79923755333,591985201204221489,女
男,20001108,9784,WisdomTreewanglijuan,纪龄,79909125912,031421200011085617,9a3b319e581ea5250069c6af77aa16c1
女,20021112,公孟翰,78371856123,186ea2cfafc5c8022b28d9ebedd67cc7,9785,747814200211120182,wiattacklihong
dfaba15cb97adf69f4aab174baffc216,78254392048,9786,20190606,Jearyshiyan,901717201906068029,禄瑶,女
172422201002213536,杜曼香,kn0ckwangshuhua,男,0c86c5e180ce245299c4c0133cf30931,9787,75550040809,20100221
impakhozhang,19780904,女,9788,公之凝阳,e5d2b7104f7c19598f09f7e8c551f1cc,631882197809049342,73037186010
萧依心,女,9789,ad6470c4d7de76cb969d593508e43595,73929471121,shentoushiretme,507355201303247228,20130324
75523974407,22293219830207016X,19830207,4f24f34de5f2d4cc1051beac83d2977b,伍灵,9790,zhangfangSe7en,女
9791,19960213,公思海,男,meevalbug,115411199602137816,7d64fbadd829a9b1755d7f37e966cd45,78076771961
47c981cd418999ca20709af515ee53fe,女,876308199907186188,9792,乘马梅风,19990718,78017535495,PolarisLabVancir
男,元贞,Hexmanzhangqin,79169827341,53aa789ec2178d4d40090c35f04c9e81,9793,19910811,250065199108118912
a608b4e3c1f0eb34ad599f1f515f9f1b,女,项碧凡,19720130,9794,74523138725,wanghaiyancL0und,079746197201308985
zhangfengApeng7364,女,柏倚云,9795,79662779459,19790809,1b97a01c12578e06a263ff218a7ca8db,586160197908095364
082187199606052067,女,19960605,wangfenglanfun,羿卓逸,9796,e92dd48bb0a726854f9b5be7a7d32e29,75758509615
Dispa1rxia0,78432976682,9797,20200201,602587202002013431,南门晨风,男,cb86756f289a37569bd84cf60e31be09
9798,294485201701257356,上官建华,4bc8d226732d8a39649fe44671092af3,zhangzhiqiangseaiiblog,78751319269,男,20170125
352616198709090333,公输伋,73476810374,9799,7c8eb2b44d61441ae24c2426ecc0475c,19870909,lufe1qimaidoukanluori,男
20121227,75321752769,liyumeigxgoodboy,雷和玉,cd1dc2b926216b8f2e024762ac6499a4,9800,女,890862201212271064
056000201706018022,女,赵依童,76683800154,20170601,9801,wangguizhendonot,2deeb0016c37b6c488e2481bb805f5b8
960397200907227015,9802,20090722,男,polarislablofter,74780740317,d8d84fa5d8be037c4c341c41c82689e5,信平群
chenpengGorgias,19860727,236007198607271560,73354475301,女,9803,融凯旋,2c687e74b881fe0ac9952e765da64c91
6f7029596afa3631ead6ca05b60e19bf,养千柔,19700830,wangfengyingLoid,9804,73155293227,男,541722197008300011
倪线,19981104,02d8395b2d81b5994ab2cd0cfddd9aeb,311918199811049236,75563953224,wangxiuyingzhangshulan,男,9805
女,公丘安安,9806,77499263698,988775201506080365,onlineskysec,09d1c6cfd7be69d14bda5927cdd26b73,20150608
655b6b6fcb3d0291d80c501e60a285fc,男,74092257729,035420197901215930,19790121,9807,notwo1fwangyuying,勾阳夏
4c1c99ae4960a787def204bacb994105,女,9808,中叔胜怡,73251233385,370960198710105866,19871010,limeisinaapp
cad12f0f0e99ed332a153e77024aa99a,19940921,9809,男,wikip0desta,75908049866,978046199409213371,公舌时
9810,359426197007116782,safe6LionEiJonson,19700711,女,74331fe28c4f8776b69b2cb6abff671b,莘泽恩,73580136504
1phanjianshu,9811,b7f385c0087cfd5aa68eac998447a3f5,即墨春枫,女,19860925,803897198609258142,75630264414
9812,男,fac5cc8bcbbb07e76c9cbbdf7329a92b,20200715,pop3kctf,幸敏丽,03306420200715093X,77133670246
svnqingchenldl,公息梓璐,14177419920626784X,77102656985,女,19920626,208acaedca7d12294f87dd9c289edf48,9813
8a32df2b3f8e5cdb40085b7839de6fbd,康承望,lightlessretme7DiShen,77143345341,9814,20160216,男,018957201602169135
女,0192023a7bbd73250516f069df18b500,9815,714082200804218665,78752258543,20080421,lijiatest2,夏怜梦
20090312,netniexinmingL4ttIc3,74573738007,a2feafd76cc938033c357d4a40dcfbc7,322864200903125065,女,9816,农旎旎
桓丽佳,LucifaerGorgias,20090626,73794216052,男,026639200906265974,29f63a1dc813d64921d278700c54f040,9817
20090714,77570872733,仆固部,Mochazzxunmeng,男,9818,4cda426dd5f87fa3147e7678c1c8aff4,909080200907146454
44362019901226688X,179915f6933d2303de392a60cabc523f,WinterSunzhangxiurong,19901226,9819,女,欧雅爱,73888948417
77278260439,9820,19970303,b9b3747c280c7e9d6f1f2ec0922708e0,liboyulegeyu,070869199703033556,男,公索彭泽
9821,wangzhiqiangliuyun,760912199210130113,19921013,男,东乡秀曼,73875286815,f81f45dd57a223eac806f505937b8105
78181066006,男,057103198902155236,applechenying,19890215,03647ae0ae7c52e4a9dd2d3bdc2c434f,9822,须玉泉
11a6d8746c50814bd8402a2f1a68087d,kkzevipxiaoyu,19721027,74853257805,满元化,女,9823,334105197210271845
78497679330,papersher10ck,臧黎昕,9824,5bcdf6217373acec8919606d2454e119,19860904,男,08758319860904937X
男,19970212,5471720113983cbf5b0ddef037efa57c,9825,78179031665,899252199702121651,芮马,Jayl1nlaucyun
钱鹤梅,9826,77778071418,wangyihangyangbo,女,972456198803230465,0b6b3c5de1c0be597164ed823fd5a509,19880323
20160621,f1ef216c6278b0da3eb7641e0ade3621,左丘悦爱,73048411057,759703201606214013,9827,darkeyerbestwing,男
20080508,9828,康友琴,idlefirewxy,男,76793481652,ae68f87724a7015764faa0526e9c63af,747137200805089617
女,183995200307042567,e1e460748f4744560ea1468b285c0253,20030704,githubwangyang,9829,76720194078,訾君浩
9830,72e6cd50caf5bc565aa534e241ede210,169883201404086487,女,公扈鸿畴,74905419074,20140408,chenbinabcdefghijklmnopqrst
19930416,9831,0392950ac62cb83b3abc6dd09504d03d,lijianhuaaye,79612913102,815158199304161070,浦道芳,男
AppLeU0SycloverSecurity,19800410,公金代荷,9832,2d1b8b549a5f7235b63a5b2e866a11be,男,73891516382,80353519800410011X
4c74d497ab9a8034abb7f0fcfebdd4f8,20070526,wuxiuyingcomubf30f18c872c,9833,魏高义,79092110898,女,910793200705263664
20071113,934360200711134111,男,stonechamd5,f6955ac89dd97ddc5ecb8f37b830f97c,77471446358,9834,庾新芳
codersectop,东闾香洁,4691989401b7ec6b87aa52c154d3abb1,181009201512222713,9835,20151222,男,77417772878
a105520c7f87c373d66eae85722da6dd,905738199109149980,imlonghaoimap,女,75907320911,19910914,9836,从稹
男,596906ab504f684de212dbe6d4c37f78,9837,端木秀珊,altmanWupco,75236389441,20090912,44721620090912511X
c1dbcd33a31d6f222342a7930c62c998,73503382738,羿问旋,男,9838,mitahNotwo1fNotwolf,041034199811056917,19981105
74825010523,罗泰鸿,011573198401094429,9839,rama291041610zhangjianjun,19840109,8d62b356edc351495bc6fe24e0bde1f6,女
9840,itGuko,19920731,accecfc91447b4994c52474df4d0ce44,越希月,587415199207314389,75588818230,女
7a146889ae327d4a7d22f2034e5c63c0,77334239921,芮雨花,19720825,evalbuglibing,9841,856970197208253677,男
女,77398427401,965408197310268567,19731026,4c82884e1bd4a895ea79d5e01fa2305f,9842,菱雨双,sfishlostwolvez
73088041679,929025201607045938,男,公尚彪,5a15985fa750030366a0b91120ee77f6,9843,wangxinLuhrey,20160704
9844,男,zhangguironglidongmei,77128336951,faccee910d521ecc2cbab7070fc4e477,022800197110267250,单于宏爽,19711026
74617820349,Map1ememcached,1a9e5a2dc6031ed3b362b8fcf167e67b,54878319920926334X,女,9845,19920926,钟智明
19810724,1c76f0797dc564076e959038a4c00006,9846,苏竦,女,p2jwangzhiqiang,802568198107242723,73090306371
026406201212279243,ckj123space,cca08f2f5fc7af355d25f9d83154e087,20121227,女,9847,75284385284,花小萱
9848,738024197210305189,6f2c5c826bbf5947b1aaf76250ca72a8,ioinmaster,尹醉波,79149932111,女,19721030
74697647951,东阳博延,9849,d40aa28cf1111ac95a716c77313488eb,286539197805245980,auxy404notfound,19780524,女
20100606,聂偿,9850,79097213184,iosmosisfengzhiqixidi,01d99fcc9967c0b9afdf234070b31a63,男,324085201006065714
78228885871,男,da7uran0irwonderkun,ec9c81e5556f43ca3ddad38a23eeed86,333598198002265159,9851,公胜弘化,19800226
netyiyaaixuexidr0opDaybr4ak,男,c55d0eae06e2cd86aea953028596f29f,78736103038,9852,19930906,毛星汉,641670199309062713
女,9853,MagicBluezeroyu,20110110,918740201101101225,ed6dfe3df394c5f812665ad283aebd2d,74032373031,向兴怀
73610919710228048X,女,9854,zhoubolinverazuo,414c27de764160847d3c11e192c67b3a,79515925627,公保景福,19710228
961a8fff0c07fe2222d9f5de18555efc,77296170714,工尹黄,boluochuixuewangqin,9855,20160112,男,913284201601120670
939534200207132849,wangfengzhangping,20020713,76785886694,9856,feae760d51e0f2d11014739564973e4c,家涵育,女
73300503703,894537200005277742,20000527,女,bec15455260c3312b255d7dc180ad59f,付里嘉勋,9857,jayl1nScarletF
易夏尔,837324201309211463,9858,spaceguoguang,78311554422,6c79c43da2db37448c72a9487220aeb7,20130921,女
251260200309309753,20030930,9859,男,丁子欣,012cfaccc96bfbf611b21ae9465c99b3,79641458360,threathunterliuli
78394708839,女,058986199402088989,韦莹,19940208,391a5641dffcc5efec050ffc581532f7,zhijiezhangxiulan,9860
73083864879,405625198711144832,weilaveraguochandaxiongmao,男,e64a9a499e888d7d1b0c5af79c09b28a,耿可儿,19871114,9861
19930226,男,9862,d68173929475997460ef556696c19f43,郜馨蓉,559526199302260738,75004579207,pop3xdsec
9863,79908091109,944811201905073632,yanglixiaoshenghenmang,c4016487738f52f05cd793072efba12b,汪睿文,20190507,男
liuguizhen2kb,6088dd9603a4ffaa916c30ae035f7d2b,9864,令狐采绿,764401201603018525,20160301,女,75103515783
363428201703188235,秦依白,男,e3b1e882ea31c9ab09954fb3196ff8c0,20170318,DmDe1taTeam,74896660667,9865
9866,信平紫寒,34df99379579e0816323718574060351,77686267724,19990828,985048199908286147,女,evi1cgzhangyuhua
男,75804553415,19921110,9867,verazuosaltyfishyufolishyuyuf1sher,bd918c52d9633e3b3db350a4c5209fed,421305199211104474,杨高谊
公乘音韵,wanglidemo,02f35f70d76b931b07d6081d58340067,75549356493,862057200006172564,9868,女,20000617
e7a462929dff6de1d08933716982adde,19761224,79095031090,056615197612249282,9869,公伯成周,女,0xMJliyuzhen
cuijianxiongcnlonelyrain,a0e2bee06937381984e589895a2aca80,79592126933,64961519980410977X,19980410,余思远,男,9870
男,巴栋,200872197111076636,9871,CDUSECblackh4t,0750d8bb2adcf71ea25f7fa36a81cc04,73243017841,19711107
169c4cb768f75546480755797038020b,75800827899,liuxiulanwangxue,9872,19961201,暴盼丹,255594199612019378,男
388463198003059486,女,74912518300,9873,19800305,kn0ckliuwei,单于芷茹,eb99b3439417a0ffad34d37f8e19c7ac
9874,ee6fb09afdd707a369eb1070494f181d,男,yangxiuzhena7um,74844478232,564252201612147451,侯勤,20161214
女,19731211,9875,82158919731211988X,c3b8cbe13648212bf14ee8ce40141697,傅高翰,75519936671,Wyb1ue
2dd6552d6809171b90d97427aa0c0142,9876,lufeinotwo1f,224831199310146122,杨承颜,19931014,女,75323334837
19710605,9877,340553197106051376,79968763600,smtpdayu,男,59635d91186cd7f025337971983a513c,叶元珊
20030209,byqiyouSalt,952872200302095232,45b41782ddde681b4ccb586e1766d086,9878,男,79948712189,公休佩杉
仉督秋珊,075845199404016135,hpdogerzuozuoweila,男,19940401,ba89ee9d0a82dca0f4b61e1ece2624d1,79659450145,9879
7d4426f7285e450a096b97297cfbeaad,辛幻丝,9880,20040223,00062920040223956X,74053746614,Kingkksystem,女
女,qiankejiuguanluntanlikai,79594481198,傅余佩,19710705,802662197107053941,9881,2a2103150b6600b731ae15b69a31fb6b
ChaBugchenqiang,女,9882,20200323,和烨磊,8efef8ca389a6cd8daeb7a7934f49b11,111160202003232581,75178587259
单于寻南,8a15c879c27bef1e19b009006f144f39,75049479532,19930521,男,chenjianhuad4rksec,677946199305217914,9883
男,572860198409265717,19840926,6a664ec5fadfb967be4b0491da3b1c56,9884,同蹄贤琴,73769208443,hurricane618chenjun
718de951e1aa5a9b9ebb0e078287563a,188061199906022978,男,79610468247,0xmuhezhoujing,酆昕靓,19990602,9885
78837948108,男,1041bf668e9c339bc51b65f49b002a74,9886,AppLeU0zhangliang,19990910,348964199909104256,郗平惠
74882443475,threathunterpop3,姚会,9251f0996dc4fa3642e6199b44bf6754,9887,862614199202038511,19920203,男
010958200306087084,东方婉奕,chenyulanjinglingshu,9888,79324413360,20030608,女,dda14bef1358ccb091149236b87ca93b
公都初夏,6c2264a12a252a70f00efb101854d6ab,972593198503013482,女,77344816403,secwiki0pnlight,19850301,9889
9890,20041124,zhengbaoChaBug,78828154989,678631200411240232,男,公朱语海,85057de628690e6d88d5e35e3e5ea08c
410688200505018774,45043e5f029655e1ec461ab084542448,73142295541,9891,lixiuzhenwyaq,20050501,男,元平蓝
d7729e17755e7a16fa77ade2f230d2cc,20040203,virink4ch12dy,焦颜,男,329462200402032874,79613454811,9892
446bf0e2aa86ed23dd28c0cc73d5ac39,董娜兰,chenfangweb,19870306,810850198703066079,78490918107,9893,男
19950825,9894,165081199508254713,南门依白,男,lixiurongwhite,cba2ef17ebe42b46c081bb3fd6ab6d51,77834808537
9895,zhangninglifeng,男,19950703,811322199507039957,通元魁,73141534314,792571ebbb357428c747ffa178ec4c7d
590625199204122954,9896,19920412,74890880875,从乐安,klauseternalsakura,男,11b95290e8501480b87feaea5e3c7d16
evi1cgyangtao,9897,19730212,c5bf1a3125468e39365a8a23db076be2,07927019730212765X,东方哲妍,男,74890705928
209291198503214267,靳祥,wangyulanwangyu,女,413f1fca0992a3a2bc0c2fdd6cd26d2f,77458156762,19850321,9898
601145197112222365,9899,lishuzhenlegendsec,浦彭薄,75760918598,女,63dee58a6aa073d47a5233e4fb76dc3b,19711222
男,MoR03ryangwei,5d5627eb97e126aac0d005bf3198f348,9900,73580848875,955926199303024756,晃阳飙,19930302
19950328,9901,virtua1iSafeBlue,公祖婉奕,73757050933,997331199503287072,6736417931106baf5f7cf8d0f7fe3540,男
20060610,女,2b773845950c906ca580b8734590ad74,74060301812,9902,Lcydamit5,327196200606105460,菱达
男,73459883915,公都千山,Feeianquangongbanzhuanbiji,9903,904897199504235138,19950423,929b5cc1efe06371397c299d1cd9bec7
xiaocaowobokelufei,男,殷鸿轩,74713882844,20200620,662610202006201133,9904,ea070b80d7c68e8a333d8966c2f55918
changochenxujing,戚凌蝶,346771197206200323,fa173ccfe4fa5a46c32172fb1bc0f90b,19720620,女,79330929144,9905
红铿,男,488a6efb724fbad132a910195e026ccd,20050819,743873200508196571,76741715674,twwebadmin,9906
9fffe628e07b834c7727ee2532a9eb10,19970621,242976199706214339,kingkkli,男,丘丽清霁,9907,75288406433
497590199311205864,wonderkunoracle,78799677635,9908,19931120,敖新雨,ff9c71a5041eaa280bca86f41b847b36,女
20200408,79970844730,9909,zhangguiyingwangrui,703930202004087870,函井寻芳,44ffaf570425d91e3e1e0654abcb36f3,男
19951204,男,晏仪琳,835959199512041237,1085427479bbed4664594649db51e3b2,9910,75289306072,AppLeU0sayhi
9911,19791231,白开霁,wangyanbeifengpiaoran,男,c09d3a225d51f31e64fd38456115d2db,75002214804,343815197912319876
9912,comsimeonOrange,20120319,78953188639,居雅旋,bfa12f8bbe34bf1ad17c8863749eb244,男,210719201203194473
李嘉志,evi0sriskivy,男,19880502,0527306df37fd70dc011dba2f5a58c82,490823198805026036,9913,73654490252
敖紫文,9914,78057478545,7ac9687d2172a8d191ba27cec2ff83cf,beifengpiaoranDm,19921215,女,195952199212159760
107253201212273057,77769128003,9915,NorthityN0rth3ty404notfound,20121227,男,公晰耘,80da868af02bb03df4cba912c2f3427b
元霓,chenfanghone,30127120080831696X,52f385a166ab6d95d4cd193dc8e514b9,女,77466250496,20080831,9916
20070808,9917,683397200708086657,74851255541,杜驾,8cb1be55edfa96a98e821ebcb1aa1274,男,wangyanghuntingday
9918,77589959462,734729201905212355,liupingjisec,e43030f26e44c14caf403fe4e94881e5,公林彦杉,男,20190521
19710507,77516818215,dropsgh0st,男,784894197105074954,谈婷,b34094b5e8893eb2532dfa9c2d52242f,9919
20170824,郝明明,女,wangxiulanXi4or0uji,9920,74968163786,854786201708240423,af44e2a3c5e5f7d55281a1c37c50fd7a
78392424091,788401200502089546,20050208,伶舟信瑞,lijiemaster,2a4ca4c5903570347bd57b546c97fedc,9921,女
75959648450,ddbf162ddea3518f0613ffae320d8ecc,19910714,男,乜剑,9922,jiheme7ellTuuuNya,297687199107143571
易丝,19890322,eb52bc048455b55fad9d386251a4945b,74619389673,女,iSafeBluelixiuhua,9923,274837198903227385
75772679419,ee01027a94042e88cd95671c3fb45f6c,20161210,9924,蒙项明,男,secwikiTuuuNya,03668120161210383X
ee5052fc0d03e7e5acd8b6f5dd904903,74757266777,女,9925,19710122,chenyanPowerLiu,607797197101227966,平兴怀
女,19870824,9253d8a02ff7e111b0ff227dc68f2a81,955086198708247985,9926,刘烨霖,73924865481,mochazzLteam
Safe6shengqi158,侯立轩,9927,209900200212223566,40fb84582da500d565bd2288f52c52c1,73603993400,20021222,女
74872938887,59abfacfc709292267684abd3c0c5788,292092200111270783,9928,公师恨桃,netCaligo,女,20011127
9929,5164275e060ce726a094517f63d10ed5,296243200202055517,78807729326,20020205,51ctosuper,男,殷臻晰
女,73659963658,韩俊彦,19930313,9930,597739199303130220,linkarticlesforeversong,6bfc84a22a5ec99a926b3cc6639ba62e
徐冠,75740252117,9931,479667201405106787,20140510,女,shiyan520Marblue,806af51386341a2981ce0c0de163fda9
19901230,634770199012307448,38b4242a39faabcd48ab3d4fc00b074f,女,74829418289,屋户泰,9932,liuguiying1phan
78259236730,9933,杨蔚,19810927,52a11f84e00bd07fa14f1efee4f3f3b6,265745198109275279,blackh4tHpdoger,男
530808201810163469,20181016,liuhuilihaiyan,9b92e623d145b1369867e3ac305ba044,女,9934,75925542397,晃谷南
男,20051119,1da7cd67b37b6ba805e745e39b1d50cd,78783358526,9935,wiattackcobbr,387464200511193978,公都成礼
huntingdayphith0n,9936,985534197401069012,伏沛凝,78501980538,男,19740106,ceb28f8d9dba02ea868f97fed55cd3a8
9937,318653198811148212,19881114,弓桃尐,男,e1842ba980199e221fa7bef4bfda7d63,73502053675,quininerretme7DiShen
19990521,公仲知睿,onemeichuandiku,79612205190,9938,a2faa3bf9e9a7faab6938ba9c759e242,188978199905213330,男
e74926f5387d36febcb3ed8c094624d0,19860602,赖元嘉,9939,hacktechSmi1eSEC,男,931343198606022637,79957056708
misiteanquantuanduiMagicBlue,邬怡金,男,9940,281430198805206436,a36aff1df5811bd55c9005bcfd428885,73267675382,19880520
2acbc574deb3e7b0a406fb4f954f0e93,77886518113,男,448920201005056375,巴知睿,Cosmosmicro8,20100505,9941
9942,274180197902197133,zhaoweivirtua1,19790219,07fc320cccc2bffd8e72af2ccdf365cf,弓思茵,男,79945622954
男,b86f4895c91c2d509e956a34cba55ec0,祁一璇,53451820020209491X,smtpwangxiuhua,73601955538,9943,20020209
75299581279,19740710,9944,56ada570a2b46183a1159b352c648e27,须矢,男,daizibukaikouImagemlt,523514197407101375
公晰涵育,77517617849,女,sqlsecchamd5,49426920030508626X,85be7e03d4a8a36431df97e58d131a3b,20030508,9945
zhangchaochenyulan,74757437290,803718eb97d527b9245c000e23a97f18,女,9946,19910830,蒲琳溪,705620199108309245
fuheihuachuantingyu,耿琛瑞,34009420020223867X,74738366427,20020223,男,f182b24742db91b10531ffe19c4b743b,9947
9948,78161108711,男,19771220,葛睿好,1b5463f06758062f91858044282dc14c,571580197712200055,carlstarmoxiaoxi
74593516747,weilaveragxgoodboy,女,9949,596610199511086261,齐正雅,19951108,6a08b5a8f9231b910ce0d64f50488dff
infoeternalsakura13,816cc9278148db2e1430f77d3d62c7dd,73146459738,9950,男,554944198708308813,19870830,屯浑云亭
女,77135996438,20171031,9951,暨箫笛,chenjunlishulan,740719201710313186,6277a01f1d1f345bc192627d509fd4c5
963289199511037049,mylamourwangxiumei,9952,a4be0848623cde0f4537ac5cab1a8700,女,公丘建白,19951103,79069786405
78962253612,616383199702236841,苏博容,9953,女,yangxiulanfirebroo,19970223,7aaa8e36ee5bff37fadb3e4f65593f53
897514b553c4895c4000a443aa85dfb0,公齐淑穆,19920727,男,9954,xiaoshenghenmangzhangxue,190977199207270977,78309592560
9955,59fcddbb8af797523e2b222beacc71f1,79637985260,女,19880314,wanghongmeizhangyuying,雍涵易,828533198803145088
毛俊楚,9956,男,e39688385127a63b4a487c86e74f9931,5am3liuyuying,19810618,74744517976,57226119810618143X
tklegendsec,673810199202179550,云巍昂,9957,78148529565,男,1242012671735b8ff6e498b20dcb11fb,19920217
9958,19960331,公祖豪,987578199603313869,wangxiurongonlyfree,78854596787,c84500d904a846ae5ddc5cf636b3b33e,女
男,75745610204,517152202005199957,wangjuanqianlan,9959,阚乐然,20200519,8c6c6b79f843062b2534caf920aab3b7
公广俊明,73860253475,275918200210149932,chenleicool,9960,20021014,511df5e06b8b2d592600bd5863bcde03,男
984001200902198380,女,9961,华牧歌,73707819285,20090219,blogspotliuchang,3fdddb0d2db82a5c51e251d2243aaf53
男,79613689043,760665198101070811,Seebugb1cx,9962,禄博丽,a880ed0fadf6ac5b7f3dd7ee0a2d216b,19810107
yangfangmars,19810410,女,董金玉,78781911742,e9d5a2993aa2797089d4bea4aec6bc08,565113198104102560,9963
716363198807291410,19880729,男,庄澜,9964,3a8a4859a93dab6b0a5fec256501c25a,lishuyingk1n9,79986625997
352aca6a5624b7e839971bc366746c25,117443200310037168,74055137966,9965,anonymousHpdoger,20031003,冯恨寒,女
19850610,971296198506108534,男,77386324477,9966,1a100d2c0dab19c4430e7d73762b3423,yangliniami,广沛凝
20141015,256375201410156076,5e8667a439c68f5145dd2fcbecf02209,77718430812,9967,flanker017sanhaoxuesheng,男,瞿云心
9968,19980414,061061199804141251,73171625209,男,zeroyuj0k3r,d020d81fca9f29653170c20bb1080cd8,公刘曜儿
9969,wangyuzhenliqin,39544d02e94ac3fd18710eb718bb5447,丁若自强,20200814,77409310471,127959202008140024,女
尤坚秉,l3m0nEkkkkkkko,女,19880223,9970,e49c273195c90aef2e63784e8777e3c4,79352778989,387100198802234321
19851030,男,77149927150,57d00f7debcbbbbecbad29ae0276c89d,848523198510302458,v4kst1zverazuo,9971,马信瑞
2391bc136bff0d304613132521ccc7fa,19850805,籍安晏,9972,0dayleanote,308012198508052566,女,75867146229
9973,1cab76f63b0cc2b94598332048924594,atum4ch12dy,96848419800730037X,堵烁,74870221415,男,19800730
68145d53c18965075dd9b034acdd109a,男,gv7zhoujing,景梓燕,19791106,9974,78724627885,871545197911062259
88485920200329257X,男,信平飞文,20200329,9975,78640489590,73423cd7a3ae2b77832789ff7822dadd,bywalkszhaoxiuying
公朱秀颖,9bde30cc715f9bc4fe4369bc91ef0c7b,zhangyuhualibin,78599934954,19960318,249387199603181784,女,9976
9977,73259549863,19711005,ee99c5bb0bad8213b5f296975614b7aa,男,214237197110050737,糜从露,Muras4kibabyJessicadongnandaxuewangluoanquanlianmeng
20111213,男,9978,036321201112130433,73194671813,dm123dayu,工偻铎,da5b651f220179ebe414396e784704c8
沈颖秀,男,19891109,74695034821,b042e67eeffe4b4711251a6ab54c1a44,9979,Cyru1swangjun,239239198911094516
男,Processorwangguiying,20150314,9980,428078201503149779,f77946d4240038ff0d13f81ec1bfe360,连庆,75245206214
范炅,9981,c4a32e51465d6a71fd92a2e963bc514d,73964476162,女,799145198509107981,iceHPatrilic,19850910
Jayl1nshasibite,9982,20031024,998088200310247056,男,79025895750,公箫笛,d697818aeae5a7abf07ccc9c028d9b75
strcpyyangling,75828055133,9983,20080318,9b8c76b372d6b8a814dffb3bafd510b2,侍其伟娜,793429200803184022,女
19930107,女,319468199301079228,9984,zhaoxiuyinggorgiaxx,ab50c5be547f942de6697cdccc9faa03,公襄志泽,77580969178
向弘懿,6bdbacea6840756620b6308a065795ef,79598989262,女,9985,TomatoTom4t0Lovegood,698961201612197667,20161219
fff34b5f575c8863f7bcfcc501d22868,9986,20100223,hackfunGeez,313075201002232620,女,宿伟才,73069131237
73488835997,838330199002270360,19900227,46a9c00d228db6ea3d3765a5ec5490e3,女,9987,甄庭,wangpingmachao
9988,酆和同,男,66f05dc093f018c18f25dce05c5f5a6b,78890915918,186285201606232375,20160623,securitywuwangxiurong
19810701,衡泽,2ec21ba35e3eee32f5430f3eea9a9839,75313551239,9989,31779519810701362X,wangxusvn,女
男,ededfae17f1971e863774fc1a109f38f,78426454314,9990,577473197711085450,厍冰心,19771108,wanglongxiaoshenghenmang
653846200708103033,yangyangtest,79553114729,昌阔,20070810,afdb0bd1b63293616dd2ca7af7f685d1,男,9991
72304c8d2c0633d256e1474fa02c5b51,熊寒荷,BrieflyXDM,女,79601553987,005395198709227629,9992,19870922
辛双玉,77193605055,klionzhangxiurong,20110903,472704201109039261,女,95471e2c18ad5aaa6172ec634f6353d8,9993
01026919980204437X,85aecc9ca6cf6cad27961766aa47c45c,suifeng404notf0und,73275274578,郝炫明,9994,19980204,男
82419819840730262X,9995,e383b2a751a775e782d31be7bc681f41,杨刖颖,19840730,lixindesign,女,79081357498
wangxuredrain,9996,880574197101073186,莘许洌,78939727148,935d154ef543fa5d4757fb734731874b,19710107,女
20150105,lijianguosecice,邵星剑,7a5ca5b5d4c8e988c7016bcad0e834de,117769201501057465,9997,女,73522836184
78987903114,9998,nearglesk15,男,19810827,72671c4172a5dc1adbf2d530ae0d5613,公输楚楚,123936198108279819
b32dda4de57d419c95d663d8b74049d2,女,易飞荷,73587617342,9999,012407201909261722,20190926,pav1retme
女,boyhackXishir,10000,74595098425,793148201808274761,20180827,3fdb38235d0bb5fab9a5a41534fa4c15,贝灏